year,month,carrier,carrier_name,airport,airport_name,arr_flights,arr_del15,carrier_ct,weather_ct
2020,12,9E,Endeavor Air Inc.,ABE,"Allentown/Bethlehem/Easton, PA: Lehigh Valley International",44,3,1.63,0
2020,12,9E,Endeavor Air Inc.,ABY,"Albany, GA: Southwest Georgia Regional",90,1,0.96,0
2020,12,9E,Endeavor Air Inc.,AEX,"Alexandria, LA: Alexandria International",88,8,5.75,0
2020,12,9E,Endeavor Air Inc.,AGS,"Augusta, GA: Augusta Regional at Bush Field",184,9,4.17,0
2020,12,9E,Endeavor Air Inc.,ALB,"Albany, NY: Albany International",76,11,4.78,0
2020,12,9E,Endeavor Air Inc.,ATL,"Atlanta, GA: Hartsfield-Jackson Atlanta International",5985,445,142.89,11.96
2020,12,9E,Endeavor Air Inc.,ATW,"Appleton, WI: Appleton International",142,14,5.36,0
2020,12,9E,Endeavor Air Inc.,AVL,"Asheville, NC: Asheville Regional",147,10,6.04,1
2020,12,9E,Endeavor Air Inc.,AZO,"Kalamazoo, MI: Kalamazoo/Battle Creek International",84,14,6.24,0.96
2020,12,9E,Endeavor Air Inc.,BDL,"Hartford, CT: Bradley International",150,19,5.7,0
2020,12,9E,Endeavor Air Inc.,BHM,"Birmingham, AL: Birmingham-Shuttlesworth International",123,9,6.82,0
2020,12,9E,Endeavor Air Inc.,BIS,"Bismarck/Mandan, ND: Bismarck Municipal",25,7,0.34,0
2020,12,9E,Endeavor Air Inc.,BMI,"Bloomington/Normal, IL: Central Il Regional Airport at Bloomington",59,5,3.15,0
2020,12,9E,Endeavor Air Inc.,BNA,"Nashville, TN: Nashville International",2,1,0,0
2020,12,9E,Endeavor Air Inc.,BOS,"Boston, MA: Logan International",21,3,1,0.71
2020,12,9E,Endeavor Air Inc.,BQK,"Brunswick, GA: Brunswick Golden Isles",90,6,3.8,0
2020,12,9E,Endeavor Air Inc.,BTR,"Baton Rouge, LA: Baton Rouge Metropolitan/Ryan Field",115,5,4.82,0
2020,12,9E,Endeavor Air Inc.,BTV,"Burlington, VT: Burlington International",90,10,3.06,0.85
2020,12,9E,Endeavor Air Inc.,BUF,"Buffalo, NY: Buffalo Niagara International",14,1,1,0
2020,12,9E,Endeavor Air Inc.,BWI,"Baltimore, MD: Baltimore/Washington International Thurgood Marshall",96,17,8.5,0
2020,12,9E,Endeavor Air Inc.,CAE,"Columbia, SC: Columbia Metropolitan",106,5,3.7,0
2020,12,9E,Endeavor Air Inc.,CHA,"Chattanooga, TN: Lovell Field",213,12,6.42,2.96
2020,12,9E,Endeavor Air Inc.,CHO,"Charlottesville, VA: Charlottesville Albemarle",86,1,0.59,0
2020,12,9E,Endeavor Air Inc.,CHS,"Charleston, SC: Charleston AFB/International",61,6,3.03,0
2020,12,9E,Endeavor Air Inc.,CID,"Cedar Rapids/Iowa City, IA: The Eastern Iowa",11,0,0,0
2020,12,9E,Endeavor Air Inc.,CLE,"Cleveland, OH: Cleveland-Hopkins International",74,12,2.57,0.96
2020,12,9E,Endeavor Air Inc.,CLT,"Charlotte, NC: Charlotte Douglas International",42,1,1,0
2020,12,9E,Endeavor Air Inc.,CMH,"Columbus, OH: John Glenn Columbus International",84,8,2.44,0
2020,12,9E,Endeavor Air Inc.,CRW,"Charleston/Dunbar, WV: Yeager",113,8,6,1
2020,12,9E,Endeavor Air Inc.,CSG,"Columbus, GA: Columbus Airport",99,6,2.45,0.97
2020,12,9E,Endeavor Air Inc.,CVG,"Cincinnati, OH: Cincinnati/Northern Kentucky International",381,43,6.09,1.33
2020,12,9E,Endeavor Air Inc.,CWA,"Mosinee, WI: Central Wisconsin",88,14,6.16,0
2020,12,9E,Endeavor Air Inc.,DAL,"Dallas, TX: Dallas Love Field",39,6,0.09,0
2020,12,9E,Endeavor Air Inc.,DAY,"Dayton, OH: James M Cox/Dayton International",176,17,4.89,0
2020,12,9E,Endeavor Air Inc.,DCA,"Washington, DC: Ronald Reagan Washington National",37,1,0,0
2020,12,9E,Endeavor Air Inc.,DFW,"Dallas/Fort Worth, TX: Dallas/Fort Worth International",83,8,1.5,0
2020,12,9E,Endeavor Air Inc.,DHN,"Dothan, AL: Dothan Regional",101,10,4.79,0
2020,12,9E,Endeavor Air Inc.,DLH,"Duluth, MN: Duluth International",122,11,5.94,0
2020,12,9E,Endeavor Air Inc.,DSM,"Des Moines, IA: Des Moines International",232,28,8.05,3.63
2020,12,9E,Endeavor Air Inc.,DTW,"Detroit, MI: Detroit Metro Wayne County",2312,197,53.67,1.92
2020,12,9E,Endeavor Air Inc.,ECP,"Panama City, FL: Northwest Florida Beaches International",39,5,1.96,0
2020,12,9E,Endeavor Air Inc.,ELM,"Elmira/Corning, NY: Elmira/Corning Regional",52,5,2.55,0
2020,12,9E,Endeavor Air Inc.,EVV,"Evansville, IN: Evansville Regional",143,6,2.92,0
2020,12,9E,Endeavor Air Inc.,EWR,"Newark, NJ: Newark Liberty International",175,23,12.71,1.9
2020,12,9E,Endeavor Air Inc.,FAR,"Fargo, ND: Hector International",91,8,4,0
2020,12,9E,Endeavor Air Inc.,FAY,"Fayetteville, NC: Fayetteville Regional/Grannis Field",112,5,3.05,0
2020,12,9E,Endeavor Air Inc.,FLL,"Fort Lauderdale, FL: Fort Lauderdale-Hollywood International",53,5,1.96,0
2020,12,9E,Endeavor Air Inc.,FSD,"Sioux Falls, SD: Joe Foss Field",123,15,3.69,0
2020,12,9E,Endeavor Air Inc.,FWA,"Fort Wayne, IN: Fort Wayne International",83,7,3.64,0
2020,12,9E,Endeavor Air Inc.,GFK,"Grand Forks, ND: Grand Forks International",14,3,1.85,0
2020,12,9E,Endeavor Air Inc.,GNV,"Gainesville, FL: Gainesville Regional",115,8,4.19,0
2020,12,9E,Endeavor Air Inc.,GPT,"Gulfport/Biloxi, MS: Gulfport-Biloxi International",142,8,3.51,0
2020,12,9E,Endeavor Air Inc.,GRB,"Green Bay, WI: Green Bay Austin Straubel International",218,20,9.62,0
2020,12,9E,Endeavor Air Inc.,GRR,"Grand Rapids, MI: Gerald R. Ford International",203,23,7.05,1
2020,12,9E,Endeavor Air Inc.,GSO,"Greensboro/High Point, NC: Piedmont Triad International",184,8,4.4,0
2020,12,9E,Endeavor Air Inc.,GSP,"Greer, SC: Greenville-Spartanburg International",54,10,8.12,0
2020,12,9E,Endeavor Air Inc.,GTR,"Columbus, MS: Golden Triangle Regional",86,7,6.99,0
2020,12,9E,Endeavor Air Inc.,HOU,"Houston, TX: William P Hobby",148,21,6.2,0
2020,12,9E,Endeavor Air Inc.,HSV,"Huntsville, AL: Huntsville International-Carl T Jones Field",174,4,2.88,0.19
2020,12,9E,Endeavor Air Inc.,IAD,"Washington, DC: Washington Dulles International",12,1,1,0
2020,12,9E,Endeavor Air Inc.,ICT,"Wichita, KS: Wichita Dwight D Eisenhower National",120,9,2.68,0
2020,12,9E,Endeavor Air Inc.,ILM,"Wilmington, NC: Wilmington International",116,4,2.21,0
2020,12,9E,Endeavor Air Inc.,IND,"Indianapolis, IN: Indianapolis International",110,6,0.25,0
2020,12,9E,Endeavor Air Inc.,JAN,"Jackson/Vicksburg, MS: Jackson Medgar Wiley Evers International",144,5,4.63,0
2020,12,9E,Endeavor Air Inc.,JAX,"Jacksonville, FL: Jacksonville International",29,3,1.68,0
2020,12,9E,Endeavor Air Inc.,JFK,"New York, NY: John F. Kennedy International",269,31,9.92,1.27
2020,12,9E,Endeavor Air Inc.,LAN,"Lansing, MI: Capital Region International",51,9,1.77,0
2020,12,9E,Endeavor Air Inc.,LEX,"Lexington, KY: Blue Grass",179,14,6.36,0
2020,12,9E,Endeavor Air Inc.,LFT,"Lafayette, LA: Lafayette Regional Paul Fournet Field",130,3,1.69,0
2020,12,9E,Endeavor Air Inc.,LGA,"New York, NY: LaGuardia",55,5,1,0.68
2020,12,9E,Endeavor Air Inc.,LIT,"Little Rock, AR: Bill and Hillary Clinton Nat Adams Field",114,10,7.54,0.43
2020,12,9E,Endeavor Air Inc.,MBS,"Saginaw/Bay City/Midland, MI: MBS International",90,15,4.59,0
2020,12,9E,Endeavor Air Inc.,MCI,"Kansas City, MO: Kansas City International",16,0,0,0
2020,12,9E,Endeavor Air Inc.,MCO,"Orlando, FL: Orlando International",62,7,4.77,0
2020,12,9E,Endeavor Air Inc.,MDT,"Harrisburg, PA: Harrisburg International",149,10,0.93,0
2020,12,9E,Endeavor Air Inc.,MEM,"Memphis, TN: Memphis International",118,17,9.7,0
2020,12,9E,Endeavor Air Inc.,MGM,"Montgomery, AL: Montgomery Regional",122,14,10.75,0
2020,12,9E,Endeavor Air Inc.,MIA,"Miami, FL: Miami International",4,0,0,0
2020,12,9E,Endeavor Air Inc.,MKE,"Milwaukee, WI: General Mitchell International",16,3,1,0
2020,12,9E,Endeavor Air Inc.,MLI,"Moline, IL: Quad City International",60,4,1.37,0
2020,12,9E,Endeavor Air Inc.,MLU,"Monroe, LA: Monroe Regional",87,6,5.56,0
2020,12,9E,Endeavor Air Inc.,MOB,"Mobile, AL: Mobile Regional",119,8,7.07,0
2020,12,9E,Endeavor Air Inc.,MOT,"Minot, ND: Minot International",145,23,9.33,0
2020,12,9E,Endeavor Air Inc.,MSN,"Madison, WI: Dane County Regional-Truax Field",180,13,3,0
2020,12,9E,Endeavor Air Inc.,MSP,"Minneapolis, MN: Minneapolis-St Paul International",2244,217,52.01,13.97
2020,12,9E,Endeavor Air Inc.,MSY,"New Orleans, LA: Louis Armstrong New Orleans International",1,0,0,0
2020,12,9E,Endeavor Air Inc.,MYR,"Myrtle Beach, SC: Myrtle Beach International",119,6,3,0
2020,12,9E,Endeavor Air Inc.,OAJ,"Jacksonville/Camp Lejeune, NC: Albert J Ellis",113,5,1.75,0.97
2020,12,9E,Endeavor Air Inc.,OKC,"Oklahoma City, OK: Will Rogers World",99,10,5.81,0
2020,12,9E,Endeavor Air Inc.,OMA,"Omaha, NE: Eppley Airfield",135,18,5.21,0
2020,12,9E,Endeavor Air Inc.,ORD,"Chicago, IL: Chicago O'Hare International",72,4,0,0
2020,12,9E,Endeavor Air Inc.,ORF,"Norfolk, VA: Norfolk International",90,13,5.23,0
2020,12,9E,Endeavor Air Inc.,PHL,"Philadelphia, PA: Philadelphia International",158,19,4.63,0.01
2020,12,9E,Endeavor Air Inc.,PIT,"Pittsburgh, PA: Pittsburgh International",11,3,1,0
2020,12,9E,Endeavor Air Inc.,RAP,"Rapid City, SD: Rapid City Regional",12,2,0,0
2020,12,9E,Endeavor Air Inc.,RDU,"Raleigh/Durham, NC: Raleigh-Durham International",315,42,15.78,0
2020,12,9E,Endeavor Air Inc.,RIC,"Richmond, VA: Richmond International",16,1,0.88,0
2020,12,9E,Endeavor Air Inc.,ROA,"Roanoke, VA: Roanoke Blacksburg Regional Woodrum Field",83,4,3,1
2020,12,9E,Endeavor Air Inc.,ROC,"Rochester, NY: Greater Rochester International",121,18,4.61,1.22
2020,12,9E,Endeavor Air Inc.,RST,"Rochester, MN: Rochester International",118,14,5.18,0
2020,12,9E,Endeavor Air Inc.,RSW,"Fort Myers, FL: Southwest Florida International",3,3,0,0.52
2020,12,9E,Endeavor Air Inc.,SAV,"Savannah, GA: Savannah/Hilton Head International",89,11,2.71,0.28
2020,12,9E,Endeavor Air Inc.,SBN,"South Bend, IN: South Bend International",84,3,1.69,0
2020,12,9E,Endeavor Air Inc.,SDF,"Louisville, KY: Louisville Muhammad Ali International",31,3,0.9,0
2020,12,9E,Endeavor Air Inc.,SGF,"Springfield, MO: Springfield-Branson National",91,3,0,0
2020,12,9E,Endeavor Air Inc.,SHV,"Shreveport, LA: Shreveport Regional",114,7,3.05,0
2020,12,9E,Endeavor Air Inc.,SRQ,"Sarasota/Bradenton, FL: Sarasota/Bradenton International",14,2,0,0
2020,12,9E,Endeavor Air Inc.,STL,"St. Louis, MO: St Louis Lambert International",124,18,1.76,0
2020,12,9E,Endeavor Air Inc.,SYR,"Syracuse, NY: Syracuse Hancock International",114,12,4.13,0.12
2020,12,9E,Endeavor Air Inc.,TLH,"Tallahassee, FL: Tallahassee International",61,1,0.78,0
2020,12,9E,Endeavor Air Inc.,TPA,"Tampa, FL: Tampa International",28,4,1.56,0
2020,12,9E,Endeavor Air Inc.,TRI,"Bristol/Johnson City/Kingsport, TN: Tri Cities",123,9,5.04,1
2020,12,9E,Endeavor Air Inc.,TUL,"Tulsa, OK: Tulsa International",87,5,1.88,0
2020,12,9E,Endeavor Air Inc.,TYS,"Knoxville, TN: McGhee Tyson",265,21,11.76,1.21
2020,12,9E,Endeavor Air Inc.,VLD,"Valdosta, GA: Valdosta Regional",91,6,1.81,0
2020,12,9E,Endeavor Air Inc.,VPS,"Valparaiso, FL: Eglin AFB Destin Fort Walton Beach",82,4,2.67,0
2020,12,9E,Endeavor Air Inc.,XNA,"Fayetteville, AR: Northwest Arkansas Regional",111,4,1.79,1
2020,12,AA,American Airlines Inc.,ABQ,"Albuquerque, NM: Albuquerque International Sunport",31,6,3.06,0
2020,12,AA,American Airlines Inc.,ATL,"Atlanta, GA: Hartsfield-Jackson Atlanta International",373,35,21.15,0
2020,12,AA,American Airlines Inc.,AUS,"Austin, TX: Austin - Bergstrom International",380,48,18.17,0.4
2020,12,AA,American Airlines Inc.,BDL,"Hartford, CT: Bradley International",100,10,3.15,0
2020,12,AA,American Airlines Inc.,BNA,"Nashville, TN: Nashville International",319,31,15.35,0.27
2020,12,AA,American Airlines Inc.,BOI,"Boise, ID: Boise Air Terminal",50,10,3.89,0
2020,12,AA,American Airlines Inc.,BOS,"Boston, MA: Logan International",711,72,27.9,8.74
2020,12,AA,American Airlines Inc.,BUF,"Buffalo, NY: Buffalo Niagara International",2,0,0,0
2020,12,AA,American Airlines Inc.,BUR,"Burbank, CA: Bob Hope",29,6,3.46,0
2020,12,AA,American Airlines Inc.,BWI,"Baltimore, MD: Baltimore/Washington International Thurgood Marshall",240,28,12.76,0
2020,12,AA,American Airlines Inc.,BZN,"Bozeman, MT: Bozeman Yellowstone International",51,14,5.07,0
2020,12,AA,American Airlines Inc.,CHS,"Charleston, SC: Charleston AFB/International",73,14,5.42,0
2020,12,AA,American Airlines Inc.,CLE,"Cleveland, OH: Cleveland-Hopkins International",130,29,12.45,0
2020,12,AA,American Airlines Inc.,CLT,"Charlotte, NC: Charlotte Douglas International",5008,388,151.42,9.87
2020,12,AA,American Airlines Inc.,CMH,"Columbus, OH: John Glenn Columbus International",132,21,8.35,0.76
2020,12,AA,American Airlines Inc.,COS,"Colorado Springs, CO: City of Colorado Springs Municipal",85,22,10.72,0
2020,12,AA,American Airlines Inc.,CVG,"Cincinnati, OH: Cincinnati/Northern Kentucky International",39,3,2,0
2020,12,AA,American Airlines Inc.,DCA,"Washington, DC: Ronald Reagan Washington National",788,54,23.92,1.39
2020,12,AA,American Airlines Inc.,DEN,"Denver, CO: Denver International",588,82,36.97,1.41
2020,12,AA,American Airlines Inc.,DFW,"Dallas/Fort Worth, TX: Dallas/Fort Worth International",7959,1178,279.77,29.74
2020,12,AA,American Airlines Inc.,DTW,"Detroit, MI: Detroit Metro Wayne County",146,23,9.07,0.53
2020,12,AA,American Airlines Inc.,EGE,"Eagle, CO: Eagle County Regional",109,26,3.66,0.35
2020,12,AA,American Airlines Inc.,ELP,"El Paso, TX: El Paso International",40,4,3.51,0
2020,12,AA,American Airlines Inc.,EWR,"Newark, NJ: Newark Liberty International",267,19,11.28,1
2020,12,AA,American Airlines Inc.,EYW,"Key West, FL: Key West International",88,11,6.69,0
2020,12,AA,American Airlines Inc.,FAT,"Fresno, CA: Fresno Yosemite International",79,11,3.3,0.17
2020,12,AA,American Airlines Inc.,FLL,"Fort Lauderdale, FL: Fort Lauderdale-Hollywood International",478,53,24.77,0.33
2020,12,AA,American Airlines Inc.,GEG,"Spokane, WA: Spokane International",119,20,9.54,0
2020,12,AA,American Airlines Inc.,GRR,"Grand Rapids, MI: Gerald R. Ford International",63,4,0.06,0
2020,12,AA,American Airlines Inc.,GSO,"Greensboro/High Point, NC: Piedmont Triad International",44,4,2.8,0
2020,12,AA,American Airlines Inc.,GUC,"Gunnison, CO: Gunnison-Crested Butte Regional",12,3,2.63,0
2020,12,AA,American Airlines Inc.,HDN,"Hayden, CO: Yampa Valley",26,6,1,0
2020,12,AA,American Airlines Inc.,HNL,"Honolulu, HI: Daniel K Inouye International",172,29,16.26,0
2020,12,AA,American Airlines Inc.,IAD,"Washington, DC: Washington Dulles International",47,10,5.11,0
2020,12,AA,American Airlines Inc.,IAH,"Houston, TX: George Bush Intercontinental/Houston",195,38,19.21,0
2020,12,AA,American Airlines Inc.,ILM,"Wilmington, NC: Wilmington International",31,2,2,0
2020,12,AA,American Airlines Inc.,IND,"Indianapolis, IN: Indianapolis International",108,14,6.44,0
2020,12,AA,American Airlines Inc.,JAC,"Jackson, WY: Jackson Hole",89,18,8.21,0
2020,12,AA,American Airlines Inc.,JAX,"Jacksonville, FL: Jacksonville International",233,38,19.22,1
2020,12,AA,American Airlines Inc.,JFK,"New York, NY: John F. Kennedy International",336,35,20.81,1.86
2020,12,AA,American Airlines Inc.,KOA,"Kona, HI: Ellison Onizuka Kona International at Keahole",78,10,4.62,0
2020,12,AA,American Airlines Inc.,LAS,"Las Vegas, NV: McCarran International",714,73,36.26,0.23
2020,12,AA,American Airlines Inc.,LAX,"Los Angeles, CA: Los Angeles International",1287,114,55.48,3.22
2020,12,AA,American Airlines Inc.,LGA,"New York, NY: LaGuardia",554,42,19.7,0.48
2020,12,AA,American Airlines Inc.,LIH,"Lihue, HI: Lihue Airport",13,0,0,0
2020,12,AA,American Airlines Inc.,MCI,"Kansas City, MO: Kansas City International",2,0,0,0
2020,12,AA,American Airlines Inc.,MCO,"Orlando, FL: Orlando International",879,91,56.95,1.83
2020,12,AA,American Airlines Inc.,MEM,"Memphis, TN: Memphis International",61,5,2.7,0
2020,12,AA,American Airlines Inc.,MIA,"Miami, FL: Miami International",2415,233,119.46,7.96
2020,12,AA,American Airlines Inc.,MKE,"Milwaukee, WI: General Mitchell International",7,0,0,0
2020,12,AA,American Airlines Inc.,MSP,"Minneapolis, MN: Minneapolis-St Paul International",208,28,13.43,0.44
2020,12,AA,American Airlines Inc.,MSY,"New Orleans, LA: Louis Armstrong New Orleans International",223,27,14.42,0
2020,12,AA,American Airlines Inc.,MTJ,"Montrose/Delta, CO: Montrose Regional",59,4,1.37,0
2020,12,AA,American Airlines Inc.,MYR,"Myrtle Beach, SC: Myrtle Beach International",16,0,0,0
2020,12,AA,American Airlines Inc.,OGG,"Kahului, HI: Kahului Airport",129,24,10.43,0
2020,12,AA,American Airlines Inc.,OKC,"Oklahoma City, OK: Will Rogers World",53,9,3.98,0
2020,12,AA,American Airlines Inc.,OMA,"Omaha, NE: Eppley Airfield",14,0,0,0
2020,12,AA,American Airlines Inc.,ONT,"Ontario, CA: Ontario International",134,17,3.98,0
2020,12,AA,American Airlines Inc.,ORD,"Chicago, IL: Chicago O'Hare International",1967,177,66.23,4.65
2020,12,AA,American Airlines Inc.,ORF,"Norfolk, VA: Norfolk International",91,12,5.45,0
2020,12,AA,American Airlines Inc.,PBI,"West Palm Beach/Palm Beach, FL: Palm Beach International",321,38,13.54,0
2020,12,AA,American Airlines Inc.,PDX,"Portland, OR: Portland International",214,30,13.63,0.53
2020,12,AA,American Airlines Inc.,PHL,"Philadelphia, PA: Philadelphia International",1551,161,66.44,2.52
2020,12,AA,American Airlines Inc.,PHX,"Phoenix, AZ: Phoenix Sky Harbor International",2419,228,93.73,8.22
2020,12,AA,American Airlines Inc.,PIT,"Pittsburgh, PA: Pittsburgh International",162,30,12.23,0.65
2020,12,AA,American Airlines Inc.,PSP,"Palm Springs, CA: Palm Springs International",108,11,6.92,0.09
2020,12,AA,American Airlines Inc.,PVD,"Providence, RI: Theodore Francis Green State",13,1,0,0
2020,12,AA,American Airlines Inc.,PWM,"Portland, ME: Portland International Jetport",52,6,4.1,0
2020,12,AA,American Airlines Inc.,RDU,"Raleigh/Durham, NC: Raleigh-Durham International",249,24,13.55,0.05
2020,12,AA,American Airlines Inc.,RIC,"Richmond, VA: Richmond International",93,17,9.51,0
2020,12,AA,American Airlines Inc.,RNO,"Reno, NV: Reno/Tahoe International",110,7,3.25,0.65
2020,12,AA,American Airlines Inc.,RSW,"Fort Myers, FL: Southwest Florida International",378,53,22.73,0.41
2020,12,AA,American Airlines Inc.,SAN,"San Diego, CA: San Diego International",434,54,19.78,0
2020,12,AA,American Airlines Inc.,SAT,"San Antonio, TX: San Antonio International",329,50,23.54,0.6
2020,12,AA,American Airlines Inc.,SAV,"Savannah, GA: Savannah/Hilton Head International",1,0,0,0
2020,12,AA,American Airlines Inc.,SEA,"Seattle, WA: Seattle/Tacoma International",337,34,13.72,0
2020,12,AA,American Airlines Inc.,SFO,"San Francisco, CA: San Francisco International",443,37,12.81,0.61
2020,12,AA,American Airlines Inc.,SJC,"San Jose, CA: Norman Y. Mineta San Jose International",139,16,8.69,0
2020,12,AA,American Airlines Inc.,SJU,"San Juan, PR: Luis Munoz Marin International",269,33,25.75,0.13
2020,12,AA,American Airlines Inc.,SLC,"Salt Lake City, UT: Salt Lake City International",223,29,12.07,0
2020,12,AA,American Airlines Inc.,SMF,"Sacramento, CA: Sacramento International",225,20,8.45,0.19
2020,12,AA,American Airlines Inc.,SNA,"Santa Ana, CA: John Wayne Airport-Orange County",282,28,8.34,0.4
2020,12,AA,American Airlines Inc.,SRQ,"Sarasota/Bradenton, FL: Sarasota/Bradenton International",58,2,1.18,0
2020,12,AA,American Airlines Inc.,STL,"St. Louis, MO: St Louis Lambert International",238,21,8.91,0.84
2020,12,AA,American Airlines Inc.,STT,"Charlotte Amalie, VI: Cyril E King",195,18,8.89,0
2020,12,AA,American Airlines Inc.,STX,"Christiansted, VI: Henry E. Rohlsen",70,5,2.25,0
2020,12,AA,American Airlines Inc.,TPA,"Tampa, FL: Tampa International",591,55,25.15,0.42
2020,12,AA,American Airlines Inc.,TUL,"Tulsa, OK: Tulsa International",136,13,4.86,1
2020,12,AA,American Airlines Inc.,TUS,"Tucson, AZ: Tucson International",182,21,14.27,0
2020,12,AS,Alaska Airlines Inc.,ABQ,"Albuquerque, NM: Albuquerque International Sunport",31,4,3.08,0
2020,12,AS,Alaska Airlines Inc.,ADK,"Adak Island, AK: Adak",9,8,0.25,0.69
2020,12,AS,Alaska Airlines Inc.,ADQ,"Kodiak, AK: Kodiak Airport",43,5,3.99,0
2020,12,AS,Alaska Airlines Inc.,ANC,"Anchorage, AK: Ted Stevens Anchorage International",715,106,20.1,3.52
2020,12,AS,Alaska Airlines Inc.,ATL,"Atlanta, GA: Hartsfield-Jackson Atlanta International",31,2,0,0
2020,12,AS,Alaska Airlines Inc.,AUS,"Austin, TX: Austin - Bergstrom International",42,6,2,0.3
2020,12,AS,Alaska Airlines Inc.,BET,"Bethel, AK: Bethel Airport",47,5,1.9,0
2020,12,AS,Alaska Airlines Inc.,BNA,"Nashville, TN: Nashville International",47,0,0,0
2020,12,AS,Alaska Airlines Inc.,BOI,"Boise, ID: Boise Air Terminal",61,1,0,1
2020,12,AS,Alaska Airlines Inc.,BOS,"Boston, MA: Logan International",60,7,0,0.29
2020,12,AS,Alaska Airlines Inc.,BRW,"Barrow, AK: Wiley Post/Will Rogers Memorial",30,5,2.24,0
2020,12,AS,Alaska Airlines Inc.,BUR,"Burbank, CA: Bob Hope",61,2,1,0
2020,12,AS,Alaska Airlines Inc.,BWI,"Baltimore, MD: Baltimore/Washington International Thurgood Marshall",31,3,1.97,0
2020,12,AS,Alaska Airlines Inc.,CDB,"Cold Bay, AK: Cold Bay Airport",18,9,0.7,1.37
2020,12,AS,Alaska Airlines Inc.,CDV,"Cordova, AK: Merle K Mudhole Smith",60,15,1.63,2
2020,12,AS,Alaska Airlines Inc.,CHS,"Charleston, SC: Charleston AFB/International",27,2,0.5,0
2020,12,AS,Alaska Airlines Inc.,CMH,"Columbus, OH: John Glenn Columbus International",20,0,0,0
2020,12,AS,Alaska Airlines Inc.,DAL,"Dallas, TX: Dallas Love Field",31,0,0,0
2020,12,AS,Alaska Airlines Inc.,DCA,"Washington, DC: Ronald Reagan Washington National",62,4,2.43,0
2020,12,AS,Alaska Airlines Inc.,DEN,"Denver, CO: Denver International",115,13,2,0.14
2020,12,AS,Alaska Airlines Inc.,DFW,"Dallas/Fort Worth, TX: Dallas/Fort Worth International",110,9,2.45,0.25
2020,12,AS,Alaska Airlines Inc.,DTW,"Detroit, MI: Detroit Metro Wayne County",26,3,2,0
2020,12,AS,Alaska Airlines Inc.,EWR,"Newark, NJ: Newark Liberty International",79,2,0,0
2020,12,AS,Alaska Airlines Inc.,FAI,"Fairbanks, AK: Fairbanks International",62,10,2.1,0.53
2020,12,AS,Alaska Airlines Inc.,FLL,"Fort Lauderdale, FL: Fort Lauderdale-Hollywood International",145,11,6.68,0
2020,12,AS,Alaska Airlines Inc.,GEG,"Spokane, WA: Spokane International",106,11,4.82,1
2020,12,AS,Alaska Airlines Inc.,HNL,"Honolulu, HI: Daniel K Inouye International",150,16,4.82,1
2020,12,AS,Alaska Airlines Inc.,IAD,"Washington, DC: Washington Dulles International",31,4,0.76,0.21
2020,12,AS,Alaska Airlines Inc.,IAH,"Houston, TX: George Bush Intercontinental/Houston",31,1,0,0
2020,12,AS,Alaska Airlines Inc.,IND,"Indianapolis, IN: Indianapolis International",24,2,1.76,0
2020,12,AS,Alaska Airlines Inc.,JFK,"New York, NY: John F. Kennedy International",55,4,0,0
2020,12,AS,Alaska Airlines Inc.,JNU,"Juneau, AK: Juneau International",244,28,4.79,7.94
2020,12,AS,Alaska Airlines Inc.,KOA,"Kona, HI: Ellison Onizuka Kona International at Keahole",151,14,3.61,0.67
2020,12,AS,Alaska Airlines Inc.,KTN,"Ketchikan, AK: Ketchikan International",120,16,3.8,2.52
2020,12,AS,Alaska Airlines Inc.,LAS,"Las Vegas, NV: McCarran International",283,14,9.01,0.51
2020,12,AS,Alaska Airlines Inc.,LAX,"Los Angeles, CA: Los Angeles International",500,21,9.38,1.54
2020,12,AS,Alaska Airlines Inc.,LIH,"Lihue, HI: Lihue Airport",50,0,0,0
2020,12,AS,Alaska Airlines Inc.,MCI,"Kansas City, MO: Kansas City International",31,5,0.87,0
2020,12,AS,Alaska Airlines Inc.,MCO,"Orlando, FL: Orlando International",130,8,3.84,0
2020,12,AS,Alaska Airlines Inc.,MKE,"Milwaukee, WI: General Mitchell International",29,0,0,0
2020,12,AS,Alaska Airlines Inc.,MSP,"Minneapolis, MN: Minneapolis-St Paul International",31,1,0,0
2020,12,AS,Alaska Airlines Inc.,MSY,"New Orleans, LA: Louis Armstrong New Orleans International",31,0,0,0
2020,12,AS,Alaska Airlines Inc.,OAK,"Oakland, CA: Metropolitan Oakland International",32,3,0.96,0
2020,12,AS,Alaska Airlines Inc.,OGG,"Kahului, HI: Kahului Airport",214,23,6.27,0
2020,12,AS,Alaska Airlines Inc.,OMA,"Omaha, NE: Eppley Airfield",31,3,0.7,0
2020,12,AS,Alaska Airlines Inc.,OME,"Nome, AK: Nome Airport",30,5,1.54,0.84
2020,12,AS,Alaska Airlines Inc.,ONT,"Ontario, CA: Ontario International",108,1,0,0.38
2020,12,AS,Alaska Airlines Inc.,ORD,"Chicago, IL: Chicago O'Hare International",144,11,1.88,1.38
2020,12,AS,Alaska Airlines Inc.,OTZ,"Kotzebue, AK: Ralph Wien Memorial",30,8,4.69,0
2020,12,AS,Alaska Airlines Inc.,PDX,"Portland, OR: Portland International",733,38,11.62,0.86
2020,12,AS,Alaska Airlines Inc.,PHL,"Philadelphia, PA: Philadelphia International",31,3,0.53,0
2020,12,AS,Alaska Airlines Inc.,PHX,"Phoenix, AZ: Phoenix Sky Harbor International",275,9,4.29,1.66
2020,12,AS,Alaska Airlines Inc.,PIT,"Pittsburgh, PA: Pittsburgh International",24,0,0,0
2020,12,AS,Alaska Airlines Inc.,PSG,"Petersburg, AK: Petersburg James A Johnson",60,15,1.03,4.06
2020,12,AS,Alaska Airlines Inc.,PSP,"Palm Springs, CA: Palm Springs International",214,4,2,0.38
2020,12,AS,Alaska Airlines Inc.,RDU,"Raleigh/Durham, NC: Raleigh-Durham International",31,0,0,0
2020,12,AS,Alaska Airlines Inc.,RSW,"Fort Myers, FL: Southwest Florida International",35,1,0,0
2020,12,AS,Alaska Airlines Inc.,SAN,"San Diego, CA: San Diego International",394,17,6.87,1.44
2020,12,AS,Alaska Airlines Inc.,SAT,"San Antonio, TX: San Antonio International",31,3,0.67,0
2020,12,AS,Alaska Airlines Inc.,SCC,"Deadhorse, AK: Deadhorse Airport",43,16,1.75,7.78
2020,12,AS,Alaska Airlines Inc.,SEA,"Seattle, WA: Seattle/Tacoma International",3812,235,64.4,10.24
2020,12,AS,Alaska Airlines Inc.,SFO,"San Francisco, CA: San Francisco International",213,10,3.7,1.63
2020,12,AS,Alaska Airlines Inc.,SIT,"Sitka, AK: Sitka Rocky Gutierrez",31,6,2.24,0
2020,12,AS,Alaska Airlines Inc.,SJC,"San Jose, CA: Norman Y. Mineta San Jose International",142,8,1.96,0
2020,12,AS,Alaska Airlines Inc.,SLC,"Salt Lake City, UT: Salt Lake City International",15,1,0,0
2020,12,AS,Alaska Airlines Inc.,SMF,"Sacramento, CA: Sacramento International",19,1,0,0.85
2020,12,AS,Alaska Airlines Inc.,SNA,"Santa Ana, CA: John Wayne Airport-Orange County",88,3,0.96,0.22
2020,12,AS,Alaska Airlines Inc.,STL,"St. Louis, MO: St Louis Lambert International",31,0,0,0
2020,12,AS,Alaska Airlines Inc.,TPA,"Tampa, FL: Tampa International",86,3,2.71,0
2020,12,AS,Alaska Airlines Inc.,TUS,"Tucson, AZ: Tucson International",31,1,1,0
2020,12,AS,Alaska Airlines Inc.,WRG,"Wrangell, AK: Wrangell Airport",60,11,0.29,1
2020,12,AS,Alaska Airlines Inc.,YAK,"Yakutat, AK: Yakutat Airport",60,9,0.99,0
2020,12,B6,JetBlue Airways,ABQ,"Albuquerque, NM: Albuquerque International Sunport",11,2,1,0.66
2020,12,B6,JetBlue Airways,ACK,"Nantucket, MA: Nantucket Memorial",12,4,2.12,0
2020,12,B6,JetBlue Airways,ALB,"Albany, NY: Albany International",20,5,2.96,0.86
2020,12,B6,JetBlue Airways,ATL,"Atlanta, GA: Hartsfield-Jackson Atlanta International",104,23,11.88,0
2020,12,B6,JetBlue Airways,AUS,"Austin, TX: Austin - Bergstrom International",122,23,10.15,1.89
2020,12,B6,JetBlue Airways,BDL,"Hartford, CT: Bradley International",182,41,14.9,0
2020,12,B6,JetBlue Airways,BNA,"Nashville, TN: Nashville International",39,4,2,0.78
2020,12,B6,JetBlue Airways,BOS,"Boston, MA: Logan International",1588,324,97.15,2.22
2020,12,B6,JetBlue Airways,BTV,"Burlington, VT: Burlington International",12,3,1.96,0.03
2020,12,B6,JetBlue Airways,BUF,"Buffalo, NY: Buffalo Niagara International",63,16,7.95,1.1
2020,12,B6,JetBlue Airways,BZN,"Bozeman, MT: Bozeman Yellowstone International",12,1,0.01,0
2020,12,B6,JetBlue Airways,CHS,"Charleston, SC: Charleston AFB/International",77,19,8.42,1.42
2020,12,B6,JetBlue Airways,CLE,"Cleveland, OH: Cleveland-Hopkins International",45,5,1.17,0.73
2020,12,B6,JetBlue Airways,CLT,"Charlotte, NC: Charlotte Douglas International",18,5,3.32,0.69
2020,12,B6,JetBlue Airways,DCA,"Washington, DC: Ronald Reagan Washington National",247,44,21.25,1.89
2020,12,B6,JetBlue Airways,DEN,"Denver, CO: Denver International",47,5,1.04,0.47
2020,12,B6,JetBlue Airways,DFW,"Dallas/Fort Worth, TX: Dallas/Fort Worth International",30,10,5.07,1.34
2020,12,B6,JetBlue Airways,DTW,"Detroit, MI: Detroit Metro Wayne County",34,4,1.82,1.36
2020,12,B6,JetBlue Airways,EWR,"Newark, NJ: Newark Liberty International",670,140,55.73,0
2020,12,B6,JetBlue Airways,FLL,"Fort Lauderdale, FL: Fort Lauderdale-Hollywood International",1153,266,97.28,2.93
2020,12,B6,JetBlue Airways,HDN,"Hayden, CO: Yampa Valley",10,3,2.33,0
2020,12,B6,JetBlue Airways,HPN,"White Plains, NY: Westchester County",214,39,14.93,0
2020,12,B6,JetBlue Airways,IAH,"Houston, TX: George Bush Intercontinental/Houston",33,7,2.58,0.18
2020,12,B6,JetBlue Airways,JAX,"Jacksonville, FL: Jacksonville International",91,22,12.94,0
2020,12,B6,JetBlue Airways,JFK,"New York, NY: John F. Kennedy International",1278,249,78.89,0
2020,12,B6,JetBlue Airways,LAS,"Las Vegas, NV: McCarran International",129,21,5.87,1
2020,12,B6,JetBlue Airways,LAX,"Los Angeles, CA: Los Angeles International",505,74,25.21,2.53
2020,12,B6,JetBlue Airways,LGA,"New York, NY: LaGuardia",81,17,5.81,0
2020,12,B6,JetBlue Airways,MCO,"Orlando, FL: Orlando International",954,204,87.47,1.72
2020,12,B6,JetBlue Airways,MSP,"Minneapolis, MN: Minneapolis-St Paul International",20,2,0,1.71
2020,12,B6,JetBlue Airways,MSY,"New Orleans, LA: Louis Armstrong New Orleans International",49,13,5.92,0.27
2020,12,B6,JetBlue Airways,MTJ,"Montrose/Delta, CO: Montrose Regional",6,1,0,0.98
2020,12,B6,JetBlue Airways,ORD,"Chicago, IL: Chicago O'Hare International",57,12,5.26,0.49
2020,12,B6,JetBlue Airways,PBI,"West Palm Beach/Palm Beach, FL: Palm Beach International",366,88,24.27,2.31
2020,12,B6,JetBlue Airways,PDX,"Portland, OR: Portland International",13,2,1.96,0
2020,12,B6,JetBlue Airways,PHL,"Philadelphia, PA: Philadelphia International",142,28,12.85,0
2020,12,B6,JetBlue Airways,PHX,"Phoenix, AZ: Phoenix Sky Harbor International",60,13,2.65,2.34
2020,12,B6,JetBlue Airways,PIT,"Pittsburgh, PA: Pittsburgh International",52,9,4.06,0
2020,12,B6,JetBlue Airways,PSP,"Palm Springs, CA: Palm Springs International",5,1,0.76,0
2020,12,B6,JetBlue Airways,PVD,"Providence, RI: Theodore Francis Green State",82,11,2.42,0
2020,12,B6,JetBlue Airways,RDU,"Raleigh/Durham, NC: Raleigh-Durham International",136,30,16.11,0.47
2020,12,B6,JetBlue Airways,RIC,"Richmond, VA: Richmond International",118,23,10.78,0
2020,12,B6,JetBlue Airways,RNO,"Reno, NV: Reno/Tahoe International",21,2,1,0
2020,12,B6,JetBlue Airways,ROC,"Rochester, NY: Greater Rochester International",32,10,6.2,0
2020,12,B6,JetBlue Airways,RSW,"Fort Myers, FL: Southwest Florida International",367,60,19.93,1.65
2020,12,B6,JetBlue Airways,SAN,"San Diego, CA: San Diego International",85,19,6.76,4.83
2020,12,B6,JetBlue Airways,SAV,"Savannah, GA: Savannah/Hilton Head International",45,11,6.94,1.9
2020,12,B6,JetBlue Airways,SEA,"Seattle, WA: Seattle/Tacoma International",37,7,3.44,0.48
2020,12,B6,JetBlue Airways,SFO,"San Francisco, CA: San Francisco International",167,25,10.36,1.98
2020,12,B6,JetBlue Airways,SJU,"San Juan, PR: Luis Munoz Marin International",708,167,79.18,4.08
2020,12,B6,JetBlue Airways,SLC,"Salt Lake City, UT: Salt Lake City International",84,18,5.22,0.32
2020,12,B6,JetBlue Airways,SMF,"Sacramento, CA: Sacramento International",13,4,0,0.15
2020,12,B6,JetBlue Airways,SRQ,"Sarasota/Bradenton, FL: Sarasota/Bradenton International",53,10,3.23,1.4
2020,12,B6,JetBlue Airways,STT,"Charlotte Amalie, VI: Cyril E King",44,6,3.28,0
2020,12,B6,JetBlue Airways,SYR,"Syracuse, NY: Syracuse Hancock International",43,6,2.42,0.14
2020,12,B6,JetBlue Airways,TPA,"Tampa, FL: Tampa International",378,74,22.79,1.01
2020,12,DL,Delta Air Lines Inc.,ABQ,"Albuquerque, NM: Albuquerque International Sunport",41,4,3.37,0
2020,12,DL,Delta Air Lines Inc.,ALB,"Albany, NY: Albany International",32,5,2.47,0
2020,12,DL,Delta Air Lines Inc.,ANC,"Anchorage, AK: Ted Stevens Anchorage International",158,31,8.07,0.88
2020,12,DL,Delta Air Lines Inc.,ATL,"Atlanta, GA: Hartsfield-Jackson Atlanta International",12420,1286,414.32,15.49
2020,12,DL,Delta Air Lines Inc.,AUS,"Austin, TX: Austin - Bergstrom International",406,98,29.2,0.38
2020,12,DL,Delta Air Lines Inc.,BDL,"Hartford, CT: Bradley International",111,21,8.22,1
2020,12,DL,Delta Air Lines Inc.,BHM,"Birmingham, AL: Birmingham-Shuttlesworth International",78,7,5.29,0
2020,12,DL,Delta Air Lines Inc.,BIL,"Billings, MT: Billings Logan International",NA,NA,NA,NA
2020,12,DL,Delta Air Lines Inc.,BNA,"Nashville, TN: Nashville International",408,58,19.57,0.67
2020,12,DL,Delta Air Lines Inc.,BOI,"Boise, ID: Boise Air Terminal",127,14,7.46,0.4
2020,12,DL,Delta Air Lines Inc.,BOS,"Boston, MA: Logan International",763,124,39.86,5.05
2020,12,DL,Delta Air Lines Inc.,BUF,"Buffalo, NY: Buffalo Niagara International",48,3,1.39,0
2020,12,DL,Delta Air Lines Inc.,BWI,"Baltimore, MD: Baltimore/Washington International Thurgood Marshall",287,32,11.87,1
2020,12,DL,Delta Air Lines Inc.,BZN,"Bozeman, MT: Bozeman Yellowstone International",115,25,7.54,0.68
2020,12,DL,Delta Air Lines Inc.,CAE,"Columbia, SC: Columbia Metropolitan",1,0,0,0
2020,12,DL,Delta Air Lines Inc.,CHA,"Chattanooga, TN: Lovell Field",NA,NA,NA,NA
2020,12,DL,Delta Air Lines Inc.,CHS,"Charleston, SC: Charleston AFB/International",230,18,11.66,0
2020,12,DL,Delta Air Lines Inc.,CLE,"Cleveland, OH: Cleveland-Hopkins International",170,21,9.36,0
2020,12,DL,Delta Air Lines Inc.,CLT,"Charlotte, NC: Charlotte Douglas International",280,35,16.1,0
2020,12,DL,Delta Air Lines Inc.,CMH,"Columbus, OH: John Glenn Columbus International",165,19,8.07,0
2020,12,DL,Delta Air Lines Inc.,CVG,"Cincinnati, OH: Cincinnati/Northern Kentucky International",478,41,23.12,0
2020,12,DL,Delta Air Lines Inc.,DAB,"Daytona Beach, FL: Daytona Beach International",132,11,5.95,1.75
2020,12,DL,Delta Air Lines Inc.,DAL,"Dallas, TX: Dallas Love Field",83,10,3.71,0
2020,12,DL,Delta Air Lines Inc.,DCA,"Washington, DC: Ronald Reagan Washington National",418,52,20.92,1
2020,12,DL,Delta Air Lines Inc.,DEN,"Denver, CO: Denver International",755,128,38.81,3.09
2020,12,DL,Delta Air Lines Inc.,DFW,"Dallas/Fort Worth, TX: Dallas/Fort Worth International",540,150,45,0.28
2020,12,DL,Delta Air Lines Inc.,DTW,"Detroit, MI: Detroit Metro Wayne County",2941,408,109.16,1.93
2020,12,DL,Delta Air Lines Inc.,ECP,"Panama City, FL: Northwest Florida Beaches International",147,9,5.62,0
2020,12,DL,Delta Air Lines Inc.,EGE,"Eagle, CO: Eagle County Regional",14,4,0,0
2020,12,DL,Delta Air Lines Inc.,ELP,"El Paso, TX: El Paso International",55,12,2.12,0
2020,12,DL,Delta Air Lines Inc.,EWR,"Newark, NJ: Newark Liberty International",294,25,11.65,1.2
2020,12,DL,Delta Air Lines Inc.,EYW,"Key West, FL: Key West International",121,15,4.28,0
2020,12,DL,Delta Air Lines Inc.,FAI,"Fairbanks, AK: Fairbanks International",NA,NA,NA,NA
2020,12,DL,Delta Air Lines Inc.,FAR,"Fargo, ND: Hector International",31,2,0.7,0
2020,12,DL,Delta Air Lines Inc.,FCA,"Kalispell, MT: Glacier Park International",27,3,1.69,0
2020,12,DL,Delta Air Lines Inc.,FLL,"Fort Lauderdale, FL: Fort Lauderdale-Hollywood International",912,163,49.52,3.67
2020,12,DL,Delta Air Lines Inc.,GEG,"Spokane, WA: Spokane International",184,29,11.42,0.5
2020,12,DL,Delta Air Lines Inc.,GRR,"Grand Rapids, MI: Gerald R. Ford International",160,20,11.28,0
2020,12,DL,Delta Air Lines Inc.,GSO,"Greensboro/High Point, NC: Piedmont Triad International",18,3,1,0
2020,12,DL,Delta Air Lines Inc.,GSP,"Greer, SC: Greenville-Spartanburg International",33,0,0,0
2020,12,DL,Delta Air Lines Inc.,HNL,"Honolulu, HI: Daniel K Inouye International",192,44,22.02,1
2020,12,DL,Delta Air Lines Inc.,HOU,"Houston, TX: William P Hobby",14,0,0,0
2020,12,DL,Delta Air Lines Inc.,IAD,"Washington, DC: Washington Dulles International",152,21,6.85,0
2020,12,DL,Delta Air Lines Inc.,IAH,"Houston, TX: George Bush Intercontinental/Houston",275,46,19.44,0
2020,12,DL,Delta Air Lines Inc.,ICT,"Wichita, KS: Wichita Dwight D Eisenhower National",2,0,0,0
2020,12,DL,Delta Air Lines Inc.,IND,"Indianapolis, IN: Indianapolis International",209,24,14.87,0
2020,12,DL,Delta Air Lines Inc.,JAC,"Jackson, WY: Jackson Hole",117,28,10.73,0
2020,12,DL,Delta Air Lines Inc.,JAX,"Jacksonville, FL: Jacksonville International",286,32,16.02,0
2020,12,DL,Delta Air Lines Inc.,JFK,"New York, NY: John F. Kennedy International",1391,234,76.06,5.53
2020,12,DL,Delta Air Lines Inc.,KOA,"Kona, HI: Ellison Onizuka Kona International at Keahole",48,8,5.03,0
2020,12,DL,Delta Air Lines Inc.,LAS,"Las Vegas, NV: McCarran International",904,130,40.28,4.9
2020,12,DL,Delta Air Lines Inc.,LAX,"Los Angeles, CA: Los Angeles International",1928,246,64.51,4.61
2020,12,DL,Delta Air Lines Inc.,LGA,"New York, NY: LaGuardia",1126,148,54.35,1.8
2020,12,DL,Delta Air Lines Inc.,LIH,"Lihue, HI: Lihue Airport",32,5,2.42,0
2020,12,DL,Delta Air Lines Inc.,LIT,"Little Rock, AR: Bill and Hillary Clinton Nat Adams Field",31,3,1,0
2020,12,DL,Delta Air Lines Inc.,MCI,"Kansas City, MO: Kansas City International",232,36,14.19,0
2020,12,DL,Delta Air Lines Inc.,MCO,"Orlando, FL: Orlando International",1240,182,68.44,6.94
2020,12,DL,Delta Air Lines Inc.,MDW,"Chicago, IL: Chicago Midway International",4,1,0.89,0
2020,12,DL,Delta Air Lines Inc.,MEM,"Memphis, TN: Memphis International",236,28,13.43,0.16
2020,12,DL,Delta Air Lines Inc.,MIA,"Miami, FL: Miami International",619,94,34.64,1.89
2020,12,DL,Delta Air Lines Inc.,MKE,"Milwaukee, WI: General Mitchell International",140,13,5.4,0
2020,12,DL,Delta Air Lines Inc.,MLB,"Melbourne, FL: Melbourne International",85,7,3.82,0
2020,12,DL,Delta Air Lines Inc.,MSO,"Missoula, MT: Missoula International",18,4,2.59,0
2020,12,DL,Delta Air Lines Inc.,MSP,"Minneapolis, MN: Minneapolis-St Paul International",3108,366,98.26,15.05
2020,12,DL,Delta Air Lines Inc.,MSY,"New Orleans, LA: Louis Armstrong New Orleans International",285,37,11.61,0
2020,12,DL,Delta Air Lines Inc.,MYR,"Myrtle Beach, SC: Myrtle Beach International",31,2,0.91,0
2020,12,DL,Delta Air Lines Inc.,OAK,"Oakland, CA: Metropolitan Oakland International",11,0,0,0
2020,12,DL,Delta Air Lines Inc.,OGG,"Kahului, HI: Kahului Airport",87,24,10.1,0
2020,12,DL,Delta Air Lines Inc.,OKC,"Oklahoma City, OK: Will Rogers World",34,1,1,0
2020,12,DL,Delta Air Lines Inc.,OMA,"Omaha, NE: Eppley Airfield",44,2,0.86,0
2020,12,DL,Delta Air Lines Inc.,ONT,"Ontario, CA: Ontario International",122,15,4.53,0
2020,12,DL,Delta Air Lines Inc.,ORD,"Chicago, IL: Chicago O'Hare International",314,54,25.79,1
2020,12,DL,Delta Air Lines Inc.,ORF,"Norfolk, VA: Norfolk International",196,14,6.85,0
2020,12,DL,Delta Air Lines Inc.,PBI,"West Palm Beach/Palm Beach, FL: Palm Beach International",379,43,12.49,0
2020,12,DL,Delta Air Lines Inc.,PDX,"Portland, OR: Portland International",392,41,15.24,0.87
2020,12,DL,Delta Air Lines Inc.,PHL,"Philadelphia, PA: Philadelphia International",276,30,12.93,0
2020,12,DL,Delta Air Lines Inc.,PHX,"Phoenix, AZ: Phoenix Sky Harbor International",734,147,42.94,2.5
2020,12,DL,Delta Air Lines Inc.,PIT,"Pittsburgh, PA: Pittsburgh International",141,13,8.84,0
2020,12,DL,Delta Air Lines Inc.,PNS,"Pensacola, FL: Pensacola International",188,14,8.71,0
2020,12,DL,Delta Air Lines Inc.,PSP,"Palm Springs, CA: Palm Springs International",25,5,1.66,0
2020,12,DL,Delta Air Lines Inc.,PWM,"Portland, ME: Portland International Jetport",29,1,0.98,0
2020,12,DL,Delta Air Lines Inc.,RDU,"Raleigh/Durham, NC: Raleigh-Durham International",330,28,9.52,0
2020,12,DL,Delta Air Lines Inc.,RIC,"Richmond, VA: Richmond International",171,15,6.99,0
2020,12,DL,Delta Air Lines Inc.,RNO,"Reno, NV: Reno/Tahoe International",82,11,3.6,0
2020,12,DL,Delta Air Lines Inc.,ROC,"Rochester, NY: Greater Rochester International",31,3,1.35,0
2020,12,DL,Delta Air Lines Inc.,RSW,"Fort Myers, FL: Southwest Florida International",631,101,31.72,0.82
2020,12,DL,Delta Air Lines Inc.,SAN,"San Diego, CA: San Diego International",516,71,18.97,1.64
2020,12,DL,Delta Air Lines Inc.,SAT,"San Antonio, TX: San Antonio International",166,36,8.47,0
2020,12,DL,Delta Air Lines Inc.,SAV,"Savannah, GA: Savannah/Hilton Head International",171,12,8.31,0
2020,12,DL,Delta Air Lines Inc.,SDF,"Louisville, KY: Louisville Muhammad Ali International",59,3,1.84,0
2020,12,DL,Delta Air Lines Inc.,SEA,"Seattle, WA: Seattle/Tacoma International",1669,155,54.1,5.43
2020,12,DL,Delta Air Lines Inc.,SFO,"San Francisco, CA: San Francisco International",533,82,25.15,2.42
2020,12,DL,Delta Air Lines Inc.,SJC,"San Jose, CA: Norman Y. Mineta San Jose International",30,1,0,0
2020,12,DL,Delta Air Lines Inc.,SJU,"San Juan, PR: Luis Munoz Marin International",205,17,8.74,1.5
2020,12,DL,Delta Air Lines Inc.,SLC,"Salt Lake City, UT: Salt Lake City International",3649,497,147.03,5.42
2020,12,DL,Delta Air Lines Inc.,SMF,"Sacramento, CA: Sacramento International",290,57,26.94,1.8
2020,12,DL,Delta Air Lines Inc.,SNA,"Santa Ana, CA: John Wayne Airport-Orange County",188,44,18.38,0
2020,12,DL,Delta Air Lines Inc.,SRQ,"Sarasota/Bradenton, FL: Sarasota/Bradenton International",185,21,8.66,1.57
2020,12,DL,Delta Air Lines Inc.,STL,"St. Louis, MO: St Louis Lambert International",233,35,15.23,0
2020,12,DL,Delta Air Lines Inc.,STT,"Charlotte Amalie, VI: Cyril E King",115,13,4.78,0.99
2020,12,DL,Delta Air Lines Inc.,STX,"Christiansted, VI: Henry E. Rohlsen",20,2,2,0
2020,12,DL,Delta Air Lines Inc.,SYR,"Syracuse, NY: Syracuse Hancock International",32,0,0,0
2020,12,DL,Delta Air Lines Inc.,TLH,"Tallahassee, FL: Tallahassee International",31,3,2.77,0
2020,12,DL,Delta Air Lines Inc.,TPA,"Tampa, FL: Tampa International",977,166,60.11,2.67
2020,12,DL,Delta Air Lines Inc.,TUL,"Tulsa, OK: Tulsa International",3,0,0,0
2020,12,DL,Delta Air Lines Inc.,TUS,"Tucson, AZ: Tucson International",80,12,1.34,0.33
2020,12,DL,Delta Air Lines Inc.,VPS,"Valparaiso, FL: Eglin AFB Destin Fort Walton Beach",121,5,2.95,0
2020,12,F9,Frontier Airlines Inc.,ABQ,"Albuquerque, NM: Albuquerque International Sunport",3,1,0.06,0
2020,12,F9,Frontier Airlines Inc.,ALB,"Albany, NY: Albany International",2,0,0,0
2020,12,F9,Frontier Airlines Inc.,ATL,"Atlanta, GA: Hartsfield-Jackson Atlanta International",215,10,3.89,0
2020,12,F9,Frontier Airlines Inc.,AUS,"Austin, TX: Austin - Bergstrom International",52,4,2.6,0
2020,12,F9,Frontier Airlines Inc.,BDL,"Hartford, CT: Bradley International",12,0,0,0
2020,12,F9,Frontier Airlines Inc.,BIL,"Billings, MT: Billings Logan International",8,1,0.02,0
2020,12,F9,Frontier Airlines Inc.,BIS,"Bismarck/Mandan, ND: Bismarck Municipal",4,0,0,0
2020,12,F9,Frontier Airlines Inc.,BMI,"Bloomington/Normal, IL: Central Il Regional Airport at Bloomington",8,0,0,0
2020,12,F9,Frontier Airlines Inc.,BNA,"Nashville, TN: Nashville International",49,3,0.43,0.74
2020,12,F9,Frontier Airlines Inc.,BOS,"Boston, MA: Logan International",21,3,0.19,0
2020,12,F9,Frontier Airlines Inc.,BTV,"Burlington, VT: Burlington International",1,1,1,0
2020,12,F9,Frontier Airlines Inc.,BUF,"Buffalo, NY: Buffalo Niagara International",39,4,2,0.57
2020,12,F9,Frontier Airlines Inc.,BWI,"Baltimore, MD: Baltimore/Washington International Thurgood Marshall",24,4,2.39,0
2020,12,F9,Frontier Airlines Inc.,BZN,"Bozeman, MT: Bozeman Yellowstone International",9,2,0,0
2020,12,F9,Frontier Airlines Inc.,CHS,"Charleston, SC: Charleston AFB/International",11,1,0.81,0
2020,12,F9,Frontier Airlines Inc.,CID,"Cedar Rapids/Iowa City, IA: The Eastern Iowa",14,2,1.41,0
2020,12,F9,Frontier Airlines Inc.,CLE,"Cleveland, OH: Cleveland-Hopkins International",258,35,6.7,0
2020,12,F9,Frontier Airlines Inc.,CLT,"Charlotte, NC: Charlotte Douglas International",44,3,2.45,0
2020,12,F9,Frontier Airlines Inc.,CMH,"Columbus, OH: John Glenn Columbus International",14,2,0.97,0
2020,12,F9,Frontier Airlines Inc.,COS,"Colorado Springs, CO: City of Colorado Springs Municipal",50,1,0.03,0
2020,12,F9,Frontier Airlines Inc.,CVG,"Cincinnati, OH: Cincinnati/Northern Kentucky International",131,7,3.11,0
2020,12,F9,Frontier Airlines Inc.,DCA,"Washington, DC: Ronald Reagan Washington National",64,8,2.04,0
2020,12,F9,Frontier Airlines Inc.,DEN,"Denver, CO: Denver International",1549,193,39.8,3.19
2020,12,F9,Frontier Airlines Inc.,DFW,"Dallas/Fort Worth, TX: Dallas/Fort Worth International",93,22,6.48,0
2020,12,F9,Frontier Airlines Inc.,DSM,"Des Moines, IA: Des Moines International",11,3,0.98,0
2020,12,F9,Frontier Airlines Inc.,DTW,"Detroit, MI: Detroit Metro Wayne County",48,2,1,0
2020,12,F9,Frontier Airlines Inc.,ELP,"El Paso, TX: El Paso International",8,2,0.06,0
2020,12,F9,Frontier Airlines Inc.,EWR,"Newark, NJ: Newark Liberty International",70,5,1.8,0
2020,12,F9,Frontier Airlines Inc.,FAR,"Fargo, ND: Hector International",9,1,0.81,0
2020,12,F9,Frontier Airlines Inc.,FAT,"Fresno, CA: Fresno Yosemite International",15,2,0.32,0
2020,12,F9,Frontier Airlines Inc.,FSD,"Sioux Falls, SD: Joe Foss Field",11,0,0,0
2020,12,F9,Frontier Airlines Inc.,GEG,"Spokane, WA: Spokane International",5,2,1.04,0
2020,12,F9,Frontier Airlines Inc.,GRB,"Green Bay, WI: Green Bay Austin Straubel International",6,0,0,0
2020,12,F9,Frontier Airlines Inc.,GRR,"Grand Rapids, MI: Gerald R. Ford International",21,1,0,0
2020,12,F9,Frontier Airlines Inc.,HRL,"Harlingen/San Benito, TX: Valley International",4,1,0,0
2020,12,F9,Frontier Airlines Inc.,HSV,"Huntsville, AL: Huntsville International-Carl T Jones Field",7,0,0,0
2020,12,F9,Frontier Airlines Inc.,IAD,"Washington, DC: Washington Dulles International",6,0,0,0
2020,12,F9,Frontier Airlines Inc.,IAH,"Houston, TX: George Bush Intercontinental/Houston",97,23,6.62,0.38
2020,12,F9,Frontier Airlines Inc.,IND,"Indianapolis, IN: Indianapolis International",32,2,0,0
2020,12,F9,Frontier Airlines Inc.,ISP,"Islip, NY: Long Island MacArthur",101,9,2.43,0
2020,12,F9,Frontier Airlines Inc.,JAX,"Jacksonville, FL: Jacksonville International",10,0,0,0
2020,12,F9,Frontier Airlines Inc.,LAS,"Las Vegas, NV: McCarran International",672,47,13.87,0.92
2020,12,F9,Frontier Airlines Inc.,LAX,"Los Angeles, CA: Los Angeles International",133,12,5.43,0.27
2020,12,F9,Frontier Airlines Inc.,LGA,"New York, NY: LaGuardia",55,2,1.78,0
2020,12,F9,Frontier Airlines Inc.,LIT,"Little Rock, AR: Bill and Hillary Clinton Nat Adams Field",12,1,0,0
2020,12,F9,Frontier Airlines Inc.,MCI,"Kansas City, MO: Kansas City International",15,1,0,0.68
2020,12,F9,Frontier Airlines Inc.,MCO,"Orlando, FL: Orlando International",911,126,33.9,3.09
2020,12,F9,Frontier Airlines Inc.,MDT,"Harrisburg, PA: Harrisburg International",5,0,0,0
2020,12,F9,Frontier Airlines Inc.,MEM,"Memphis, TN: Memphis International",19,2,1.88,0
2020,12,F9,Frontier Airlines Inc.,MIA,"Miami, FL: Miami International",139,17,2.61,0.29
2020,12,F9,Frontier Airlines Inc.,MKE,"Milwaukee, WI: General Mitchell International",49,2,0.06,0
2020,12,F9,Frontier Airlines Inc.,MSN,"Madison, WI: Dane County Regional-Truax Field",12,1,0.6,0
2020,12,F9,Frontier Airlines Inc.,MSP,"Minneapolis, MN: Minneapolis-St Paul International",39,6,2.33,0.46
2020,12,F9,Frontier Airlines Inc.,MSY,"New Orleans, LA: Louis Armstrong New Orleans International",24,6,1.79,0
2020,12,F9,Frontier Airlines Inc.,MYR,"Myrtle Beach, SC: Myrtle Beach International",1,0,0,0
2020,12,F9,Frontier Airlines Inc.,OKC,"Oklahoma City, OK: Will Rogers World",17,0,0,0
2020,12,F9,Frontier Airlines Inc.,OMA,"Omaha, NE: Eppley Airfield",35,2,0.94,0.32
2020,12,F9,Frontier Airlines Inc.,ONT,"Ontario, CA: Ontario International",17,0,0,0
2020,12,F9,Frontier Airlines Inc.,ORD,"Chicago, IL: Chicago O'Hare International",103,9,1.26,0
2020,12,F9,Frontier Airlines Inc.,ORF,"Norfolk, VA: Norfolk International",19,4,1,0
2020,12,F9,Frontier Airlines Inc.,PBI,"West Palm Beach/Palm Beach, FL: Palm Beach International",47,8,1,0.6
2020,12,F9,Frontier Airlines Inc.,PDX,"Portland, OR: Portland International",51,2,0.31,0
2020,12,F9,Frontier Airlines Inc.,PHL,"Philadelphia, PA: Philadelphia International",294,31,8.5,0
2020,12,F9,Frontier Airlines Inc.,PHX,"Phoenix, AZ: Phoenix Sky Harbor International",236,28,10.26,1.24
2020,12,F9,Frontier Airlines Inc.,PIT,"Pittsburgh, PA: Pittsburgh International",1,0,0,0
2020,12,F9,Frontier Airlines Inc.,PNS,"Pensacola, FL: Pensacola International",23,3,0,0
2020,12,F9,Frontier Airlines Inc.,PSP,"Palm Springs, CA: Palm Springs International",4,1,0.34,0
2020,12,F9,Frontier Airlines Inc.,PVD,"Providence, RI: Theodore Francis Green State",21,1,0,0
2020,12,F9,Frontier Airlines Inc.,PWM,"Portland, ME: Portland International Jetport",19,3,1.73,0
2020,12,F9,Frontier Airlines Inc.,RDU,"Raleigh/Durham, NC: Raleigh-Durham International",60,3,2,0
2020,12,F9,Frontier Airlines Inc.,RNO,"Reno, NV: Reno/Tahoe International",15,0,0,0
2020,12,F9,Frontier Airlines Inc.,RSW,"Fort Myers, FL: Southwest Florida International",171,18,3.45,0.06
2020,12,F9,Frontier Airlines Inc.,SAN,"San Diego, CA: San Diego International",107,3,0.5,0.18
2020,12,F9,Frontier Airlines Inc.,SAT,"San Antonio, TX: San Antonio International",43,2,2,0
2020,12,F9,Frontier Airlines Inc.,SAV,"Savannah, GA: Savannah/Hilton Head International",3,1,0,0
2020,12,F9,Frontier Airlines Inc.,SDF,"Louisville, KY: Louisville Muhammad Ali International",8,1,0,0
2020,12,F9,Frontier Airlines Inc.,SEA,"Seattle, WA: Seattle/Tacoma International",45,5,1.58,0
2020,12,F9,Frontier Airlines Inc.,SFO,"San Francisco, CA: San Francisco International",72,3,1.92,0
2020,12,F9,Frontier Airlines Inc.,SJC,"San Jose, CA: Norman Y. Mineta San Jose International",14,0,0,0
2020,12,F9,Frontier Airlines Inc.,SJU,"San Juan, PR: Luis Munoz Marin International",139,15,5.22,0
2020,12,F9,Frontier Airlines Inc.,SLC,"Salt Lake City, UT: Salt Lake City International",126,14,6.9,0.45
2020,12,F9,Frontier Airlines Inc.,SMF,"Sacramento, CA: Sacramento International",40,2,1,1
2020,12,F9,Frontier Airlines Inc.,SNA,"Santa Ana, CA: John Wayne Airport-Orange County",30,1,0.46,0
2020,12,F9,Frontier Airlines Inc.,SRQ,"Sarasota/Bradenton, FL: Sarasota/Bradenton International",4,0,0,0
2020,12,F9,Frontier Airlines Inc.,STL,"St. Louis, MO: St Louis Lambert International",60,3,1.1,0
2020,12,F9,Frontier Airlines Inc.,SYR,"Syracuse, NY: Syracuse Hancock International",28,3,1,0
2020,12,F9,Frontier Airlines Inc.,TPA,"Tampa, FL: Tampa International",133,12,1.35,0.53
2020,12,F9,Frontier Airlines Inc.,TTN,"Trenton, NJ: Trenton Mercer",85,10,0.74,0
2020,12,F9,Frontier Airlines Inc.,TUL,"Tulsa, OK: Tulsa International",7,0,0,0
2020,12,F9,Frontier Airlines Inc.,TUS,"Tucson, AZ: Tucson International",5,0,0,0
2020,12,F9,Frontier Airlines Inc.,TYS,"Knoxville, TN: McGhee Tyson",9,0,0,0
2020,12,F9,Frontier Airlines Inc.,XNA,"Fayetteville, AR: Northwest Arkansas Regional",7,1,1,0
2020,12,G4,Allegiant Air,ABE,"Allentown/Bethlehem/Easton, PA: Lehigh Valley International",72,9,1,0.72
2020,12,G4,Allegiant Air,ABQ,"Albuquerque, NM: Albuquerque International Sunport",12,3,1.08,0
2020,12,G4,Allegiant Air,ALB,"Albany, NY: Albany International",18,3,1.76,0
2020,12,G4,Allegiant Air,ATW,"Appleton, WI: Appleton International",61,5,2.73,0
2020,12,G4,Allegiant Air,AUS,"Austin, TX: Austin - Bergstrom International",39,8,3.7,0.8
2020,12,G4,Allegiant Air,AVL,"Asheville, NC: Asheville Regional",139,36,14.55,3
2020,12,G4,Allegiant Air,AZA,"Phoenix, AZ: Phoenix - Mesa Gateway",447,76,18.48,8.19
2020,12,G4,Allegiant Air,BGR,"Bangor, ME: Bangor International",25,1,0,1
2020,12,G4,Allegiant Air,BIL,"Billings, MT: Billings Logan International",26,2,1,0
2020,12,G4,Allegiant Air,BIS,"Bismarck/Mandan, ND: Bismarck Municipal",35,3,0.73,0
2020,12,G4,Allegiant Air,BLI,"Bellingham, WA: Bellingham International",49,4,1,0
2020,12,G4,Allegiant Air,BLV,"Belleville, IL: Scott AFB/MidAmerica",72,7,3.45,0
2020,12,G4,Allegiant Air,BMI,"Bloomington/Normal, IL: Central Il Regional Airport at Bloomington",22,2,1,0
2020,12,G4,Allegiant Air,BNA,"Nashville, TN: Nashville International",101,29,3.79,0.03
2020,12,G4,Allegiant Air,BOI,"Boise, ID: Boise Air Terminal",39,7,2.08,0
2020,12,G4,Allegiant Air,BOS,"Boston, MA: Logan International",17,1,0,0
2020,12,G4,Allegiant Air,BWI,"Baltimore, MD: Baltimore/Washington International Thurgood Marshall",26,8,1.18,0
2020,12,G4,Allegiant Air,BZN,"Bozeman, MT: Bozeman Yellowstone International",25,5,0.55,0
2020,12,G4,Allegiant Air,CHA,"Chattanooga, TN: Lovell Field",21,4,0,0
2020,12,G4,Allegiant Air,CHS,"Charleston, SC: Charleston AFB/International",24,6,2.59,0
2020,12,G4,Allegiant Air,CID,"Cedar Rapids/Iowa City, IA: The Eastern Iowa",69,2,1,0
2020,12,G4,Allegiant Air,CKB,"Clarksburg/Fairmont, WV: North Central West Virginia",11,0,0,0
2020,12,G4,Allegiant Air,CLE,"Cleveland, OH: Cleveland-Hopkins International",27,3,0,0
2020,12,G4,Allegiant Air,CVG,"Cincinnati, OH: Cincinnati/Northern Kentucky International",271,59,14.91,2.68
2020,12,G4,Allegiant Air,DAY,"Dayton, OH: James M Cox/Dayton International",17,1,0,0
2020,12,G4,Allegiant Air,DEN,"Denver, CO: Denver International",8,3,0.11,0
2020,12,G4,Allegiant Air,DSM,"Des Moines, IA: Des Moines International",71,7,1.31,0
2020,12,G4,Allegiant Air,ELM,"Elmira/Corning, NY: Elmira/Corning Regional",26,3,1.96,0
2020,12,G4,Allegiant Air,ELP,"El Paso, TX: El Paso International",10,0,0,0
2020,12,G4,Allegiant Air,EUG,"Eugene, OR: Mahlon Sweet Field",45,8,3,0
2020,12,G4,Allegiant Air,EVV,"Evansville, IN: Evansville Regional",10,2,2,0
2020,12,G4,Allegiant Air,EWR,"Newark, NJ: Newark Liberty International",32,0,0,0
2020,12,G4,Allegiant Air,FAR,"Fargo, ND: Hector International",40,8,1.55,1.85
2020,12,G4,Allegiant Air,FAT,"Fresno, CA: Fresno Yosemite International",25,1,1,0
2020,12,G4,Allegiant Air,FCA,"Kalispell, MT: Glacier Park International",18,1,0,0
2020,12,G4,Allegiant Air,FLL,"Fort Lauderdale, FL: Fort Lauderdale-Hollywood International",199,56,11.35,0.98
2020,12,G4,Allegiant Air,FNT,"Flint, MI: Bishop International",60,7,3.98,0
2020,12,G4,Allegiant Air,FSD,"Sioux Falls, SD: Joe Foss Field",51,3,1,0
2020,12,G4,Allegiant Air,FWA,"Fort Wayne, IN: Fort Wayne International",50,3,0,0
2020,12,G4,Allegiant Air,GFK,"Grand Forks, ND: Grand Forks International",10,2,0.7,0
2020,12,G4,Allegiant Air,GJT,"Grand Junction, CO: Grand Junction Regional",17,4,1.98,0
2020,12,G4,Allegiant Air,GPT,"Gulfport/Biloxi, MS: Gulfport-Biloxi International",9,2,1,0
2020,12,G4,Allegiant Air,GRI,"Grand Island, NE: Central Nebraska Regional",21,1,0.23,0
2020,12,G4,Allegiant Air,GRR,"Grand Rapids, MI: Gerald R. Ford International",127,24,2.69,0.06
2020,12,G4,Allegiant Air,GSO,"Greensboro/High Point, NC: Piedmont Triad International",21,2,1,0
2020,12,G4,Allegiant Air,GSP,"Greer, SC: Greenville-Spartanburg International",30,4,0.06,0
2020,12,G4,Allegiant Air,GTF,"Great Falls, MT: Great Falls International",18,3,0.68,0
2020,12,G4,Allegiant Air,HGR,"Hagerstown, MD: Hagerstown Regional-Richard A. Henson Field",14,1,0,1
2020,12,G4,Allegiant Air,HOU,"Houston, TX: William P Hobby",34,9,2.4,2
2020,12,G4,Allegiant Air,HTS,"Ashland, WV: Tri-State/Milton J. Ferguson Field",37,1,0,0
2020,12,G4,Allegiant Air,IAG,"Niagara Falls, NY: Niagara Falls International",27,1,1,0
2020,12,G4,Allegiant Air,ICT,"Wichita, KS: Wichita Dwight D Eisenhower National",20,3,1.75,0
2020,12,G4,Allegiant Air,IDA,"Idaho Falls, ID: Idaho Falls Regional",21,5,1.27,0
2020,12,G4,Allegiant Air,IND,"Indianapolis, IN: Indianapolis International",93,13,3.88,0
2020,12,G4,Allegiant Air,JAX,"Jacksonville, FL: Jacksonville International",20,2,0.05,0
2020,12,G4,Allegiant Air,LAS,"Las Vegas, NV: McCarran International",549,63,22.77,6.75
2020,12,G4,Allegiant Air,LAX,"Los Angeles, CA: Los Angeles International",90,13,2.2,0
2020,12,G4,Allegiant Air,LCK,"Columbus, OH: Rickenbacker International",74,15,4.25,0
2020,12,G4,Allegiant Air,LEX,"Lexington, KY: Blue Grass",54,4,1.66,0
2020,12,G4,Allegiant Air,LIT,"Little Rock, AR: Bill and Hillary Clinton Nat Adams Field",10,0,0,0
2020,12,G4,Allegiant Air,LRD,"Laredo, TX: Laredo International",8,1,0.81,0
2020,12,G4,Allegiant Air,MCI,"Kansas City, MO: Kansas City International",15,3,3,0
2020,12,G4,Allegiant Air,MDT,"Harrisburg, PA: Harrisburg International",48,4,1,0.97
2020,12,G4,Allegiant Air,MDW,"Chicago, IL: Chicago Midway International",18,4,1,0
2020,12,G4,Allegiant Air,MEM,"Memphis, TN: Memphis International",66,5,0.1,0
2020,12,G4,Allegiant Air,MFE,"Mission/McAllen/Edinburg, TX: McAllen Miller International",35,2,0,0
2020,12,G4,Allegiant Air,MFR,"Medford, OR: Rogue Valley International - Medford",22,0,0,0
2020,12,G4,Allegiant Air,MLI,"Moline, IL: Quad City International",43,5,2.15,0
2020,12,G4,Allegiant Air,MOT,"Minot, ND: Minot International",20,2,1,0
2020,12,G4,Allegiant Air,MRY,"Monterey, CA: Monterey Regional",9,0,0,0
2020,12,G4,Allegiant Air,MSO,"Missoula, MT: Missoula International",17,4,1.85,0
2020,12,G4,Allegiant Air,MSY,"New Orleans, LA: Louis Armstrong New Orleans International",16,1,0,0
2020,12,G4,Allegiant Air,OAK,"Oakland, CA: Metropolitan Oakland International",36,5,1.82,1
2020,12,G4,Allegiant Air,OGD,"Ogden, UT: Ogden-Hinckley",7,1,1,0
2020,12,G4,Allegiant Air,OKC,"Oklahoma City, OK: Will Rogers World",9,1,0,0
2020,12,G4,Allegiant Air,OMA,"Omaha, NE: Eppley Airfield",30,3,2.69,0
2020,12,G4,Allegiant Air,ORF,"Norfolk, VA: Norfolk International",32,5,0.08,0
2020,12,G4,Allegiant Air,OWB,"Owensboro, KY: Owensboro Daviess County Regional",9,0,0,0
2020,12,G4,Allegiant Air,PBG,"Plattsburgh, NY: Plattsburgh International",18,2,1.03,0
2020,12,G4,Allegiant Air,PBI,"West Palm Beach/Palm Beach, FL: Palm Beach International",37,8,2.95,0.48
2020,12,G4,Allegiant Air,PGD,"Punta Gorda, FL: Punta Gorda Airport",517,88,22.55,2.09
2020,12,G4,Allegiant Air,PIA,"Peoria, IL: General Downing - Peoria International",59,10,3.29,0
2020,12,G4,Allegiant Air,PIE,"St. Petersburg, FL: St Pete Clearwater International",593,95,25.4,3.99
2020,12,G4,Allegiant Air,PIT,"Pittsburgh, PA: Pittsburgh International",75,11,3,0
2020,12,G4,Allegiant Air,PSC,"Pasco/Kennewick/Richland, WA: Tri Cities",21,1,0,1
2020,12,G4,Allegiant Air,PSM,"Portsmouth, NH: Portsmouth International at Pease",23,3,1,1
2020,12,G4,Allegiant Air,PSP,"Palm Springs, CA: Palm Springs International",23,1,0,0
2020,12,G4,Allegiant Air,PVD,"Providence, RI: Theodore Francis Green State",10,0,0,0
2020,12,G4,Allegiant Air,PVU,"Provo, UT: Provo Municipal",52,13,3.31,1
2020,12,G4,Allegiant Air,RAP,"Rapid City, SD: Rapid City Regional",23,2,1.22,0
2020,12,G4,Allegiant Air,RDM,"Bend/Redmond, OR: Roberts Field",8,1,1,0
2020,12,G4,Allegiant Air,RDU,"Raleigh/Durham, NC: Raleigh-Durham International",19,1,0,0
2020,12,G4,Allegiant Air,RFD,"Rockford, IL: Chicago/Rockford International",66,7,1.32,0
2020,12,G4,Allegiant Air,RIC,"Richmond, VA: Richmond International",26,4,1.68,0
2020,12,G4,Allegiant Air,RNO,"Reno, NV: Reno/Tahoe International",22,1,1,0
2020,12,G4,Allegiant Air,ROA,"Roanoke, VA: Roanoke Blacksburg Regional Woodrum Field",21,2,1.9,0
2020,12,G4,Allegiant Air,ROC,"Rochester, NY: Greater Rochester International",6,1,1,0
2020,12,G4,Allegiant Air,SAV,"Savannah, GA: Savannah/Hilton Head International",59,10,2.57,0
2020,12,G4,Allegiant Air,SBN,"South Bend, IN: South Bend International",66,5,2.96,0
2020,12,G4,Allegiant Air,SCE,"State College, PA: University Park",15,1,0.97,0
2020,12,G4,Allegiant Air,SCK,"Stockton, CA: Stockton Metropolitan",33,2,0.96,0
2020,12,G4,Allegiant Air,SDF,"Louisville, KY: Louisville Muhammad Ali International",52,6,1.86,0
2020,12,G4,Allegiant Air,SFB,"Sanford, FL: Orlando Sanford International",700,80,23.23,4.83
2020,12,G4,Allegiant Air,SGF,"Springfield, MO: Springfield-Branson National",53,3,1,0
2020,12,G4,Allegiant Air,SHV,"Shreveport, LA: Shreveport Regional",9,0,0,0
2020,12,G4,Allegiant Air,SMX,"Santa Maria, CA: Santa Maria Public/Capt. G. Allan Hancock Field",21,4,2,0
2020,12,G4,Allegiant Air,SPI,"Springfield, IL: Abraham Lincoln Capital",11,1,0.82,0
2020,12,G4,Allegiant Air,SRQ,"Sarasota/Bradenton, FL: Sarasota/Bradenton International",205,43,5.35,2.56
2020,12,G4,Allegiant Air,STC,"St. Cloud, MN: St. Cloud Regional",13,2,1,0
2020,12,G4,Allegiant Air,SWF,"Newburgh/Poughkeepsie, NY: New York Stewart International",26,0,0,0
2020,12,G4,Allegiant Air,SYR,"Syracuse, NY: Syracuse Hancock International",51,8,1.62,0
2020,12,G4,Allegiant Air,TOL,"Toledo, OH: Toledo Express",36,3,2,0
2020,12,G4,Allegiant Air,TRI,"Bristol/Johnson City/Kingsport, TN: Tri Cities",10,1,0.85,0
2020,12,G4,Allegiant Air,TUL,"Tulsa, OK: Tulsa International",39,2,1.29,0
2020,12,G4,Allegiant Air,TVC,"Traverse City, MI: Cherry Capital",21,2,0.69,0
2020,12,G4,Allegiant Air,TYS,"Knoxville, TN: McGhee Tyson",109,29,8.21,0.56
2020,12,G4,Allegiant Air,USA,"Concord, NC: Concord Padgett Regional",81,16,3.15,0
2020,12,G4,Allegiant Air,VPS,"Valparaiso, FL: Eglin AFB Destin Fort Walton Beach",62,9,2.19,0
2020,12,G4,Allegiant Air,XNA,"Fayetteville, AR: Northwest Arkansas Regional",31,3,1,0
2020,12,HA,Hawaiian Airlines Inc.,BOS,"Boston, MA: Logan International",4,1,1,0
2020,12,HA,Hawaiian Airlines Inc.,HNL,"Honolulu, HI: Daniel K Inouye International",1398,82,56.63,2.26
2020,12,HA,Hawaiian Airlines Inc.,ITO,"Hilo, HI: Hilo International",235,11,8.97,0.13
2020,12,HA,Hawaiian Airlines Inc.,JFK,"New York, NY: John F. Kennedy International",8,3,3,0
2020,12,HA,Hawaiian Airlines Inc.,KOA,"Kona, HI: Ellison Onizuka Kona International at Keahole",279,18,12.48,1.41
2020,12,HA,Hawaiian Airlines Inc.,LAS,"Las Vegas, NV: McCarran International",38,1,1,0
2020,12,HA,Hawaiian Airlines Inc.,LAX,"Los Angeles, CA: Los Angeles International",82,15,14,0
2020,12,HA,Hawaiian Airlines Inc.,LGB,"Long Beach, CA: Long Beach Airport",17,2,2,0
2020,12,HA,Hawaiian Airlines Inc.,LIH,"Lihue, HI: Lihue Airport",181,5,4.24,0
2020,12,HA,Hawaiian Airlines Inc.,OAK,"Oakland, CA: Metropolitan Oakland International",55,4,4,0
2020,12,HA,Hawaiian Airlines Inc.,OGG,"Kahului, HI: Kahului Airport",547,24,21.91,0.54
2020,12,HA,Hawaiian Airlines Inc.,PDX,"Portland, OR: Portland International",43,4,4,0
2020,12,HA,Hawaiian Airlines Inc.,PHX,"Phoenix, AZ: Phoenix Sky Harbor International",22,2,2,0
2020,12,HA,Hawaiian Airlines Inc.,SAN,"San Diego, CA: San Diego International",40,12,12,0
2020,12,HA,Hawaiian Airlines Inc.,SEA,"Seattle, WA: Seattle/Tacoma International",54,9,9,0
2020,12,HA,Hawaiian Airlines Inc.,SFO,"San Francisco, CA: San Francisco International",39,9,9,0
2020,12,HA,Hawaiian Airlines Inc.,SJC,"San Jose, CA: Norman Y. Mineta San Jose International",46,3,3,0
2020,12,HA,Hawaiian Airlines Inc.,SMF,"Sacramento, CA: Sacramento International",51,14,14,0
2020,12,MQ,Envoy Air,ABE,"Allentown/Bethlehem/Easton, PA: Lehigh Valley International",25,0,0,0
2020,12,MQ,Envoy Air,ABI,"Abilene, TX: Abilene Regional",133,10,3.8,0.06
2020,12,MQ,Envoy Air,ABQ,"Albuquerque, NM: Albuquerque International Sunport",115,11,2.44,0.41
2020,12,MQ,Envoy Air,ACT,"Waco, TX: Waco Regional",91,8,3.2,0.27
2020,12,MQ,Envoy Air,AEX,"Alexandria, LA: Alexandria International",105,14,2.89,0
2020,12,MQ,Envoy Air,AGS,"Augusta, GA: Augusta Regional at Bush Field",59,11,3.08,0.18
2020,12,MQ,Envoy Air,ALO,"Waterloo, IA: Waterloo Regional",28,2,0.53,0
2020,12,MQ,Envoy Air,AMA,"Amarillo, TX: Rick Husband Amarillo International",54,8,2.07,0.5
2020,12,MQ,Envoy Air,ATW,"Appleton, WI: Appleton International",52,4,1,0.45
2020,12,MQ,Envoy Air,AUS,"Austin, TX: Austin - Bergstrom International",12,2,0,0
2020,12,MQ,Envoy Air,AVP,"Scranton/Wilkes-Barre, PA: Wilkes Barre Scranton International",28,5,0,0.86
2020,12,MQ,Envoy Air,BDL,"Hartford, CT: Bradley International",15,4,0.22,0.56
2020,12,MQ,Envoy Air,BHM,"Birmingham, AL: Birmingham-Shuttlesworth International",85,11,4.66,0
2020,12,MQ,Envoy Air,BMI,"Bloomington/Normal, IL: Central Il Regional Airport at Bloomington",25,2,0.83,0.07
2020,12,MQ,Envoy Air,BNA,"Nashville, TN: Nashville International",5,0,0,0
2020,12,MQ,Envoy Air,BOI,"Boise, ID: Boise Air Terminal",30,3,1.47,0
2020,12,MQ,Envoy Air,BPT,"Beaumont/Port Arthur, TX: Jack Brooks Regional",77,11,3.54,1
2020,12,MQ,Envoy Air,BRO,"Brownsville, TX: Brownsville South Padre Island International",100,14,4.1,0.94
2020,12,MQ,Envoy Air,BTR,"Baton Rouge, LA: Baton Rouge Metropolitan/Ryan Field",134,23,4.31,1.17
2020,12,MQ,Envoy Air,BUF,"Buffalo, NY: Buffalo Niagara International",33,10,5.37,0
2020,12,MQ,Envoy Air,BWI,"Baltimore, MD: Baltimore/Washington International Thurgood Marshall",23,1,1,0
2020,12,MQ,Envoy Air,BZN,"Bozeman, MT: Bozeman Yellowstone International",56,6,2.44,0
2020,12,MQ,Envoy Air,CAE,"Columbia, SC: Columbia Metropolitan",59,9,3.15,0
2020,12,MQ,Envoy Air,CHA,"Chattanooga, TN: Lovell Field",59,6,1.71,0.86
2020,12,MQ,Envoy Air,CHS,"Charleston, SC: Charleston AFB/International",31,4,0.82,0
2020,12,MQ,Envoy Air,CID,"Cedar Rapids/Iowa City, IA: The Eastern Iowa",79,10,2.67,0.53
2020,12,MQ,Envoy Air,CLE,"Cleveland, OH: Cleveland-Hopkins International",55,11,1.44,0.08
2020,12,MQ,Envoy Air,CLL,"College Station/Bryan, TX: Easterwood Field",80,12,0.3,1.08
2020,12,MQ,Envoy Air,CMH,"Columbus, OH: John Glenn Columbus International",132,17,7.77,0.69
2020,12,MQ,Envoy Air,CMI,"Champaign/Urbana, IL: University of Illinois/Willard",88,10,3.53,0.16
2020,12,MQ,Envoy Air,COS,"Colorado Springs, CO: City of Colorado Springs Municipal",25,1,0,0
2020,12,MQ,Envoy Air,COU,"Columbia, MO: Columbia Regional",59,5,0,0.08
2020,12,MQ,Envoy Air,CRP,"Corpus Christi, TX: Corpus Christi International",174,23,4.06,0.88
2020,12,MQ,Envoy Air,CVG,"Cincinnati, OH: Cincinnati/Northern Kentucky International",212,25,5.16,1.91
2020,12,MQ,Envoy Air,CWA,"Mosinee, WI: Central Wisconsin",28,2,0.86,0.43
2020,12,MQ,Envoy Air,DAY,"Dayton, OH: James M Cox/Dayton International",86,12,3.47,0.65
2020,12,MQ,Envoy Air,DCA,"Washington, DC: Ronald Reagan Washington National",14,1,0.01,0
2020,12,MQ,Envoy Air,DFW,"Dallas/Fort Worth, TX: Dallas/Fort Worth International",6103,1229,172.87,43.91
2020,12,MQ,Envoy Air,DSM,"Des Moines, IA: Des Moines International",83,5,2.91,0.9
2020,12,MQ,Envoy Air,DTW,"Detroit, MI: Detroit Metro Wayne County",4,1,0,0
2020,12,MQ,Envoy Air,ELP,"El Paso, TX: El Paso International",56,3,0.68,0.03
2020,12,MQ,Envoy Air,EVV,"Evansville, IN: Evansville Regional",59,7,0.86,0.08
2020,12,MQ,Envoy Air,EWR,"Newark, NJ: Newark Liberty International",14,2,0,0.05
2020,12,MQ,Envoy Air,EYW,"Key West, FL: Key West International",24,4,1.9,1
2020,12,MQ,Envoy Air,FAR,"Fargo, ND: Hector International",106,15,2.37,2.36
2020,12,MQ,Envoy Air,FNT,"Flint, MI: Bishop International",52,6,0.11,0.48
2020,12,MQ,Envoy Air,FSD,"Sioux Falls, SD: Joe Foss Field",57,6,0.79,1.28
2020,12,MQ,Envoy Air,FSM,"Fort Smith, AR: Fort Smith Regional",34,6,2.94,0
2020,12,MQ,Envoy Air,GCK,"Garden City, KS: Garden City Regional",58,11,7,0
2020,12,MQ,Envoy Air,GGG,"Longview, TX: East Texas Regional",71,10,3.08,0.08
2020,12,MQ,Envoy Air,GJT,"Grand Junction, CO: Grand Junction Regional",59,6,0.95,0
2020,12,MQ,Envoy Air,GNV,"Gainesville, FL: Gainesville Regional",26,1,0.43,0
2020,12,MQ,Envoy Air,GPT,"Gulfport/Biloxi, MS: Gulfport-Biloxi International",71,7,2.6,0
2020,12,MQ,Envoy Air,GRB,"Green Bay, WI: Green Bay Austin Straubel International",66,2,1,0.3
2020,12,MQ,Envoy Air,GRI,"Grand Island, NE: Central Nebraska Regional",59,5,1.23,1
2020,12,MQ,Envoy Air,GRK,"Killeen, TX: Robert Gray AAF",176,25,5.85,3.99
2020,12,MQ,Envoy Air,GRR,"Grand Rapids, MI: Gerald R. Ford International",105,18,5.18,0.24
2020,12,MQ,Envoy Air,GSO,"Greensboro/High Point, NC: Piedmont Triad International",88,14,6.01,1.58
2020,12,MQ,Envoy Air,GSP,"Greer, SC: Greenville-Spartanburg International",51,6,2.43,0
2020,12,MQ,Envoy Air,HDN,"Hayden, CO: Yampa Valley",13,2,1,0
2020,12,MQ,Envoy Air,HOU,"Houston, TX: William P Hobby",30,6,0.61,0
2020,12,MQ,Envoy Air,HRL,"Harlingen/San Benito, TX: Valley International",6,0,0,0
2020,12,MQ,Envoy Air,HSV,"Huntsville, AL: Huntsville International-Carl T Jones Field",129,17,5.59,0.21
2020,12,MQ,Envoy Air,IAH,"Houston, TX: George Bush Intercontinental/Houston",33,4,0,0.13
2020,12,MQ,Envoy Air,ICT,"Wichita, KS: Wichita Dwight D Eisenhower National",100,13,5.35,0.91
2020,12,MQ,Envoy Air,ILM,"Wilmington, NC: Wilmington International",60,13,3.79,0.7
2020,12,MQ,Envoy Air,IND,"Indianapolis, IN: Indianapolis International",41,8,2.6,0.53
2020,12,MQ,Envoy Air,JAN,"Jackson/Vicksburg, MS: Jackson Medgar Wiley Evers International",144,10,1.26,0.2
2020,12,MQ,Envoy Air,JAX,"Jacksonville, FL: Jacksonville International",16,2,0,0
2020,12,MQ,Envoy Air,JLN,"Joplin, MO: Joplin Regional",16,1,0,0.37
2020,12,MQ,Envoy Air,LAN,"Lansing, MI: Capital Region International",28,3,1,0.03
2020,12,MQ,Envoy Air,LAW,"Lawton/Fort Sill, OK: Lawton-Fort Sill Regional",68,12,1,1.78
2020,12,MQ,Envoy Air,LBB,"Lubbock, TX: Lubbock Preston Smith International",30,5,1,0
2020,12,MQ,Envoy Air,LEX,"Lexington, KY: Blue Grass",100,9,2.95,0.82
2020,12,MQ,Envoy Air,LFT,"Lafayette, LA: Lafayette Regional Paul Fournet Field",24,1,0,0
2020,12,MQ,Envoy Air,LIT,"Little Rock, AR: Bill and Hillary Clinton Nat Adams Field",205,32,5.93,0.8
2020,12,MQ,Envoy Air,LRD,"Laredo, TX: Laredo International",78,8,1.98,0.34
2020,12,MQ,Envoy Air,LSE,"La Crosse, WI: La Crosse Regional",55,5,2,0.18
2020,12,MQ,Envoy Air,MCI,"Kansas City, MO: Kansas City International",232,28,7.25,0.09
2020,12,MQ,Envoy Air,MDT,"Harrisburg, PA: Harrisburg International",59,6,1.26,0
2020,12,MQ,Envoy Air,MEM,"Memphis, TN: Memphis International",129,20,4.6,2.35
2020,12,MQ,Envoy Air,MFE,"Mission/McAllen/Edinburg, TX: McAllen Miller International",107,22,7.72,0.7
2020,12,MQ,Envoy Air,MGM,"Montgomery, AL: Montgomery Regional",59,8,3.25,0.2
2020,12,MQ,Envoy Air,MHK,"Manhattan/Ft. Riley, KS: Manhattan Regional",58,4,0.62,0
2020,12,MQ,Envoy Air,MIA,"Miami, FL: Miami International",246,25,9.05,1.48
2020,12,MQ,Envoy Air,MKE,"Milwaukee, WI: General Mitchell International",24,1,1,0
2020,12,MQ,Envoy Air,MLI,"Moline, IL: Quad City International",25,5,0.06,0.38
2020,12,MQ,Envoy Air,MLU,"Monroe, LA: Monroe Regional",83,13,6.38,0.51
2020,12,MQ,Envoy Air,MOB,"Mobile, AL: Mobile Regional",80,11,2.92,0
2020,12,MQ,Envoy Air,MQT,"Marquette, MI: Sawyer International",41,4,1.63,0.07
2020,12,MQ,Envoy Air,MRY,"Monterey, CA: Monterey Regional",30,9,0.8,0.05
2020,12,MQ,Envoy Air,MSN,"Madison, WI: Dane County Regional-Truax Field",52,9,1.29,0.25
2020,12,MQ,Envoy Air,MSO,"Missoula, MT: Missoula International",60,13,4.8,0.09
2020,12,MQ,Envoy Air,MSP,"Minneapolis, MN: Minneapolis-St Paul International",97,14,5.84,2.34
2020,12,MQ,Envoy Air,MSY,"New Orleans, LA: Louis Armstrong New Orleans International",106,13,2.13,0.17
2020,12,MQ,Envoy Air,MYR,"Myrtle Beach, SC: Myrtle Beach International",31,10,1.11,0
2020,12,MQ,Envoy Air,OKC,"Oklahoma City, OK: Will Rogers World",70,6,3.53,0
2020,12,MQ,Envoy Air,OMA,"Omaha, NE: Eppley Airfield",119,14,3.81,0
2020,12,MQ,Envoy Air,ORD,"Chicago, IL: Chicago O'Hare International",2051,224,46.49,23.55
2020,12,MQ,Envoy Air,ORF,"Norfolk, VA: Norfolk International",81,6,1.49,0
2020,12,MQ,Envoy Air,PBI,"West Palm Beach/Palm Beach, FL: Palm Beach International",14,4,0.67,0
2020,12,MQ,Envoy Air,PHX,"Phoenix, AZ: Phoenix Sky Harbor International",12,4,0.06,0.24
2020,12,MQ,Envoy Air,PIA,"Peoria, IL: General Downing - Peoria International",27,2,1.95,0
2020,12,MQ,Envoy Air,PIT,"Pittsburgh, PA: Pittsburgh International",31,2,0.99,0.07
2020,12,MQ,Envoy Air,PNS,"Pensacola, FL: Pensacola International",85,4,1,0.3
2020,12,MQ,Envoy Air,PVD,"Providence, RI: Theodore Francis Green State",28,4,1,1.27
2020,12,MQ,Envoy Air,PWM,"Portland, ME: Portland International Jetport",24,4,1.23,0.65
2020,12,MQ,Envoy Air,RDU,"Raleigh/Durham, NC: Raleigh-Durham International",49,8,4.58,0
2020,12,MQ,Envoy Air,ROC,"Rochester, NY: Greater Rochester International",12,0,0,0
2020,12,MQ,Envoy Air,RST,"Rochester, MN: Rochester International",28,4,1,1
2020,12,MQ,Envoy Air,RSW,"Fort Myers, FL: Southwest Florida International",14,0,0,0
2020,12,MQ,Envoy Air,SAV,"Savannah, GA: Savannah/Hilton Head International",59,8,1.46,0.1
2020,12,MQ,Envoy Air,SBA,"Santa Barbara, CA: Santa Barbara Municipal",60,8,2.04,0.85
2020,12,MQ,Envoy Air,SBP,"San Luis Obispo, CA: San Luis County Regional",43,2,0.33,0
2020,12,MQ,Envoy Air,SDF,"Louisville, KY: Louisville Muhammad Ali International",25,3,0.05,0
2020,12,MQ,Envoy Air,SGF,"Springfield, MO: Springfield-Branson National",216,26,11.14,0.54
2020,12,MQ,Envoy Air,SHV,"Shreveport, LA: Shreveport Regional",52,6,3.21,0
2020,12,MQ,Envoy Air,SJT,"San Angelo, TX: San Angelo Regional/Mathis Field",124,9,2.46,0.22
2020,12,MQ,Envoy Air,SPS,"Wichita Falls, TX: Sheppard AFB/Wichita Falls Municipal",84,14,2.53,1.27
2020,12,MQ,Envoy Air,SRQ,"Sarasota/Bradenton, FL: Sarasota/Bradenton International",104,17,4,0.97
2020,12,MQ,Envoy Air,STL,"St. Louis, MO: St Louis Lambert International",111,10,2.33,1
2020,12,MQ,Envoy Air,STS,"Santa Rosa, CA: Charles M. Schulz - Sonoma County",1,0,0,0
2020,12,MQ,Envoy Air,SUX,"Sioux City, IA: Sioux Gateway Brig Gen Bud Day Field",28,1,0,0
2020,12,MQ,Envoy Air,SWO,"Stillwater, OK: Stillwater Regional",41,4,1,0.08
2020,12,MQ,Envoy Air,TOL,"Toledo, OH: Toledo Express",1,0,0,0
2020,12,MQ,Envoy Air,TUL,"Tulsa, OK: Tulsa International",39,5,2.15,0
2020,12,MQ,Envoy Air,TVC,"Traverse City, MI: Cherry Capital",80,15,7.68,0.57
2020,12,MQ,Envoy Air,TXK,"Texarkana, AR: Texarkana Regional-Webb Field",83,10,2.75,1
2020,12,MQ,Envoy Air,TYR,"Tyler, TX: Tyler Pounds Regional",105,13,0.15,0.32
2020,12,MQ,Envoy Air,TYS,"Knoxville, TN: McGhee Tyson",19,1,0,0
2020,12,MQ,Envoy Air,VPS,"Valparaiso, FL: Eglin AFB Destin Fort Walton Beach",89,10,0.21,1.08
2020,12,MQ,Envoy Air,XNA,"Fayetteville, AR: Northwest Arkansas Regional",222,31,10.48,0.88
2020,12,NK,Spirit Air Lines,ACY,"Atlantic City, NJ: Atlantic City International",169,9,1.06,0.89
2020,12,NK,Spirit Air Lines,ATL,"Atlanta, GA: Hartsfield-Jackson Atlanta International",624,96,22.07,1.8
2020,12,NK,Spirit Air Lines,AUS,"Austin, TX: Austin - Bergstrom International",127,17,4.95,0.45
2020,12,NK,Spirit Air Lines,BDL,"Hartford, CT: Bradley International",70,15,4.27,0
2020,12,NK,Spirit Air Lines,BNA,"Nashville, TN: Nashville International",106,9,2.17,0.68
2020,12,NK,Spirit Air Lines,BOS,"Boston, MA: Logan International",250,35,7.14,1
2020,12,NK,Spirit Air Lines,BUR,"Burbank, CA: Bob Hope",25,1,0,0
2020,12,NK,Spirit Air Lines,BWI,"Baltimore, MD: Baltimore/Washington International Thurgood Marshall",357,49,15,0
2020,12,NK,Spirit Air Lines,CAK,"Akron, OH: Akron-Canton Regional",42,4,1,0
2020,12,NK,Spirit Air Lines,CLE,"Cleveland, OH: Cleveland-Hopkins International",211,32,4.34,0
2020,12,NK,Spirit Air Lines,CLT,"Charlotte, NC: Charlotte Douglas International",49,9,4.15,0
2020,12,NK,Spirit Air Lines,CMH,"Columbus, OH: John Glenn Columbus International",125,13,4.58,0
2020,12,NK,Spirit Air Lines,DEN,"Denver, CO: Denver International",153,32,7.11,0
2020,12,NK,Spirit Air Lines,DFW,"Dallas/Fort Worth, TX: Dallas/Fort Worth International",451,64,15.99,0.68
2020,12,NK,Spirit Air Lines,DTW,"Detroit, MI: Detroit Metro Wayne County",625,113,26.67,0.47
2020,12,NK,Spirit Air Lines,EWR,"Newark, NJ: Newark Liberty International",565,72,19.73,1.79
2020,12,NK,Spirit Air Lines,FLL,"Fort Lauderdale, FL: Fort Lauderdale-Hollywood International",1592,237,51.29,4.93
2020,12,NK,Spirit Air Lines,IAH,"Houston, TX: George Bush Intercontinental/Houston",430,79,22.85,0.97
2020,12,NK,Spirit Air Lines,IND,"Indianapolis, IN: Indianapolis International",100,10,2.22,0.85
2020,12,NK,Spirit Air Lines,LAS,"Las Vegas, NV: McCarran International",1070,120,29.95,3.58
2020,12,NK,Spirit Air Lines,LAX,"Los Angeles, CA: Los Angeles International",552,108,26.47,0.88
2020,12,NK,Spirit Air Lines,LBE,"Latrobe, PA: Arnold Palmer Regional",64,11,2.05,0
2020,12,NK,Spirit Air Lines,LGA,"New York, NY: LaGuardia",238,45,11.82,0
2020,12,NK,Spirit Air Lines,MCI,"Kansas City, MO: Kansas City International",76,6,0.53,0
2020,12,NK,Spirit Air Lines,MCO,"Orlando, FL: Orlando International",1310,207,47.76,3.3
2020,12,NK,Spirit Air Lines,MSP,"Minneapolis, MN: Minneapolis-St Paul International",108,19,4.18,0.73
2020,12,NK,Spirit Air Lines,MSY,"New Orleans, LA: Louis Armstrong New Orleans International",248,27,6.09,0.1
2020,12,NK,Spirit Air Lines,MYR,"Myrtle Beach, SC: Myrtle Beach International",144,19,3.81,0.89
2020,12,NK,Spirit Air Lines,OAK,"Oakland, CA: Metropolitan Oakland International",111,7,2.23,0
2020,12,NK,Spirit Air Lines,ORD,"Chicago, IL: Chicago O'Hare International",501,92,9.28,4.43
2020,12,NK,Spirit Air Lines,PBI,"West Palm Beach/Palm Beach, FL: Palm Beach International",61,7,1.66,0
2020,12,NK,Spirit Air Lines,PDX,"Portland, OR: Portland International",50,7,2.01,0
2020,12,NK,Spirit Air Lines,PHL,"Philadelphia, PA: Philadelphia International",263,46,12.25,0
2020,12,NK,Spirit Air Lines,PHX,"Phoenix, AZ: Phoenix Sky Harbor International",67,12,3.21,0
2020,12,NK,Spirit Air Lines,PIT,"Pittsburgh, PA: Pittsburgh International",190,17,6.91,0
2020,12,NK,Spirit Air Lines,RDU,"Raleigh/Durham, NC: Raleigh-Durham International",50,9,1.85,0
2020,12,NK,Spirit Air Lines,RIC,"Richmond, VA: Richmond International",29,2,0.76,0
2020,12,NK,Spirit Air Lines,RSW,"Fort Myers, FL: Southwest Florida International",326,57,10.93,0.24
2020,12,NK,Spirit Air Lines,SAN,"San Diego, CA: San Diego International",69,10,4.51,0
2020,12,NK,Spirit Air Lines,SEA,"Seattle, WA: Seattle/Tacoma International",43,10,0.37,0
2020,12,NK,Spirit Air Lines,SJU,"San Juan, PR: Luis Munoz Marin International",364,43,7.15,4.42
2020,12,NK,Spirit Air Lines,SMF,"Sacramento, CA: Sacramento International",41,4,1,0
2020,12,NK,Spirit Air Lines,SNA,"Santa Ana, CA: John Wayne Airport-Orange County",68,5,1.71,0
2020,12,NK,Spirit Air Lines,STT,"Charlotte Amalie, VI: Cyril E King",45,2,0,0
2020,12,NK,Spirit Air Lines,STX,"Christiansted, VI: Henry E. Rohlsen",24,4,3.34,0
2020,12,NK,Spirit Air Lines,TPA,"Tampa, FL: Tampa International",562,104,22.95,3.59
2020,12,OH,PSA Airlines Inc.,ABE,"Allentown/Bethlehem/Easton, PA: Lehigh Valley International",80,10,1.9,0
2020,12,OH,PSA Airlines Inc.,AGS,"Augusta, GA: Augusta Regional at Bush Field",52,7,3.82,1
2020,12,OH,PSA Airlines Inc.,ALB,"Albany, NY: Albany International",12,0,0,0
2020,12,OH,PSA Airlines Inc.,ATL,"Atlanta, GA: Hartsfield-Jackson Atlanta International",60,8,5.74,0.53
2020,12,OH,PSA Airlines Inc.,AVL,"Asheville, NC: Asheville Regional",131,18,4.38,0.56
2020,12,OH,PSA Airlines Inc.,AVP,"Scranton/Wilkes-Barre, PA: Wilkes Barre Scranton International",83,7,4.44,0
2020,12,OH,PSA Airlines Inc.,BDL,"Hartford, CT: Bradley International",97,9,3.13,0.54
2020,12,OH,PSA Airlines Inc.,BGR,"Bangor, ME: Bangor International",79,6,3.94,2
2020,12,OH,PSA Airlines Inc.,BHM,"Birmingham, AL: Birmingham-Shuttlesworth International",154,22,1.71,0
2020,12,OH,PSA Airlines Inc.,BNA,"Nashville, TN: Nashville International",64,7,5.83,0
2020,12,OH,PSA Airlines Inc.,BTR,"Baton Rouge, LA: Baton Rouge Metropolitan/Ryan Field",61,11,2.36,0
2020,12,OH,PSA Airlines Inc.,BTV,"Burlington, VT: Burlington International",129,7,2.26,1.53
2020,12,OH,PSA Airlines Inc.,BUF,"Buffalo, NY: Buffalo Niagara International",18,1,0,0
2020,12,OH,PSA Airlines Inc.,CAE,"Columbia, SC: Columbia Metropolitan",92,5,3.73,1
2020,12,OH,PSA Airlines Inc.,CAK,"Akron, OH: Akron-Canton Regional",97,6,3.04,0
2020,12,OH,PSA Airlines Inc.,CHA,"Chattanooga, TN: Lovell Field",62,4,1.08,0
2020,12,OH,PSA Airlines Inc.,CHO,"Charlottesville, VA: Charlottesville Albemarle",32,2,0,1
2020,12,OH,PSA Airlines Inc.,CHS,"Charleston, SC: Charleston AFB/International",256,33,9.43,1
2020,12,OH,PSA Airlines Inc.,CID,"Cedar Rapids/Iowa City, IA: The Eastern Iowa",59,5,1.47,0
2020,12,OH,PSA Airlines Inc.,CLE,"Cleveland, OH: Cleveland-Hopkins International",63,2,1.2,0
2020,12,OH,PSA Airlines Inc.,CLT,"Charlotte, NC: Charlotte Douglas International",5890,524,145.67,16.1
2020,12,OH,PSA Airlines Inc.,CMH,"Columbus, OH: John Glenn Columbus International",20,1,0,0
2020,12,OH,PSA Airlines Inc.,CRW,"Charleston/Dunbar, WV: Yeager",85,12,7.21,0.99
2020,12,OH,PSA Airlines Inc.,CVG,"Cincinnati, OH: Cincinnati/Northern Kentucky International",181,12,5.84,0
2020,12,OH,PSA Airlines Inc.,DAB,"Daytona Beach, FL: Daytona Beach International",141,16,2.81,1
2020,12,OH,PSA Airlines Inc.,DAY,"Dayton, OH: James M Cox/Dayton International",176,25,8.5,0.34
2020,12,OH,PSA Airlines Inc.,DCA,"Washington, DC: Ronald Reagan Washington National",79,1,0,0
2020,12,OH,PSA Airlines Inc.,DFW,"Dallas/Fort Worth, TX: Dallas/Fort Worth International",177,26,4.01,1
2020,12,OH,PSA Airlines Inc.,DSM,"Des Moines, IA: Des Moines International",31,3,1,0
2020,12,OH,PSA Airlines Inc.,DTW,"Detroit, MI: Detroit Metro Wayne County",125,6,3.65,0.99
2020,12,OH,PSA Airlines Inc.,ECP,"Panama City, FL: Northwest Florida Beaches International",93,16,4.93,0.04
2020,12,OH,PSA Airlines Inc.,ERI,"Erie, PA: Erie International/Tom Ridge Field",59,6,5.14,0
2020,12,OH,PSA Airlines Inc.,EWN,"New Bern/Morehead/Beaufort, NC: Coastal Carolina Regional",99,7,0.84,0
2020,12,OH,PSA Airlines Inc.,EWR,"Newark, NJ: Newark Liberty International",2,0,0,0
2020,12,OH,PSA Airlines Inc.,FAY,"Fayetteville, NC: Fayetteville Regional/Grannis Field",131,20,8.29,0
2020,12,OH,PSA Airlines Inc.,FNT,"Flint, MI: Bishop International",79,5,1.98,0
2020,12,OH,PSA Airlines Inc.,FSD,"Sioux Falls, SD: Joe Foss Field",47,6,0.78,1.02
2020,12,OH,PSA Airlines Inc.,FWA,"Fort Wayne, IN: Fort Wayne International",54,4,3.48,0
2020,12,OH,PSA Airlines Inc.,GNV,"Gainesville, FL: Gainesville Regional",85,6,0.95,0
2020,12,OH,PSA Airlines Inc.,GPT,"Gulfport/Biloxi, MS: Gulfport-Biloxi International",54,12,2.86,0
2020,12,OH,PSA Airlines Inc.,GRR,"Grand Rapids, MI: Gerald R. Ford International",73,5,2.59,0
2020,12,OH,PSA Airlines Inc.,GSO,"Greensboro/High Point, NC: Piedmont Triad International",55,7,4.47,0
2020,12,OH,PSA Airlines Inc.,GSP,"Greer, SC: Greenville-Spartanburg International",273,32,19.18,0
2020,12,OH,PSA Airlines Inc.,HPN,"White Plains, NY: Westchester County",62,5,2.23,0
2020,12,OH,PSA Airlines Inc.,HSV,"Huntsville, AL: Huntsville International-Carl T Jones Field",83,9,5.08,0
2020,12,OH,PSA Airlines Inc.,IAD,"Washington, DC: Washington Dulles International",99,14,3.42,0
2020,12,OH,PSA Airlines Inc.,IAH,"Houston, TX: George Bush Intercontinental/Houston",2,1,0,1
2020,12,OH,PSA Airlines Inc.,ILM,"Wilmington, NC: Wilmington International",141,14,5.93,0
2020,12,OH,PSA Airlines Inc.,IND,"Indianapolis, IN: Indianapolis International",42,2,2,0
2020,12,OH,PSA Airlines Inc.,JAN,"Jackson/Vicksburg, MS: Jackson Medgar Wiley Evers International",54,10,2.49,0
2020,12,OH,PSA Airlines Inc.,JAX,"Jacksonville, FL: Jacksonville International",66,6,3.61,0
2020,12,OH,PSA Airlines Inc.,LEX,"Lexington, KY: Blue Grass",85,6,1.24,0
2020,12,OH,PSA Airlines Inc.,LIT,"Little Rock, AR: Bill and Hillary Clinton Nat Adams Field",83,8,1.1,0
2020,12,OH,PSA Airlines Inc.,LYH,"Lynchburg, VA: Lynchburg Regional/Preston Glenn Field",17,1,0.94,0
2020,12,OH,PSA Airlines Inc.,MDT,"Harrisburg, PA: Harrisburg International",62,5,2.4,0
2020,12,OH,PSA Airlines Inc.,MEM,"Memphis, TN: Memphis International",45,3,0.7,0
2020,12,OH,PSA Airlines Inc.,MHT,"Manchester, NH: Manchester-Boston Regional",152,12,5.57,0
2020,12,OH,PSA Airlines Inc.,MKE,"Milwaukee, WI: General Mitchell International",84,1,1,0
2020,12,OH,PSA Airlines Inc.,MLB,"Melbourne, FL: Melbourne International",83,5,0,0
2020,12,OH,PSA Airlines Inc.,MOB,"Mobile, AL: Mobile Regional",19,1,1,0
2020,12,OH,PSA Airlines Inc.,MSN,"Madison, WI: Dane County Regional-Truax Field",61,6,2,0
2020,12,OH,PSA Airlines Inc.,MSY,"New Orleans, LA: Louis Armstrong New Orleans International",48,3,2.91,0
2020,12,OH,PSA Airlines Inc.,MYR,"Myrtle Beach, SC: Myrtle Beach International",143,20,3.91,0
2020,12,OH,PSA Airlines Inc.,OAJ,"Jacksonville/Camp Lejeune, NC: Albert J Ellis",91,8,4.79,0
2020,12,OH,PSA Airlines Inc.,OKC,"Oklahoma City, OK: Will Rogers World",21,1,0,0
2020,12,OH,PSA Airlines Inc.,OMA,"Omaha, NE: Eppley Airfield",45,8,2.45,0
2020,12,OH,PSA Airlines Inc.,ORF,"Norfolk, VA: Norfolk International",210,26,12.04,0.79
2020,12,OH,PSA Airlines Inc.,PBI,"West Palm Beach/Palm Beach, FL: Palm Beach International",15,0,0,0
2020,12,OH,PSA Airlines Inc.,PHF,"Newport News/Williamsburg, VA: Newport News/Williamsburg International",72,9,5.14,0
2020,12,OH,PSA Airlines Inc.,PHL,"Philadelphia, PA: Philadelphia International",1001,102,34.62,0.16
2020,12,OH,PSA Airlines Inc.,PIA,"Peoria, IL: General Downing - Peoria International",55,4,1.49,0
2020,12,OH,PSA Airlines Inc.,PIT,"Pittsburgh, PA: Pittsburgh International",35,4,2,0
2020,12,OH,PSA Airlines Inc.,PNS,"Pensacola, FL: Pensacola International",176,24,9.98,0.01
2020,12,OH,PSA Airlines Inc.,PVD,"Providence, RI: Theodore Francis Green State",117,11,5.96,0
2020,12,OH,PSA Airlines Inc.,PWM,"Portland, ME: Portland International Jetport",23,2,1,0
2020,12,OH,PSA Airlines Inc.,RAP,"Rapid City, SD: Rapid City Regional",1,0,0,0
2020,12,OH,PSA Airlines Inc.,RDU,"Raleigh/Durham, NC: Raleigh-Durham International",69,9,4.46,0
2020,12,OH,PSA Airlines Inc.,RIC,"Richmond, VA: Richmond International",128,26,10.89,0
2020,12,OH,PSA Airlines Inc.,ROC,"Rochester, NY: Greater Rochester International",91,10,3.8,0
2020,12,OH,PSA Airlines Inc.,RSW,"Fort Myers, FL: Southwest Florida International",3,0,0,0
2020,12,OH,PSA Airlines Inc.,SAV,"Savannah, GA: Savannah/Hilton Head International",207,15,6.5,0.42
2020,12,OH,PSA Airlines Inc.,SBN,"South Bend, IN: South Bend International",60,3,1.75,0
2020,12,OH,PSA Airlines Inc.,SDF,"Louisville, KY: Louisville Muhammad Ali International",19,1,1,0
2020,12,OH,PSA Airlines Inc.,SGF,"Springfield, MO: Springfield-Branson National",62,2,2,0
2020,12,OH,PSA Airlines Inc.,SHV,"Shreveport, LA: Shreveport Regional",50,6,1.18,0
2020,12,OH,PSA Airlines Inc.,SRQ,"Sarasota/Bradenton, FL: Sarasota/Bradenton International",67,11,3.11,0
2020,12,OH,PSA Airlines Inc.,STL,"St. Louis, MO: St Louis Lambert International",48,5,3.29,0
2020,12,OH,PSA Airlines Inc.,SYR,"Syracuse, NY: Syracuse Hancock International",60,5,3.11,0
2020,12,OH,PSA Airlines Inc.,TLH,"Tallahassee, FL: Tallahassee International",71,9,1,0
2020,12,OH,PSA Airlines Inc.,TUL,"Tulsa, OK: Tulsa International",28,2,1.86,0
2020,12,OH,PSA Airlines Inc.,TYS,"Knoxville, TN: McGhee Tyson",147,20,8.12,0.53
2020,12,OH,PSA Airlines Inc.,VPS,"Valparaiso, FL: Eglin AFB Destin Fort Walton Beach",137,9,3.14,0
2020,12,OH,PSA Airlines Inc.,XNA,"Fayetteville, AR: Northwest Arkansas Regional",61,7,3.06,0
2020,12,OO,SkyWest Airlines Inc.,ABE,"Allentown/Bethlehem/Easton, PA: Lehigh Valley International",88,17,17,0
2020,12,OO,SkyWest Airlines Inc.,ABI,"Abilene, TX: Abilene Regional",61,2,0,0
2020,12,OO,SkyWest Airlines Inc.,ABQ,"Albuquerque, NM: Albuquerque International Sunport",332,37,25,3
2020,12,OO,SkyWest Airlines Inc.,ABR,"Aberdeen, SD: Aberdeen Regional",62,7,6,1
2020,12,OO,SkyWest Airlines Inc.,ACV,"Arcata/Eureka, CA: California Redwood Coast Humboldt County",67,4,4,0
2020,12,OO,SkyWest Airlines Inc.,AEX,"Alexandria, LA: Alexandria International",51,6,6,0
2020,12,OO,SkyWest Airlines Inc.,ALB,"Albany, NY: Albany International",15,4,3,1
2020,12,OO,SkyWest Airlines Inc.,ALS,"Alamosa, CO: San Luis Valley Regional/Bergman Field",53,3,2,1
2020,12,OO,SkyWest Airlines Inc.,AMA,"Amarillo, TX: Rick Husband Amarillo International",28,4,3,0
2020,12,OO,SkyWest Airlines Inc.,APN,"Alpena, MI: Alpena County Regional",53,9,7,2
2020,12,OO,SkyWest Airlines Inc.,ASE,"Aspen, CO: Aspen Pitkin County Sardy Field",599,165,65,12
2020,12,OO,SkyWest Airlines Inc.,ATL,"Atlanta, GA: Hartsfield-Jackson Atlanta International",102,10,6,3
2020,12,OO,SkyWest Airlines Inc.,ATW,"Appleton, WI: Appleton International",47,14,12,2
2020,12,OO,SkyWest Airlines Inc.,ATY,"Watertown, SD: Watertown Regional",53,6,4,2
2020,12,OO,SkyWest Airlines Inc.,AUS,"Austin, TX: Austin - Bergstrom International",109,18,13,2
2020,12,OO,SkyWest Airlines Inc.,AZO,"Kalamazoo, MI: Kalamazoo/Battle Creek International",37,4,4,0
2020,12,OO,SkyWest Airlines Inc.,BDL,"Hartford, CT: Bradley International",NA,NA,NA,NA
2020,12,OO,SkyWest Airlines Inc.,BFF,"Scottsbluff, NE: Western Neb. Regional/William B. Heilig Field",53,9,6,0
2020,12,OO,SkyWest Airlines Inc.,BFL,"Bakersfield, CA: Meadows Field",86,9,4,0
2020,12,OO,SkyWest Airlines Inc.,BGM,"Binghamton, NY: Greater Binghamton/Edwin A. Link Field",31,10,7,2
2020,12,OO,SkyWest Airlines Inc.,BHM,"Birmingham, AL: Birmingham-Shuttlesworth International",107,21,16,1
2020,12,OO,SkyWest Airlines Inc.,BIL,"Billings, MT: Billings Logan International",276,42,27,2
2020,12,OO,SkyWest Airlines Inc.,BIS,"Bismarck/Mandan, ND: Bismarck Municipal",276,33,19,4
2020,12,OO,SkyWest Airlines Inc.,BJI,"Bemidji, MN: Bemidji Regional",62,16,12,4
2020,12,OO,SkyWest Airlines Inc.,BMI,"Bloomington/Normal, IL: Central Il Regional Airport at Bloomington",40,10,8,1
2020,12,OO,SkyWest Airlines Inc.,BNA,"Nashville, TN: Nashville International",397,59,38,5
2020,12,OO,SkyWest Airlines Inc.,BOI,"Boise, ID: Boise Air Terminal",760,67,44,11
2020,12,OO,SkyWest Airlines Inc.,BRD,"Brainerd, MN: Brainerd Lakes Regional",53,7,7,0
2020,12,OO,SkyWest Airlines Inc.,BRO,"Brownsville, TX: Brownsville South Padre Island International",42,5,5,0
2020,12,OO,SkyWest Airlines Inc.,BTM,"Butte, MT: Bert Mooney",58,7,6,1
2020,12,OO,SkyWest Airlines Inc.,BUF,"Buffalo, NY: Buffalo Niagara International",2,1,1,0
2020,12,OO,SkyWest Airlines Inc.,BUR,"Burbank, CA: Bob Hope",260,18,13,1
2020,12,OO,SkyWest Airlines Inc.,BWI,"Baltimore, MD: Baltimore/Washington International Thurgood Marshall",27,4,3,0
2020,12,YX,Republic Airline,MSP,"Minneapolis, MN: Minneapolis-St Paul International",138,21,10.45,1
2020,12,YX,Republic Airline,MSY,"New Orleans, LA: Louis Armstrong New Orleans International",191,17,7.63,1.65
2020,12,YX,Republic Airline,MTJ,"Montrose/Delta, CO: Montrose Regional",15,1,0,0
2020,12,YX,Republic Airline,MYR,"Myrtle Beach, SC: Myrtle Beach International",57,5,1.32,0
2020,12,YX,Republic Airline,OKC,"Oklahoma City, OK: Will Rogers World",60,5,1.23,0.8
2020,12,YX,Republic Airline,OMA,"Omaha, NE: Eppley Airfield",47,1,0,0
2020,12,YX,Republic Airline,ORD,"Chicago, IL: Chicago O'Hare International",2130,154,54.43,8.12
2020,12,YX,Republic Airline,ORF,"Norfolk, VA: Norfolk International",156,19,6.44,1
2020,12,YX,Republic Airline,PBI,"West Palm Beach/Palm Beach, FL: Palm Beach International",93,14,3.34,0.41
2020,12,YX,Republic Airline,PHL,"Philadelphia, PA: Philadelphia International",1304,135,28.23,2.11
2020,12,YX,Republic Airline,PIA,"Peoria, IL: General Downing - Peoria International",15,1,0,0
2020,12,YX,Republic Airline,PIT,"Pittsburgh, PA: Pittsburgh International",574,37,14.52,0.48
2020,12,YX,Republic Airline,PNS,"Pensacola, FL: Pensacola International",50,5,3.19,0
2020,12,YX,Republic Airline,PVD,"Providence, RI: Theodore Francis Green State",48,2,1,0
2020,12,YX,Republic Airline,PWM,"Portland, ME: Portland International Jetport",236,31,11.16,4.18
2020,12,YX,Republic Airline,RDU,"Raleigh/Durham, NC: Raleigh-Durham International",467,41,19.11,0.95
2020,12,YX,Republic Airline,RIC,"Richmond, VA: Richmond International",193,19,8.02,1.6
2020,12,YX,Republic Airline,ROA,"Roanoke, VA: Roanoke Blacksburg Regional Woodrum Field",2,0,0,0
2020,12,YX,Republic Airline,ROC,"Rochester, NY: Greater Rochester International",47,1,0.17,0
2020,12,YX,Republic Airline,RSW,"Fort Myers, FL: Southwest Florida International",151,17,5.78,0
2020,12,YX,Republic Airline,SAT,"San Antonio, TX: San Antonio International",45,2,1,0
2020,12,YX,Republic Airline,SAV,"Savannah, GA: Savannah/Hilton Head International",175,10,2.7,1
2020,12,YX,Republic Airline,SDF,"Louisville, KY: Louisville Muhammad Ali International",406,23,8.52,1.71
2020,12,YX,Republic Airline,SLC,"Salt Lake City, UT: Salt Lake City International",13,1,0,0
2020,12,YX,Republic Airline,SRQ,"Sarasota/Bradenton, FL: Sarasota/Bradenton International",169,15,7.43,0
2020,12,YX,Republic Airline,STL,"St. Louis, MO: St Louis Lambert International",125,10,7.15,0
2020,12,YX,Republic Airline,SYR,"Syracuse, NY: Syracuse Hancock International",91,7,1.38,0
2020,12,YX,Republic Airline,TLH,"Tallahassee, FL: Tallahassee International",100,4,3.86,0
2020,12,YX,Republic Airline,TPA,"Tampa, FL: Tampa International",164,13,6.81,0
2020,12,YX,Republic Airline,TUL,"Tulsa, OK: Tulsa International",16,0,0,0
2020,12,YX,Republic Airline,TUS,"Tucson, AZ: Tucson International",17,0,0,0
2020,12,YX,Republic Airline,TVC,"Traverse City, MI: Cherry Capital",4,0,0,0
2020,12,YX,Republic Airline,TYS,"Knoxville, TN: McGhee Tyson",1,0,0,0
2020,12,YX,Republic Airline,VPS,"Valparaiso, FL: Eglin AFB Destin Fort Walton Beach",8,0,0,0
2020,12,OO,SkyWest Airlines Inc.,BZN,"Bozeman, MT: Bozeman Yellowstone International",204,34,22,5
2020,12,OO,SkyWest Airlines Inc.,CDC,"Cedar City, UT: Cedar City Regional",53,3,3,0
2020,12,OO,SkyWest Airlines Inc.,CGI,"Cape Girardeau, MO: Cape Girardeau Regional",53,3,2,0
2020,12,OO,SkyWest Airlines Inc.,CHA,"Chattanooga, TN: Lovell Field",30,0,0,0
2020,12,OO,SkyWest Airlines Inc.,CHS,"Charleston, SC: Charleston AFB/International",33,8,7,0
2020,12,OO,SkyWest Airlines Inc.,CID,"Cedar Rapids/Iowa City, IA: The Eastern Iowa",264,45,31,4
2020,12,OO,SkyWest Airlines Inc.,CIU,"Sault Ste. Marie, MI: Chippewa County International",61,16,16,0
2020,12,OO,SkyWest Airlines Inc.,CKB,"Clarksburg/Fairmont, WV: North Central West Virginia",53,5,4,0
2020,12,OO,SkyWest Airlines Inc.,CLE,"Cleveland, OH: Cleveland-Hopkins International",66,8,8,0
2020,12,OO,SkyWest Airlines Inc.,CLL,"College Station/Bryan, TX: Easterwood Field",26,3,3,0
2020,12,OO,SkyWest Airlines Inc.,CLT,"Charlotte, NC: Charlotte Douglas International",99,13,11,1
2020,12,OO,SkyWest Airlines Inc.,CMH,"Columbus, OH: John Glenn Columbus International",95,20,19,0
2020,12,OO,SkyWest Airlines Inc.,CMX,"Hancock/Houghton, MI: Houghton County Memorial",62,2,2,0
2020,12,OO,SkyWest Airlines Inc.,CNY,"Moab, UT: Canyonlands Field",31,2,1,0
2020,12,OO,SkyWest Airlines Inc.,COD,"Cody, WY: Yellowstone Regional",50,7,5,0
2020,12,OO,SkyWest Airlines Inc.,COS,"Colorado Springs, CO: City of Colorado Springs Municipal",442,61,44,3
2020,12,OO,SkyWest Airlines Inc.,CPR,"Casper, WY: Casper/Natrona County International",171,13,11,0
2020,12,OO,SkyWest Airlines Inc.,CVG,"Cincinnati, OH: Cincinnati/Northern Kentucky International",53,6,5,0
2020,12,OO,SkyWest Airlines Inc.,CYS,"Cheyenne, WY: Cheyenne Regional/Jerry Olson Field",31,3,2,0
2020,12,OO,SkyWest Airlines Inc.,DAL,"Dallas, TX: Dallas Love Field",48,1,1,0
2020,12,OO,SkyWest Airlines Inc.,DAY,"Dayton, OH: James M Cox/Dayton International",7,1,1,0
2020,12,OO,SkyWest Airlines Inc.,DCA,"Washington, DC: Ronald Reagan Washington National",53,2,0,0
2020,12,OO,SkyWest Airlines Inc.,DDC,"Dodge City, KS: Dodge City Regional",53,8,4,1
2020,12,OO,SkyWest Airlines Inc.,DEC,"Decatur, IL: Decatur Airport",53,5,2,0
2020,12,OO,SkyWest Airlines Inc.,DEN,"Denver, CO: Denver International",5707,1075,697,63
2020,12,OO,SkyWest Airlines Inc.,DFW,"Dallas/Fort Worth, TX: Dallas/Fort Worth International",1800,381,186,22
2020,12,OO,SkyWest Airlines Inc.,DIK,"Dickinson, ND: Dickinson - Theodore Roosevelt Regional",30,7,6,0
2020,12,OO,SkyWest Airlines Inc.,DRO,"Durango, CO: Durango La Plata County",282,27,16,1
2020,12,OO,SkyWest Airlines Inc.,DSM,"Des Moines, IA: Des Moines International",163,24,14,0
2020,12,OO,SkyWest Airlines Inc.,DTW,"Detroit, MI: Detroit Metro Wayne County",1709,264,196,59
2020,12,OO,SkyWest Airlines Inc.,DVL,"Devils Lake, ND: Devils Lake Regional",53,6,1,2
2020,12,OO,SkyWest Airlines Inc.,EAR,"Kearney, NE: Kearney Regional",61,9,8,0
2020,12,OO,SkyWest Airlines Inc.,EAU,"Eau Claire, WI: Chippewa Valley Regional",62,1,1,0
2020,12,OO,SkyWest Airlines Inc.,EGE,"Eagle, CO: Eagle County Regional",149,25,6,3
2020,12,OO,SkyWest Airlines Inc.,EKO,"Elko, NV: Elko Regional",56,5,3,1
2020,12,OO,SkyWest Airlines Inc.,ELP,"El Paso, TX: El Paso International",100,20,18,1
2020,12,OO,SkyWest Airlines Inc.,ESC,"Escanaba, MI: Delta County",53,7,6,1
2020,12,OO,SkyWest Airlines Inc.,EUG,"Eugene, OR: Mahlon Sweet Field",381,35,19,8
2020,12,OO,SkyWest Airlines Inc.,FAI,"Fairbanks, AK: Fairbanks International",31,4,3,1
2020,12,OO,SkyWest Airlines Inc.,FAR,"Fargo, ND: Hector International",135,22,18,3
2020,12,OO,SkyWest Airlines Inc.,FAT,"Fresno, CA: Fresno Yosemite International",538,60,28,8
2020,12,OO,SkyWest Airlines Inc.,FCA,"Kalispell, MT: Glacier Park International",153,26,21,2
2020,12,OO,SkyWest Airlines Inc.,FLG,"Flagstaff, AZ: Flagstaff Pulliam",150,11,4,0
2020,12,OO,SkyWest Airlines Inc.,FLL,"Fort Lauderdale, FL: Fort Lauderdale-Hollywood International",1,0,0,0
2020,12,OO,SkyWest Airlines Inc.,FSD,"Sioux Falls, SD: Joe Foss Field",135,23,16,1
2020,12,OO,SkyWest Airlines Inc.,FSM,"Fort Smith, AR: Fort Smith Regional",53,5,4,0
2020,12,OO,SkyWest Airlines Inc.,FWA,"Fort Wayne, IN: Fort Wayne International",206,37,30,3
2020,12,OO,SkyWest Airlines Inc.,GCC,"Gillette, WY: Gillette Campbell County",55,8,7,0
2020,12,OO,SkyWest Airlines Inc.,GEG,"Spokane, WA: Spokane International",295,47,33,9
2020,12,OO,SkyWest Airlines Inc.,GFK,"Grand Forks, ND: Grand Forks International",77,13,9,4
2020,12,OO,SkyWest Airlines Inc.,GJT,"Grand Junction, CO: Grand Junction Regional",301,37,27,0
2020,12,OO,SkyWest Airlines Inc.,GNV,"Gainesville, FL: Gainesville Regional",31,6,1,0
2020,12,OO,SkyWest Airlines Inc.,GRB,"Green Bay, WI: Green Bay Austin Straubel International",13,3,1,0
2020,12,OO,SkyWest Airlines Inc.,GRR,"Grand Rapids, MI: Gerald R. Ford International",78,15,12,1
2020,12,OO,SkyWest Airlines Inc.,GSP,"Greer, SC: Greenville-Spartanburg International",4,1,0,0
2020,12,OO,SkyWest Airlines Inc.,GTF,"Great Falls, MT: Great Falls International",191,21,15,4
2020,12,OO,SkyWest Airlines Inc.,GUC,"Gunnison, CO: Gunnison-Crested Butte Regional",57,13,7,2
2020,12,OO,SkyWest Airlines Inc.,HDN,"Hayden, CO: Yampa Valley",116,9,7,1
2020,12,OO,SkyWest Airlines Inc.,HIB,"Hibbing, MN: Range Regional",53,6,3,2
2020,12,OO,SkyWest Airlines Inc.,HLN,"Helena, MT: Helena Regional",105,7,5,2
2020,12,OO,SkyWest Airlines Inc.,HOB,"Hobbs, NM: Lea County Regional",23,0,0,0
2020,12,OO,SkyWest Airlines Inc.,HOU,"Houston, TX: William P Hobby",25,2,1,0
2020,12,OO,SkyWest Airlines Inc.,HRL,"Harlingen/San Benito, TX: Valley International",114,10,5,2
2020,12,OO,SkyWest Airlines Inc.,HSV,"Huntsville, AL: Huntsville International-Carl T Jones Field",32,3,2,0
2020,12,OO,SkyWest Airlines Inc.,HYS,"Hays, KS: Hays Regional",53,9,8,0
2020,12,OO,SkyWest Airlines Inc.,IAD,"Washington, DC: Washington Dulles International",311,35,25,9
2020,12,OO,SkyWest Airlines Inc.,IAH,"Houston, TX: George Bush Intercontinental/Houston",1773,227,148,20
2020,12,OO,SkyWest Airlines Inc.,ICT,"Wichita, KS: Wichita Dwight D Eisenhower National",164,23,21,0
2020,12,OO,SkyWest Airlines Inc.,IDA,"Idaho Falls, ID: Idaho Falls Regional",206,25,19,1
2020,12,OO,SkyWest Airlines Inc.,IMT,"Iron Mountain/Kingsfd, MI: Ford",61,8,7,1
2020,12,OO,SkyWest Airlines Inc.,IND,"Indianapolis, IN: Indianapolis International",108,8,4,1
2020,12,OO,SkyWest Airlines Inc.,INL,"International Falls, MN: Falls International Einarson Field",53,9,7,2
2020,12,OO,SkyWest Airlines Inc.,ITH,"Ithaca/Cortland, NY: Ithaca Tompkins Regional",31,7,5,2
2020,12,OO,SkyWest Airlines Inc.,JAC,"Jackson, WY: Jackson Hole",141,22,17,2
2020,12,OO,SkyWest Airlines Inc.,JAN,"Jackson/Vicksburg, MS: Jackson Medgar Wiley Evers International",1,0,0,0
2020,12,OO,SkyWest Airlines Inc.,JAX,"Jacksonville, FL: Jacksonville International",45,5,5,0
2020,12,OO,SkyWest Airlines Inc.,JLN,"Joplin, MO: Joplin Regional",45,7,2,0
2020,12,OO,SkyWest Airlines Inc.,JMS,"Jamestown, ND: Jamestown Regional",84,12,7,1
2020,12,OO,SkyWest Airlines Inc.,JST,"Johnstown, PA: John Murtha Johnstown-Cambria County",51,7,7,0
2020,12,OO,SkyWest Airlines Inc.,LAN,"Lansing, MI: Capital Region International",40,9,4,5
2020,12,OO,SkyWest Airlines Inc.,LAR,"Laramie, WY: Laramie Regional",53,10,5,3
2020,12,OO,SkyWest Airlines Inc.,LAS,"Las Vegas, NV: McCarran International",379,22,16,4
2020,12,OO,SkyWest Airlines Inc.,LAX,"Los Angeles, CA: Los Angeles International",2797,210,130,28
2020,12,OO,SkyWest Airlines Inc.,LBB,"Lubbock, TX: Lubbock Preston Smith International",71,7,7,0
2020,12,OO,SkyWest Airlines Inc.,LBF,"North Platte, NE: North Platte Regional Airport Lee Bird Field",53,5,4,0
2020,12,OO,SkyWest Airlines Inc.,LBL,"Liberal, KS: Liberal Mid-America Regional",53,3,1,1
2020,12,OO,SkyWest Airlines Inc.,LCH,"Lake Charles, LA: Lake Charles Regional",11,1,1,0
2020,12,OO,SkyWest Airlines Inc.,LEX,"Lexington, KY: Blue Grass",15,4,3,0
2020,12,OO,SkyWest Airlines Inc.,LFT,"Lafayette, LA: Lafayette Regional Paul Fournet Field",84,12,4,1
2020,12,OO,SkyWest Airlines Inc.,LGB,"Long Beach, CA: Long Beach Airport",94,10,9,1
2020,12,OO,SkyWest Airlines Inc.,LIT,"Little Rock, AR: Bill and Hillary Clinton Nat Adams Field",97,19,12,2
2020,12,OO,SkyWest Airlines Inc.,LNK,"Lincoln, NE: Lincoln Airport",61,6,5,1
2020,12,OO,SkyWest Airlines Inc.,LRD,"Laredo, TX: Laredo International",23,5,4,0
2020,12,OO,SkyWest Airlines Inc.,LSE,"La Crosse, WI: La Crosse Regional",102,17,13,3
2020,12,OO,SkyWest Airlines Inc.,LWB,"Lewisburg, WV: Greenbrier Valley",31,2,1,0
2020,12,OO,SkyWest Airlines Inc.,LWS,"Lewiston, ID: Lewiston Nez Perce County",73,5,3,2
2020,12,OO,SkyWest Airlines Inc.,MAF,"Midland/Odessa, TX: Midland International Air and Space Port",73,10,9,0
2020,12,OO,SkyWest Airlines Inc.,MBS,"Saginaw/Bay City/Midland, MI: MBS International",1,0,0,0
2020,12,OO,SkyWest Airlines Inc.,MCI,"Kansas City, MO: Kansas City International",238,22,19,2
2020,12,OO,SkyWest Airlines Inc.,MEI,"Meridian, MS: Key Field",53,3,3,0
2020,12,OO,SkyWest Airlines Inc.,MEM,"Memphis, TN: Memphis International",65,15,9,1
2020,12,OO,SkyWest Airlines Inc.,MFE,"Mission/McAllen/Edinburg, TX: McAllen Miller International",4,0,0,0
2020,12,OO,SkyWest Airlines Inc.,MFR,"Medford, OR: Rogue Valley International - Medford",383,52,28,11
2020,12,OO,SkyWest Airlines Inc.,MHT,"Manchester, NH: Manchester-Boston Regional",52,8,4,0
2020,12,OO,SkyWest Airlines Inc.,MKE,"Milwaukee, WI: General Mitchell International",451,64,36,8
2020,12,OO,SkyWest Airlines Inc.,MKG,"Muskegon, MI: Muskegon County",57,5,3,0
2020,12,OO,SkyWest Airlines Inc.,MLI,"Moline, IL: Quad City International",6,0,0,0
2020,12,OO,SkyWest Airlines Inc.,MLU,"Monroe, LA: Monroe Regional",31,0,0,0
2020,12,OO,SkyWest Airlines Inc.,MOT,"Minot, ND: Minot International",63,7,6,0
2020,12,OO,SkyWest Airlines Inc.,MQT,"Marquette, MI: Sawyer International",73,15,12,3
2020,12,OO,SkyWest Airlines Inc.,MRY,"Monterey, CA: Monterey Regional",155,18,9,0
2020,12,OO,SkyWest Airlines Inc.,MSN,"Madison, WI: Dane County Regional-Truax Field",138,18,15,2
2020,12,OO,SkyWest Airlines Inc.,MSO,"Missoula, MT: Missoula International",159,23,21,2
2020,12,OO,SkyWest Airlines Inc.,MSP,"Minneapolis, MN: Minneapolis-St Paul International",2351,259,202,54
2020,12,OO,SkyWest Airlines Inc.,MTJ,"Montrose/Delta, CO: Montrose Regional",95,11,10,1
2020,12,OO,SkyWest Airlines Inc.,OAK,"Oakland, CA: Metropolitan Oakland International",168,10,6,1
2020,12,OO,SkyWest Airlines Inc.,OGS,"Ogdensburg, NY: Ogdensburg International",53,9,8,0
2020,12,OO,SkyWest Airlines Inc.,OKC,"Oklahoma City, OK: Will Rogers World",388,67,55,2
2020,12,OO,SkyWest Airlines Inc.,OMA,"Omaha, NE: Eppley Airfield",348,49,36,4
2020,12,OO,SkyWest Airlines Inc.,ONT,"Ontario, CA: Ontario International",267,21,15,4
2020,12,OO,SkyWest Airlines Inc.,ORD,"Chicago, IL: Chicago O'Hare International",2671,265,154,31
2020,12,OO,SkyWest Airlines Inc.,ORF,"Norfolk, VA: Norfolk International",2,0,0,0
2020,12,OO,SkyWest Airlines Inc.,OTH,"North Bend/Coos Bay, OR: Southwest Oregon Regional",13,2,1,1
2020,12,OO,SkyWest Airlines Inc.,PAE,"Everett, WA: Snohomish County",23,1,1,0
2020,12,OO,SkyWest Airlines Inc.,PAH,"Paducah, KY: Barkley Regional",62,2,2,0
2020,12,OO,SkyWest Airlines Inc.,PBG,"Plattsburgh, NY: Plattsburgh International",53,7,4,0
2020,12,OO,SkyWest Airlines Inc.,PDX,"Portland, OR: Portland International",719,60,35,12
2020,12,OO,SkyWest Airlines Inc.,PHX,"Phoenix, AZ: Phoenix Sky Harbor International",1747,198,130,9
2020,12,OO,SkyWest Airlines Inc.,PIB,"Hattiesburg/Laurel, MS: Hattiesburg-Laurel Regional",53,2,2,0
2020,12,OO,SkyWest Airlines Inc.,PIH,"Pocatello, ID: Pocatello Regional",100,14,12,2
2020,12,OO,SkyWest Airlines Inc.,PIR,"Pierre, SD: Pierre Regional",53,9,6,0
2020,12,OO,SkyWest Airlines Inc.,PIT,"Pittsburgh, PA: Pittsburgh International",90,12,10,2
2020,12,OO,SkyWest Airlines Inc.,PLN,"Pellston, MI: Pellston Regional Airport of Emmet County",53,10,7,3
2020,12,OO,SkyWest Airlines Inc.,PNS,"Pensacola, FL: Pensacola International",41,6,2,0
2020,12,OO,SkyWest Airlines Inc.,PRC,"Prescott, AZ: Prescott Regional Ernest A Love Field",63,6,6,0
2020,12,OO,SkyWest Airlines Inc.,PSC,"Pasco/Kennewick/Richland, WA: Tri Cities",272,31,18,10
2020,12,OO,SkyWest Airlines Inc.,PSP,"Palm Springs, CA: Palm Springs International",542,67,48,4
2020,12,OO,SkyWest Airlines Inc.,PUB,"Pueblo, CO: Pueblo Memorial",53,7,6,0
2020,12,OO,SkyWest Airlines Inc.,PVD,"Providence, RI: Theodore Francis Green State",15,3,2,1
2020,12,OO,SkyWest Airlines Inc.,PWM,"Portland, ME: Portland International Jetport",NA,NA,NA,NA
2020,12,OO,SkyWest Airlines Inc.,RAP,"Rapid City, SD: Rapid City Regional",192,26,18,6
2020,12,OO,SkyWest Airlines Inc.,RDD,"Redding, CA: Redding Municipal",29,3,3,0
2020,12,OO,SkyWest Airlines Inc.,RDM,"Bend/Redmond, OR: Roberts Field",372,37,23,9
2020,12,OO,SkyWest Airlines Inc.,RHI,"Rhinelander, WI: Rhinelander/Oneida County",63,11,9,2
2020,12,OO,SkyWest Airlines Inc.,RIC,"Richmond, VA: Richmond International",15,1,1,0
2020,12,OO,SkyWest Airlines Inc.,RIW,"Riverton/Lander, WY: Riverton Regional",45,1,0,0
2020,12,OO,SkyWest Airlines Inc.,RKS,"Rock Springs, WY: Southwest Wyoming Regional",45,5,5,0
2020,12,OO,SkyWest Airlines Inc.,RNO,"Reno, NV: Reno/Tahoe International",370,25,19,2
2020,12,OO,SkyWest Airlines Inc.,ROA,"Roanoke, VA: Roanoke Blacksburg Regional Woodrum Field",17,0,0,0
2020,12,OO,SkyWest Airlines Inc.,ROC,"Rochester, NY: Greater Rochester International",1,0,0,0
2020,12,OO,SkyWest Airlines Inc.,ROW,"Roswell, NM: Roswell International Air Center",57,6,1,0
2020,12,OO,SkyWest Airlines Inc.,RST,"Rochester, MN: Rochester International",92,9,7,1
2020,12,OO,SkyWest Airlines Inc.,SAF,"Santa Fe, NM: Santa Fe Municipal",96,18,7,0
2020,12,OO,SkyWest Airlines Inc.,SAN,"San Diego, CA: San Diego International",512,39,24,1
2020,12,OO,SkyWest Airlines Inc.,SAT,"San Antonio, TX: San Antonio International",324,63,50,10
2020,12,OO,SkyWest Airlines Inc.,SAV,"Savannah, GA: Savannah/Hilton Head International",8,1,1,0
2020,12,OO,SkyWest Airlines Inc.,SBA,"Santa Barbara, CA: Santa Barbara Municipal",176,11,9,0
2020,12,OO,SkyWest Airlines Inc.,SBN,"South Bend, IN: South Bend International",240,32,25,2
2020,12,OO,SkyWest Airlines Inc.,SBP,"San Luis Obispo, CA: San Luis County Regional",266,24,16,0
2020,12,OO,SkyWest Airlines Inc.,SCE,"State College, PA: University Park",32,10,7,3
2020,12,OO,SkyWest Airlines Inc.,SDF,"Louisville, KY: Louisville Muhammad Ali International",30,7,6,0
2020,12,OO,SkyWest Airlines Inc.,SEA,"Seattle, WA: Seattle/Tacoma International",1883,160,109,35
2020,12,OO,SkyWest Airlines Inc.,SFO,"San Francisco, CA: San Francisco International",2667,195,125,26
2020,12,OO,SkyWest Airlines Inc.,SGF,"Springfield, MO: Springfield-Branson National",114,16,11,2
2020,12,OO,SkyWest Airlines Inc.,SGU,"St. George, UT: St George Regional",283,22,17,3
2020,12,OO,SkyWest Airlines Inc.,SHD,"Staunton, VA: Shenandoah Valley Regional",53,11,9,0
2020,12,OO,SkyWest Airlines Inc.,SHR,"Sheridan, WY: Sheridan County",53,5,3,0
2020,12,OO,SkyWest Airlines Inc.,SHV,"Shreveport, LA: Shreveport Regional",133,14,11,1
2020,12,OO,SkyWest Airlines Inc.,SJC,"San Jose, CA: Norman Y. Mineta San Jose International",607,53,32,7
2020,12,OO,SkyWest Airlines Inc.,SLC,"Salt Lake City, UT: Salt Lake City International",4062,411,316,77
2020,12,OO,SkyWest Airlines Inc.,SLN,"Salina, KS: Salina Regional",53,6,4,0
2020,12,OO,SkyWest Airlines Inc.,SMF,"Sacramento, CA: Sacramento International",398,25,12,7
2020,12,OO,SkyWest Airlines Inc.,SNA,"Santa Ana, CA: John Wayne Airport-Orange County",229,15,13,0
2020,12,OO,SkyWest Airlines Inc.,SRQ,"Sarasota/Bradenton, FL: Sarasota/Bradenton International",8,2,2,0
2020,12,OO,SkyWest Airlines Inc.,STL,"St. Louis, MO: St Louis Lambert International",214,24,22,0
2020,12,OO,SkyWest Airlines Inc.,STS,"Santa Rosa, CA: Charles M. Schulz - Sonoma County",76,3,2,0
2020,12,OO,SkyWest Airlines Inc.,SUN,"Sun Valley/Hailey/Ketchum, ID: Friedman Memorial",170,34,31,2
2020,12,OO,SkyWest Airlines Inc.,SUX,"Sioux City, IA: Sioux Gateway Brig Gen Bud Day Field",29,3,2,0
2020,12,OO,SkyWest Airlines Inc.,SYR,"Syracuse, NY: Syracuse Hancock International",1,0,0,0
2020,12,OO,SkyWest Airlines Inc.,TLH,"Tallahassee, FL: Tallahassee International",42,7,5,0
2020,12,OO,SkyWest Airlines Inc.,TPA,"Tampa, FL: Tampa International",9,4,3,0
2020,12,OO,SkyWest Airlines Inc.,TRI,"Bristol/Johnson City/Kingsport, TN: Tri Cities",31,5,1,0
2020,12,OO,SkyWest Airlines Inc.,TUL,"Tulsa, OK: Tulsa International",141,28,21,0
2020,12,OO,SkyWest Airlines Inc.,TUS,"Tucson, AZ: Tucson International",462,59,38,9
2020,12,OO,SkyWest Airlines Inc.,TVC,"Traverse City, MI: Cherry Capital",90,16,12,4
2020,12,OO,SkyWest Airlines Inc.,TWF,"Twin Falls, ID: Joslin Field - Magic Valley Regional",100,10,10,0
2020,12,OO,SkyWest Airlines Inc.,TYS,"Knoxville, TN: McGhee Tyson",47,6,5,0
2020,12,OO,SkyWest Airlines Inc.,VCT,"Victoria, TX: Victoria Regional",53,6,4,1
2020,12,OO,SkyWest Airlines Inc.,VEL,"Vernal, UT: Vernal Regional",53,6,2,3
2020,12,OO,SkyWest Airlines Inc.,VPS,"Valparaiso, FL: Eglin AFB Destin Fort Walton Beach",1,0,0,0
2020,12,OO,SkyWest Airlines Inc.,XNA,"Fayetteville, AR: Northwest Arkansas Regional",31,3,2,1
2020,12,OO,SkyWest Airlines Inc.,XWA,"Williston, ND: Williston Basin International",57,7,5,0
2020,12,OO,SkyWest Airlines Inc.,YUM,"Yuma, AZ: Yuma MCAS/Yuma International",125,13,7,0
2020,12,UA,United Air Lines Inc.,ANC,"Anchorage, AK: Ted Stevens Anchorage International",35,7,3.6,0
2020,12,UA,United Air Lines Inc.,ATL,"Atlanta, GA: Hartsfield-Jackson Atlanta International",164,24,10.31,0
2020,12,UA,United Air Lines Inc.,AUS,"Austin, TX: Austin - Bergstrom International",294,32,15.73,1
2020,12,UA,United Air Lines Inc.,BDL,"Hartford, CT: Bradley International",33,10,4.65,0
2020,12,UA,United Air Lines Inc.,BIL,"Billings, MT: Billings Logan International",55,9,3.06,0
2020,12,UA,United Air Lines Inc.,BNA,"Nashville, TN: Nashville International",67,7,3.16,0
2020,12,UA,United Air Lines Inc.,BOI,"Boise, ID: Boise Air Terminal",57,7,2.81,0
2020,12,UA,United Air Lines Inc.,BOS,"Boston, MA: Logan International",538,52,18.53,3.78
2020,12,UA,United Air Lines Inc.,BWI,"Baltimore, MD: Baltimore/Washington International Thurgood Marshall",96,14,6.54,0.98
2020,12,UA,United Air Lines Inc.,BZN,"Bozeman, MT: Bozeman Yellowstone International",111,16,5.85,0
2020,12,UA,United Air Lines Inc.,CHS,"Charleston, SC: Charleston AFB/International",29,5,2.18,1
2020,12,UA,United Air Lines Inc.,CLE,"Cleveland, OH: Cleveland-Hopkins International",309,38,15.18,0
2020,12,UA,United Air Lines Inc.,CLT,"Charlotte, NC: Charlotte Douglas International",47,8,3.71,1
2020,12,UA,United Air Lines Inc.,CMH,"Columbus, OH: John Glenn Columbus International",2,1,0,0
2020,12,UA,United Air Lines Inc.,COS,"Colorado Springs, CO: City of Colorado Springs Municipal",13,4,0.68,0
2020,12,UA,United Air Lines Inc.,CVG,"Cincinnati, OH: Cincinnati/Northern Kentucky International",31,8,1.3,0
2020,12,UA,United Air Lines Inc.,DCA,"Washington, DC: Ronald Reagan Washington National",53,4,0.69,0
2020,12,UA,United Air Lines Inc.,DEN,"Denver, CO: Denver International",4195,531,127.9,8.12
2020,12,UA,United Air Lines Inc.,DFW,"Dallas/Fort Worth, TX: Dallas/Fort Worth International",151,28,8.75,2.2
2020,12,UA,United Air Lines Inc.,DSM,"Des Moines, IA: Des Moines International",30,10,3.36,0.64
2020,12,UA,United Air Lines Inc.,DTW,"Detroit, MI: Detroit Metro Wayne County",12,1,1,0
2020,12,UA,United Air Lines Inc.,EGE,"Eagle, CO: Eagle County Regional",53,9,0.49,1.65
2020,12,UA,United Air Lines Inc.,EUG,"Eugene, OR: Mahlon Sweet Field",31,6,0.67,0
2020,12,UA,United Air Lines Inc.,EWR,"Newark, NJ: Newark Liberty International",2108,231,83.55,9.36
2020,12,UA,United Air Lines Inc.,FCA,"Kalispell, MT: Glacier Park International",31,6,3.18,0
2020,12,UA,United Air Lines Inc.,FLL,"Fort Lauderdale, FL: Fort Lauderdale-Hollywood International",598,66,25.12,4
2020,12,UA,United Air Lines Inc.,FSD,"Sioux Falls, SD: Joe Foss Field",31,5,2.77,0
2020,12,UA,United Air Lines Inc.,GEG,"Spokane, WA: Spokane International",62,9,6.57,0
2020,12,UA,United Air Lines Inc.,GUM,"Guam, TT: Guam International",44,2,1.52,0
2020,12,UA,United Air Lines Inc.,HDN,"Hayden, CO: Yampa Valley",23,3,1.58,0
2020,12,UA,United Air Lines Inc.,HNL,"Honolulu, HI: Daniel K Inouye International",294,24,12.13,0
2020,12,UA,United Air Lines Inc.,IAD,"Washington, DC: Washington Dulles International",1301,125,50.86,4.35
2020,12,UA,United Air Lines Inc.,IAH,"Houston, TX: George Bush Intercontinental/Houston",2561,259,69.87,5.98
2020,12,UA,United Air Lines Inc.,IND,"Indianapolis, IN: Indianapolis International",62,11,3.48,0
2020,12,UA,United Air Lines Inc.,JAC,"Jackson, WY: Jackson Hole",137,21,10.46,0.81
2020,12,UA,United Air Lines Inc.,JAX,"Jacksonville, FL: Jacksonville International",30,2,1,0
2020,12,UA,United Air Lines Inc.,KOA,"Kona, HI: Ellison Onizuka Kona International at Keahole",109,7,1.96,0
2020,12,UA,United Air Lines Inc.,LAS,"Las Vegas, NV: McCarran International",538,43,19.44,1.24
2020,12,UA,United Air Lines Inc.,LAX,"Los Angeles, CA: Los Angeles International",981,95,49.17,3.8
2020,12,UA,United Air Lines Inc.,LGA,"New York, NY: LaGuardia",313,25,5.42,0.68
2020,12,UA,United Air Lines Inc.,LIH,"Lihue, HI: Lihue Airport",30,0,0,0
2020,12,UA,United Air Lines Inc.,MAF,"Midland/Odessa, TX: Midland International Air and Space Port",19,2,1,0.45
2020,12,UA,United Air Lines Inc.,MCI,"Kansas City, MO: Kansas City International",98,21,6.18,0.38
2020,12,UA,United Air Lines Inc.,MCO,"Orlando, FL: Orlando International",751,92,36.56,4.03
2020,12,UA,United Air Lines Inc.,MEM,"Memphis, TN: Memphis International",1,0,0,0
2020,12,UA,United Air Lines Inc.,MFE,"Mission/McAllen/Edinburg, TX: McAllen Miller International",15,1,0.98,0
2020,12,UA,United Air Lines Inc.,MFR,"Medford, OR: Rogue Valley International - Medford",16,5,1.54,0
2020,12,UA,United Air Lines Inc.,MIA,"Miami, FL: Miami International",356,49,18.34,2.68
2020,12,UA,United Air Lines Inc.,MKE,"Milwaukee, WI: General Mitchell International",13,2,0,0
2020,12,UA,United Air Lines Inc.,MSO,"Missoula, MT: Missoula International",31,3,0.14,0
2020,12,UA,United Air Lines Inc.,MSP,"Minneapolis, MN: Minneapolis-St Paul International",129,16,6.64,1.24
2020,12,UA,United Air Lines Inc.,MSY,"New Orleans, LA: Louis Armstrong New Orleans International",188,23,7.03,0
2020,12,UA,United Air Lines Inc.,MTJ,"Montrose/Delta, CO: Montrose Regional",41,12,1.07,0
2020,12,UA,United Air Lines Inc.,OGG,"Kahului, HI: Kahului Airport",191,18,11.97,0
2020,12,UA,United Air Lines Inc.,OMA,"Omaha, NE: Eppley Airfield",58,16,4.89,0
2020,12,UA,United Air Lines Inc.,ONT,"Ontario, CA: Ontario International",31,4,1.26,0
2020,12,UA,United Air Lines Inc.,ORD,"Chicago, IL: Chicago O'Hare International",2611,229,73.42,7.01
2020,12,UA,United Air Lines Inc.,ORF,"Norfolk, VA: Norfolk International",56,4,2.96,0
2020,12,UA,United Air Lines Inc.,PBI,"West Palm Beach/Palm Beach, FL: Palm Beach International",148,24,7.49,1.22
2020,12,UA,United Air Lines Inc.,PDX,"Portland, OR: Portland International",262,32,18.63,1.46
2020,12,UA,United Air Lines Inc.,PHL,"Philadelphia, PA: Philadelphia International",97,17,6.21,1.15
2020,12,UA,United Air Lines Inc.,PHX,"Phoenix, AZ: Phoenix Sky Harbor International",433,34,12.14,2.96
2020,12,UA,United Air Lines Inc.,PIT,"Pittsburgh, PA: Pittsburgh International",66,13,2.66,0
2020,12,UA,United Air Lines Inc.,PNS,"Pensacola, FL: Pensacola International",NA,NA,NA,NA
2020,12,UA,United Air Lines Inc.,PSP,"Palm Springs, CA: Palm Springs International",46,9,2.09,0
2020,12,UA,United Air Lines Inc.,PWM,"Portland, ME: Portland International Jetport",4,0,0,0
2020,12,UA,United Air Lines Inc.,RAP,"Rapid City, SD: Rapid City Regional",30,6,2.61,0
2020,12,UA,United Air Lines Inc.,RDU,"Raleigh/Durham, NC: Raleigh-Durham International",129,11,4.7,0
2020,12,UA,United Air Lines Inc.,RIC,"Richmond, VA: Richmond International",26,3,0.39,0
2020,12,UA,United Air Lines Inc.,RNO,"Reno, NV: Reno/Tahoe International",60,11,6.48,0
2020,12,UA,United Air Lines Inc.,ROC,"Rochester, NY: Greater Rochester International",5,0,0,0
2020,12,UA,United Air Lines Inc.,RSW,"Fort Myers, FL: Southwest Florida International",469,53,19.68,1.52
2020,12,UA,United Air Lines Inc.,SAN,"San Diego, CA: San Diego International",477,45,14.75,1
2020,12,UA,United Air Lines Inc.,SAT,"San Antonio, TX: San Antonio International",48,7,3.77,0
2020,12,UA,United Air Lines Inc.,SEA,"Seattle, WA: Seattle/Tacoma International",363,26,13.36,1.02
2020,12,UA,United Air Lines Inc.,SFO,"San Francisco, CA: San Francisco International",1676,97,40.08,3.75
2020,12,UA,United Air Lines Inc.,SJC,"San Jose, CA: Norman Y. Mineta San Jose International",31,7,2.75,0
2020,12,UA,United Air Lines Inc.,SJU,"San Juan, PR: Luis Munoz Marin International",182,20,12.76,1
2020,12,UA,United Air Lines Inc.,SLC,"Salt Lake City, UT: Salt Lake City International",118,14,4.32,2
2020,12,UA,United Air Lines Inc.,SMF,"Sacramento, CA: Sacramento International",160,24,9.56,1
2020,12,UA,United Air Lines Inc.,SNA,"Santa Ana, CA: John Wayne Airport-Orange County",193,21,9.12,1
2020,12,UA,United Air Lines Inc.,SPN,"Saipan, TT: Francisco C. Ada Saipan International",13,1,0,1
2020,12,UA,United Air Lines Inc.,SRQ,"Sarasota/Bradenton, FL: Sarasota/Bradenton International",18,2,1,0
2020,12,UA,United Air Lines Inc.,STL,"St. Louis, MO: St Louis Lambert International",NA,NA,NA,NA
2020,12,UA,United Air Lines Inc.,STT,"Charlotte Amalie, VI: Cyril E King",55,3,1,0
2020,12,UA,United Air Lines Inc.,TPA,"Tampa, FL: Tampa International",507,63,15.91,3.37
2020,12,UA,United Air Lines Inc.,TUS,"Tucson, AZ: Tucson International",12,0,0,0
2020,12,WN,Southwest Airlines Co.,ABQ,"Albuquerque, NM: Albuquerque International Sunport",371,42,18.81,1
2020,12,WN,Southwest Airlines Co.,ALB,"Albany, NY: Albany International",168,17,10.64,0
2020,12,WN,Southwest Airlines Co.,AMA,"Amarillo, TX: Rick Husband Amarillo International",81,7,3.28,0
2020,12,WN,Southwest Airlines Co.,ATL,"Atlanta, GA: Hartsfield-Jackson Atlanta International",2072,212,95.74,1.88
2020,12,WN,Southwest Airlines Co.,AUS,"Austin, TX: Austin - Bergstrom International",914,134,69.78,0.96
2020,12,WN,Southwest Airlines Co.,BDL,"Hartford, CT: Bradley International",169,30,20.45,0
2020,12,WN,Southwest Airlines Co.,BHM,"Birmingham, AL: Birmingham-Shuttlesworth International",194,31,14.72,0
2020,12,WN,Southwest Airlines Co.,BNA,"Nashville, TN: Nashville International",2467,252,89.89,0.3
2020,12,WN,Southwest Airlines Co.,BOI,"Boise, ID: Boise Air Terminal",228,34,13.99,0
2020,12,WN,Southwest Airlines Co.,BOS,"Boston, MA: Logan International",269,32,18.23,0
2020,12,WN,Southwest Airlines Co.,BUF,"Buffalo, NY: Buffalo Niagara International",296,27,13.83,0
2020,12,WN,Southwest Airlines Co.,BUR,"Burbank, CA: Bob Hope",536,41,18.39,0
2020,12,WN,Southwest Airlines Co.,BWI,"Baltimore, MD: Baltimore/Washington International Thurgood Marshall",3890,320,106.42,1.16
2020,12,WN,Southwest Airlines Co.,CHS,"Charleston, SC: Charleston AFB/International",186,25,13.01,0
2020,12,WN,Southwest Airlines Co.,CLE,"Cleveland, OH: Cleveland-Hopkins International",284,45,25.35,0
2020,12,WN,Southwest Airlines Co.,CLT,"Charlotte, NC: Charlotte Douglas International",172,22,12.65,0.78
2020,12,WN,Southwest Airlines Co.,CMH,"Columbus, OH: John Glenn Columbus International",498,71,23.07,0.78
2020,12,WN,Southwest Airlines Co.,CRP,"Corpus Christi, TX: Corpus Christi International",64,10,6.09,0
2020,12,WN,Southwest Airlines Co.,CVG,"Cincinnati, OH: Cincinnati/Northern Kentucky International",145,30,12.66,1
2020,12,WN,Southwest Airlines Co.,DAL,"Dallas, TX: Dallas Love Field",3325,326,113.87,3.67
2020,12,WN,Southwest Airlines Co.,DCA,"Washington, DC: Ronald Reagan Washington National",290,25,9.68,0
2020,12,WN,Southwest Airlines Co.,DEN,"Denver, CO: Denver International",5056,746,201.78,9.54
2020,12,WN,Southwest Airlines Co.,DSM,"Des Moines, IA: Des Moines International",91,12,6.05,0
2020,12,WN,Southwest Airlines Co.,DTW,"Detroit, MI: Detroit Metro Wayne County",272,30,17.64,0
2020,12,WN,Southwest Airlines Co.,ECP,"Panama City, FL: Northwest Florida Beaches International",139,25,12.21,0
2020,12,WN,Southwest Airlines Co.,ELP,"El Paso, TX: El Paso International",249,30,14.99,0
2020,12,WN,Southwest Airlines Co.,FLL,"Fort Lauderdale, FL: Fort Lauderdale-Hollywood International",1013,100,46.51,0
2020,12,WN,Southwest Airlines Co.,GEG,"Spokane, WA: Spokane International",237,25,9.19,0.74
2020,12,WN,Southwest Airlines Co.,GRR,"Grand Rapids, MI: Gerald R. Ford International",145,17,8.44,0
2020,12,WN,Southwest Airlines Co.,GSP,"Greer, SC: Greenville-Spartanburg International",86,9,5.85,0
2020,12,WN,Southwest Airlines Co.,HDN,"Hayden, CO: Yampa Valley",44,7,4.08,0
2020,12,WN,Southwest Airlines Co.,HNL,"Honolulu, HI: Daniel K Inouye International",551,20,8.65,0
2020,12,WN,Southwest Airlines Co.,HOU,"Houston, TX: William P Hobby",2961,322,116.46,0.43
2020,12,WN,Southwest Airlines Co.,HRL,"Harlingen/San Benito, TX: Valley International",66,15,7.62,0.27
2020,12,WN,Southwest Airlines Co.,IAD,"Washington, DC: Washington Dulles International",88,15,4.95,0
2020,12,WN,Southwest Airlines Co.,ICT,"Wichita, KS: Wichita Dwight D Eisenhower National",89,6,3.31,0
2020,12,WN,Southwest Airlines Co.,IND,"Indianapolis, IN: Indianapolis International",501,76,32.87,0.44
2020,12,WN,Southwest Airlines Co.,ISP,"Islip, NY: Long Island MacArthur",148,24,8.99,0
2020,12,WN,Southwest Airlines Co.,ITO,"Hilo, HI: Hilo International",93,6,3,0
2020,12,WN,Southwest Airlines Co.,JAX,"Jacksonville, FL: Jacksonville International",247,48,31.97,0.44
2020,12,WN,Southwest Airlines Co.,KOA,"Kona, HI: Ellison Onizuka Kona International at Keahole",176,11,3.36,0
2020,12,WN,Southwest Airlines Co.,LAS,"Las Vegas, NV: McCarran International",3252,240,99.51,2.84
2020,12,WN,Southwest Airlines Co.,LAX,"Los Angeles, CA: Los Angeles International",1207,89,42.45,1.39
2020,12,WN,Southwest Airlines Co.,LBB,"Lubbock, TX: Lubbock Preston Smith International",93,11,4.32,0
2020,12,WN,Southwest Airlines Co.,LGA,"New York, NY: LaGuardia",329,18,9.23,0
2020,12,WN,Southwest Airlines Co.,LGB,"Long Beach, CA: Long Beach Airport",498,16,6.9,0
2020,12,WN,Southwest Airlines Co.,LIH,"Lihue, HI: Lihue Airport",79,1,1,0
2020,12,WN,Southwest Airlines Co.,LIT,"Little Rock, AR: Bill and Hillary Clinton Nat Adams Field",139,16,4.6,0.83
2020,12,WN,Southwest Airlines Co.,MAF,"Midland/Odessa, TX: Midland International Air and Space Port",164,20,14.51,0
2020,12,WN,Southwest Airlines Co.,MCI,"Kansas City, MO: Kansas City International",815,95,45.36,0
2020,12,WN,Southwest Airlines Co.,MCO,"Orlando, FL: Orlando International",2399,260,112.73,0.96
2020,12,WN,Southwest Airlines Co.,MDW,"Chicago, IL: Chicago Midway International",4072,310,120.39,3.68
2020,12,WN,Southwest Airlines Co.,MEM,"Memphis, TN: Memphis International",244,37,17.87,1
2020,12,WN,Southwest Airlines Co.,MHT,"Manchester, NH: Manchester-Boston Regional",171,16,7.78,0
2020,12,WN,Southwest Airlines Co.,MIA,"Miami, FL: Miami International",310,25,13.11,0
2020,12,WN,Southwest Airlines Co.,MKE,"Milwaukee, WI: General Mitchell International",460,69,31.18,0
2020,12,WN,Southwest Airlines Co.,MSP,"Minneapolis, MN: Minneapolis-St Paul International",242,22,11.51,0.29
2020,12,WN,Southwest Airlines Co.,MSY,"New Orleans, LA: Louis Armstrong New Orleans International",663,92,51.63,1
2020,12,WN,Southwest Airlines Co.,MTJ,"Montrose/Delta, CO: Montrose Regional",40,3,2,0.47
2020,12,WN,Southwest Airlines Co.,OAK,"Oakland, CA: Metropolitan Oakland International",1822,98,40.92,1.14
2020,12,WN,Southwest Airlines Co.,OGG,"Kahului, HI: Kahului Airport",310,17,7.3,0
2020,12,WN,Southwest Airlines Co.,OKC,"Oklahoma City, OK: Will Rogers World",343,43,19.61,0
2020,12,WN,Southwest Airlines Co.,OMA,"Omaha, NE: Eppley Airfield",368,52,25.69,1
2020,12,WN,Southwest Airlines Co.,ONT,"Ontario, CA: Ontario International",546,48,20.57,0.76
2020,12,WN,Southwest Airlines Co.,ORF,"Norfolk, VA: Norfolk International",160,22,16.11,0
2020,12,WN,Southwest Airlines Co.,PBI,"West Palm Beach/Palm Beach, FL: Palm Beach International",122,24,10.59,0.52
2020,12,WN,Southwest Airlines Co.,PDX,"Portland, OR: Portland International",426,52,20.61,0
2020,12,WN,Southwest Airlines Co.,PHL,"Philadelphia, PA: Philadelphia International",277,47,22.69,1
2020,12,WN,Southwest Airlines Co.,PHX,"Phoenix, AZ: Phoenix Sky Harbor International",3384,281,104.49,3.6
2020,12,WN,Southwest Airlines Co.,PIT,"Pittsburgh, PA: Pittsburgh International",421,53,15.45,0
2020,12,WN,Southwest Airlines Co.,PNS,"Pensacola, FL: Pensacola International",106,17,8.94,0.47
2020,12,WN,Southwest Airlines Co.,PSP,"Palm Springs, CA: Palm Springs International",168,8,4.44,0
2020,12,WN,Southwest Airlines Co.,PVD,"Providence, RI: Theodore Francis Green State",207,30,15.56,0
2020,12,WN,Southwest Airlines Co.,PWM,"Portland, ME: Portland International Jetport",75,18,9.45,0
2020,12,WN,Southwest Airlines Co.,RDU,"Raleigh/Durham, NC: Raleigh-Durham International",387,72,37.99,0
2020,12,WN,Southwest Airlines Co.,RIC,"Richmond, VA: Richmond International",64,11,6.75,0
2020,12,WN,Southwest Airlines Co.,RNO,"Reno, NV: Reno/Tahoe International",296,39,19.85,0
2020,12,WN,Southwest Airlines Co.,ROC,"Rochester, NY: Greater Rochester International",76,8,6.15,0
2020,12,WN,Southwest Airlines Co.,RSW,"Fort Myers, FL: Southwest Florida International",687,95,37.96,1.26
2020,12,WN,Southwest Airlines Co.,SAN,"San Diego, CA: San Diego International",1140,89,40.99,1.66
2020,12,WN,Southwest Airlines Co.,SAT,"San Antonio, TX: San Antonio International",598,88,46.39,1
2020,12,WN,Southwest Airlines Co.,SDF,"Louisville, KY: Louisville Muhammad Ali International",213,19,12.37,0.79
2020,12,WN,Southwest Airlines Co.,SEA,"Seattle, WA: Seattle/Tacoma International",402,52,29.02,0
2020,12,WN,Southwest Airlines Co.,SFO,"San Francisco, CA: San Francisco International",382,22,6.77,0
2020,12,WN,Southwest Airlines Co.,SJC,"San Jose, CA: Norman Y. Mineta San Jose International",1104,71,27.41,0
2020,12,WN,Southwest Airlines Co.,SJU,"San Juan, PR: Luis Munoz Marin International",251,18,10.99,0
2020,12,WN,Southwest Airlines Co.,SLC,"Salt Lake City, UT: Salt Lake City International",466,83,35.52,1.95
2020,12,WN,Southwest Airlines Co.,SMF,"Sacramento, CA: Sacramento International",1303,90,40.07,0
2020,12,WN,Southwest Airlines Co.,SNA,"Santa Ana, CA: John Wayne Airport-Orange County",713,45,17.15,0.16
2020,12,WN,Southwest Airlines Co.,STL,"St. Louis, MO: St Louis Lambert International",1719,137,58.23,0.5
2020,12,WN,Southwest Airlines Co.,TPA,"Tampa, FL: Tampa International",1347,167,66.9,0
2020,12,WN,Southwest Airlines Co.,TUL,"Tulsa, OK: Tulsa International",218,25,12.45,0.67
2020,12,WN,Southwest Airlines Co.,TUS,"Tucson, AZ: Tucson International",193,27,10.45,0
2020,12,YV,Mesa Airlines Inc.,ABQ,"Albuquerque, NM: Albuquerque International Sunport",46,4,1,0
2020,12,YV,Mesa Airlines Inc.,ALB,"Albany, NY: Albany International",2,1,0,0
2020,12,YV,Mesa Airlines Inc.,AMA,"Amarillo, TX: Rick Husband Amarillo International",106,16,3.8,0.93
2020,12,YV,Mesa Airlines Inc.,ATL,"Atlanta, GA: Hartsfield-Jackson Atlanta International",43,9,2,1
2020,12,YV,Mesa Airlines Inc.,AUS,"Austin, TX: Austin - Bergstrom International",53,8,3,1
2020,12,YV,Mesa Airlines Inc.,AVL,"Asheville, NC: Asheville Regional",29,6,2.42,0.19
2020,12,YV,Mesa Airlines Inc.,BDL,"Hartford, CT: Bradley International",56,9,5,2
2020,12,YV,Mesa Airlines Inc.,BFL,"Bakersfield, CA: Meadows Field",91,18,2.82,3.1
2020,12,YV,Mesa Airlines Inc.,BHM,"Birmingham, AL: Birmingham-Shuttlesworth International",108,19,6.24,1.41
2020,12,YV,Mesa Airlines Inc.,BMI,"Bloomington/Normal, IL: Central Il Regional Airport at Bloomington",16,2,1,0
2020,12,YV,Mesa Airlines Inc.,BNA,"Nashville, TN: Nashville International",67,8,3,2
2020,12,YV,Mesa Airlines Inc.,BOI,"Boise, ID: Boise Air Terminal",58,15,3.88,0.99
2020,12,YV,Mesa Airlines Inc.,BOS,"Boston, MA: Logan International",8,3,0,0
2020,12,YV,Mesa Airlines Inc.,BTR,"Baton Rouge, LA: Baton Rouge Metropolitan/Ryan Field",25,5,5,0
2020,12,YV,Mesa Airlines Inc.,BTV,"Burlington, VT: Burlington International",12,5,1,1
2020,12,YV,Mesa Airlines Inc.,BUF,"Buffalo, NY: Buffalo Niagara International",12,3,1,1
2020,12,YV,Mesa Airlines Inc.,BUR,"Burbank, CA: Bob Hope",17,1,1,0
2020,12,YV,Mesa Airlines Inc.,BWI,"Baltimore, MD: Baltimore/Washington International Thurgood Marshall",31,3,1,1
2020,12,YV,Mesa Airlines Inc.,BZN,"Bozeman, MT: Bozeman Yellowstone International",15,2,1,0
2020,12,YV,Mesa Airlines Inc.,CHS,"Charleston, SC: Charleston AFB/International",73,8,5,1
2020,12,YV,Mesa Airlines Inc.,CID,"Cedar Rapids/Iowa City, IA: The Eastern Iowa",2,0,0,0
2020,12,YV,Mesa Airlines Inc.,CLE,"Cleveland, OH: Cleveland-Hopkins International",72,7,6,1
2020,12,YV,Mesa Airlines Inc.,CLT,"Charlotte, NC: Charlotte Douglas International",86,8,5,0
2020,12,YV,Mesa Airlines Inc.,CMH,"Columbus, OH: John Glenn Columbus International",113,6,3,0
2020,12,YV,Mesa Airlines Inc.,CRP,"Corpus Christi, TX: Corpus Christi International",1,0,0,0
2020,12,YV,Mesa Airlines Inc.,CVG,"Cincinnati, OH: Cincinnati/Northern Kentucky International",72,6,3,0
2020,12,YV,Mesa Airlines Inc.,DCA,"Washington, DC: Ronald Reagan Washington National",46,4,4,0
2020,12,YV,Mesa Airlines Inc.,DFW,"Dallas/Fort Worth, TX: Dallas/Fort Worth International",2153,503,80.21,8.81
2020,12,YV,Mesa Airlines Inc.,DSM,"Des Moines, IA: Des Moines International",98,21,8.82,0
2020,12,YV,Mesa Airlines Inc.,DTW,"Detroit, MI: Detroit Metro Wayne County",85,3,1,0
2020,12,YV,Mesa Airlines Inc.,ECP,"Panama City, FL: Northwest Florida Beaches International",71,18,4.71,0.5
2020,12,YV,Mesa Airlines Inc.,ELP,"El Paso, TX: El Paso International",258,55,24.87,0.16
2020,12,YV,Mesa Airlines Inc.,EYW,"Key West, FL: Key West International",15,2,0,0
2020,12,YV,Mesa Airlines Inc.,FAR,"Fargo, ND: Hector International",26,3,1.56,0
2020,12,YV,Mesa Airlines Inc.,FAT,"Fresno, CA: Fresno Yosemite International",28,3,0.04,0.52
2020,12,YV,Mesa Airlines Inc.,FLG,"Flagstaff, AZ: Flagstaff Pulliam",15,3,0.31,0.9
2020,12,YV,Mesa Airlines Inc.,FSD,"Sioux Falls, SD: Joe Foss Field",59,10,4.77,0
2020,12,YV,Mesa Airlines Inc.,GJT,"Grand Junction, CO: Grand Junction Regional",2,0,0,0
2020,12,YV,Mesa Airlines Inc.,GPT,"Gulfport/Biloxi, MS: Gulfport-Biloxi International",2,1,0,0
2020,12,YV,Mesa Airlines Inc.,GSO,"Greensboro/High Point, NC: Piedmont Triad International",28,9,4.65,0
2020,12,YV,Mesa Airlines Inc.,GSP,"Greer, SC: Greenville-Spartanburg International",46,2,0,0
2020,12,YV,Mesa Airlines Inc.,GUC,"Gunnison, CO: Gunnison-Crested Butte Regional",15,2,1,0
2020,12,YV,Mesa Airlines Inc.,HOU,"Houston, TX: William P Hobby",118,34,9.55,0.87
2020,12,YV,Mesa Airlines Inc.,HRL,"Harlingen/San Benito, TX: Valley International",10,2,1,0
2020,12,YV,Mesa Airlines Inc.,HSV,"Huntsville, AL: Huntsville International-Carl T Jones Field",1,1,1,0
2020,12,YV,Mesa Airlines Inc.,IAD,"Washington, DC: Washington Dulles International",871,102,21,13
2020,12,YV,Mesa Airlines Inc.,IAH,"Houston, TX: George Bush Intercontinental/Houston",2101,225,66.07,9.08
2020,12,YV,Mesa Airlines Inc.,ICT,"Wichita, KS: Wichita Dwight D Eisenhower National",83,19,5.98,0
2020,12,YV,Mesa Airlines Inc.,IND,"Indianapolis, IN: Indianapolis International",47,3,1,0
2020,12,YV,Mesa Airlines Inc.,JAX,"Jacksonville, FL: Jacksonville International",14,3,2,0
2020,12,YV,Mesa Airlines Inc.,LBB,"Lubbock, TX: Lubbock Preston Smith International",202,43,13.2,1.76
2020,12,YV,Mesa Airlines Inc.,LGA,"New York, NY: LaGuardia",111,9,3,0
2020,12,YV,Mesa Airlines Inc.,LGB,"Long Beach, CA: Long Beach Airport",57,7,0.81,0
2020,12,YV,Mesa Airlines Inc.,LIT,"Little Rock, AR: Bill and Hillary Clinton Nat Adams Field",36,1,1,0
2020,12,YV,Mesa Airlines Inc.,MAF,"Midland/Odessa, TX: Midland International Air and Space Port",297,61,22.96,0.84
2020,12,YV,Mesa Airlines Inc.,MCI,"Kansas City, MO: Kansas City International",115,18,6.81,0
2020,12,YV,Mesa Airlines Inc.,MEM,"Memphis, TN: Memphis International",163,28,11.97,0.05
2020,12,YV,Mesa Airlines Inc.,MFE,"Mission/McAllen/Edinburg, TX: McAllen Miller International",118,26,11.43,0.08
2020,12,YV,Mesa Airlines Inc.,MLI,"Moline, IL: Quad City International",60,9,2.91,0.81
2020,12,YV,Mesa Airlines Inc.,MOB,"Mobile, AL: Mobile Regional",1,1,1,0
2020,12,YV,Mesa Airlines Inc.,MRY,"Monterey, CA: Monterey Regional",4,1,0,0
2020,12,YV,Mesa Airlines Inc.,MSN,"Madison, WI: Dane County Regional-Truax Field",123,26,8.09,0.15
2020,12,YV,Mesa Airlines Inc.,MSP,"Minneapolis, MN: Minneapolis-St Paul International",62,6,3,1
2020,12,YV,Mesa Airlines Inc.,MSY,"New Orleans, LA: Louis Armstrong New Orleans International",91,12,9,0
2020,12,YV,Mesa Airlines Inc.,MTJ,"Montrose/Delta, CO: Montrose Regional",38,2,0.73,0
2020,12,YV,Mesa Airlines Inc.,OKC,"Oklahoma City, OK: Will Rogers World",144,18,2.31,2.08
2020,12,YV,Mesa Airlines Inc.,OMA,"Omaha, NE: Eppley Airfield",51,4,1,0
2020,12,YV,Mesa Airlines Inc.,ONT,"Ontario, CA: Ontario International",87,18,6.71,0
2020,12,YV,Mesa Airlines Inc.,ORF,"Norfolk, VA: Norfolk International",23,4,2,0
2020,12,YV,Mesa Airlines Inc.,PBI,"West Palm Beach/Palm Beach, FL: Palm Beach International",24,7,2,1
2020,12,YV,Mesa Airlines Inc.,PHL,"Philadelphia, PA: Philadelphia International",61,4,2,0
2020,12,YV,Mesa Airlines Inc.,PHX,"Phoenix, AZ: Phoenix Sky Harbor International",923,123,33.01,1.83
2020,12,YV,Mesa Airlines Inc.,PIA,"Peoria, IL: General Downing - Peoria International",57,13,4.09,1.36
2020,12,YV,Mesa Airlines Inc.,PIT,"Pittsburgh, PA: Pittsburgh International",49,4,2,0
2020,12,YV,Mesa Airlines Inc.,PNS,"Pensacola, FL: Pensacola International",90,14,4.89,0
2020,12,YV,Mesa Airlines Inc.,PSP,"Palm Springs, CA: Palm Springs International",28,1,0,0
2020,12,YV,Mesa Airlines Inc.,PWM,"Portland, ME: Portland International Jetport",41,2,1,0
2020,12,YV,Mesa Airlines Inc.,RAP,"Rapid City, SD: Rapid City Regional",79,14,4.19,0.42
2020,12,YV,Mesa Airlines Inc.,RDU,"Raleigh/Durham, NC: Raleigh-Durham International",77,3,2,0
2020,12,YV,Mesa Airlines Inc.,RIC,"Richmond, VA: Richmond International",9,0,0,0
2020,12,YV,Mesa Airlines Inc.,RNO,"Reno, NV: Reno/Tahoe International",57,6,3.76,0
2020,12,YV,Mesa Airlines Inc.,SAN,"San Diego, CA: San Diego International",13,1,0,0
2020,12,YV,Mesa Airlines Inc.,SAT,"San Antonio, TX: San Antonio International",46,8,3,1
2020,12,YV,Mesa Airlines Inc.,SAV,"Savannah, GA: Savannah/Hilton Head International",51,2,2,0
2020,12,YV,Mesa Airlines Inc.,SBA,"Santa Barbara, CA: Santa Barbara Municipal",15,2,1,0
2020,12,YV,Mesa Airlines Inc.,SDF,"Louisville, KY: Louisville Muhammad Ali International",195,29,11.29,1.16
2020,12,YV,Mesa Airlines Inc.,SJC,"San Jose, CA: Norman Y. Mineta San Jose International",15,0,0,0
2020,12,YV,Mesa Airlines Inc.,SLC,"Salt Lake City, UT: Salt Lake City International",4,0,0,0
2020,12,YV,Mesa Airlines Inc.,SMF,"Sacramento, CA: Sacramento International",2,0,0,0
2020,12,YV,Mesa Airlines Inc.,SRQ,"Sarasota/Bradenton, FL: Sarasota/Bradenton International",39,11,5,0
2020,12,YV,Mesa Airlines Inc.,STL,"St. Louis, MO: St Louis Lambert International",14,1,0,0
2020,12,YV,Mesa Airlines Inc.,STS,"Santa Rosa, CA: Charles M. Schulz - Sonoma County",60,10,1.42,0
2020,12,YV,Mesa Airlines Inc.,TLH,"Tallahassee, FL: Tallahassee International",59,12,4.57,0
2020,12,YV,Mesa Airlines Inc.,TUL,"Tulsa, OK: Tulsa International",137,21,7.68,0
2020,12,YV,Mesa Airlines Inc.,TUS,"Tucson, AZ: Tucson International",79,9,4.09,0
2020,12,YV,Mesa Airlines Inc.,TYS,"Knoxville, TN: McGhee Tyson",85,19,7.82,1.38
2020,12,YV,Mesa Airlines Inc.,VPS,"Valparaiso, FL: Eglin AFB Destin Fort Walton Beach",73,15,5.8,1.21
2020,12,YV,Mesa Airlines Inc.,XNA,"Fayetteville, AR: Northwest Arkansas Regional",58,8,5,1
2020,12,YV,Mesa Airlines Inc.,YUM,"Yuma, AZ: Yuma MCAS/Yuma International",30,4,3.09,0
2020,12,YX,Republic Airline,ALB,"Albany, NY: Albany International",113,15,3.94,1.76
2020,12,YX,Republic Airline,ATL,"Atlanta, GA: Hartsfield-Jackson Atlanta International",931,77,33.37,2.64
2020,12,YX,Republic Airline,ATW,"Appleton, WI: Appleton International",31,1,0,0
2020,12,YX,Republic Airline,AUS,"Austin, TX: Austin - Bergstrom International",122,13,1.66,1
2020,12,YX,Republic Airline,AVL,"Asheville, NC: Asheville Regional",32,3,1.19,0
2020,12,YX,Republic Airline,BDL,"Hartford, CT: Bradley International",120,16,4.49,0
2020,12,YX,Republic Airline,BGR,"Bangor, ME: Bangor International",30,4,0.04,1
2020,12,YX,Republic Airline,BHM,"Birmingham, AL: Birmingham-Shuttlesworth International",53,5,3,0
2020,12,YX,Republic Airline,BNA,"Nashville, TN: Nashville International",300,22,9.84,2.38
2020,12,YX,Republic Airline,BOS,"Boston, MA: Logan International",494,49,17.72,5.04
2020,12,YX,Republic Airline,BTV,"Burlington, VT: Burlington International",4,0,0,0
2020,12,YX,Republic Airline,BUF,"Buffalo, NY: Buffalo Niagara International",299,27,10.8,3.39
2020,12,YX,Republic Airline,BWI,"Baltimore, MD: Baltimore/Washington International Thurgood Marshall",34,1,0,0
2020,12,YX,Republic Airline,BZN,"Bozeman, MT: Bozeman Yellowstone International",16,0,0,0
2020,12,YX,Republic Airline,CAE,"Columbia, SC: Columbia Metropolitan",96,6,5.63,0
2020,12,YX,Republic Airline,CHA,"Chattanooga, TN: Lovell Field",15,3,0,0
2020,12,YX,Republic Airline,CHS,"Charleston, SC: Charleston AFB/International",161,13,7.34,0.16
2020,12,YX,Republic Airline,CID,"Cedar Rapids/Iowa City, IA: The Eastern Iowa",6,2,1,0
2020,12,YX,Republic Airline,CLE,"Cleveland, OH: Cleveland-Hopkins International",328,32,15.85,1
2020,12,YX,Republic Airline,CLT,"Charlotte, NC: Charlotte Douglas International",1859,177,43.06,6.61
2020,12,YX,Republic Airline,CMH,"Columbus, OH: John Glenn Columbus International",469,46,14.86,1
2020,12,YX,Republic Airline,CVG,"Cincinnati, OH: Cincinnati/Northern Kentucky International",123,10,1,0
2020,12,YX,Republic Airline,DCA,"Washington, DC: Ronald Reagan Washington National",493,31,13.7,1.21
2020,12,YX,Republic Airline,DFW,"Dallas/Fort Worth, TX: Dallas/Fort Worth International",101,26,8.69,1
2020,12,YX,Republic Airline,DSM,"Des Moines, IA: Des Moines International",79,10,2.99,0
2020,12,YX,Republic Airline,DTW,"Detroit, MI: Detroit Metro Wayne County",1060,118,52.85,3.13
2020,12,YX,Republic Airline,ECP,"Panama City, FL: Northwest Florida Beaches International",15,0,0,0
2020,12,YX,Republic Airline,ELP,"El Paso, TX: El Paso International",13,0,0,0
2020,12,YX,Republic Airline,EWR,"Newark, NJ: Newark Liberty International",928,84,26.64,2.17
2020,12,YX,Republic Airline,EYW,"Key West, FL: Key West International",442,44,12.09,1
2020,12,YX,Republic Airline,FAR,"Fargo, ND: Hector International",21,1,0,0
2020,12,YX,Republic Airline,FLL,"Fort Lauderdale, FL: Fort Lauderdale-Hollywood International",2,1,0,0
2020,12,YX,Republic Airline,FSD,"Sioux Falls, SD: Joe Foss Field",2,0,0,0
2020,12,YX,Republic Airline,GRB,"Green Bay, WI: Green Bay Austin Straubel International",10,0,0,0
2020,12,YX,Republic Airline,GRR,"Grand Rapids, MI: Gerald R. Ford International",55,5,1.94,0
2020,12,YX,Republic Airline,GSO,"Greensboro/High Point, NC: Piedmont Triad International",1,1,0,0
2020,12,YX,Republic Airline,GSP,"Greer, SC: Greenville-Spartanburg International",190,15,6.85,0
2020,12,YX,Republic Airline,HDN,"Hayden, CO: Yampa Valley",13,1,0,0
2020,12,YX,Republic Airline,HHH,"Hilton Head, SC: Hilton Head Airport",169,12,4.01,1.58
2020,12,YX,Republic Airline,IAD,"Washington, DC: Washington Dulles International",473,37,8.78,1
2020,12,YX,Republic Airline,IAH,"Houston, TX: George Bush Intercontinental/Houston",107,13,3.48,0
2020,12,YX,Republic Airline,ICT,"Wichita, KS: Wichita Dwight D Eisenhower National",27,0,0,0
2020,12,YX,Republic Airline,IND,"Indianapolis, IN: Indianapolis International",612,53,24.77,0.31
2020,12,YX,Republic Airline,JAX,"Jacksonville, FL: Jacksonville International",277,20,8.63,0
2020,12,YX,Republic Airline,JFK,"New York, NY: John F. Kennedy International",367,38,25.06,0.47
2020,12,YX,Republic Airline,LAN,"Lansing, MI: Capital Region International",1,0,0,0
2020,12,YX,Republic Airline,LEX,"Lexington, KY: Blue Grass",62,8,6.39,0
2020,12,YX,Republic Airline,LGA,"New York, NY: LaGuardia",1001,83,36.61,2.85
2020,12,YX,Republic Airline,LIT,"Little Rock, AR: Bill and Hillary Clinton Nat Adams Field",9,0,0,0
2020,12,YX,Republic Airline,LNK,"Lincoln, NE: Lincoln Airport",12,1,1,0
2020,12,YX,Republic Airline,MCI,"Kansas City, MO: Kansas City International",358,34,13,0
2020,12,YX,Republic Airline,MCO,"Orlando, FL: Orlando International",12,1,0,0
2020,12,YX,Republic Airline,MDW,"Chicago, IL: Chicago Midway International",90,8,5.23,0
2020,12,YX,Republic Airline,MEM,"Memphis, TN: Memphis International",86,7,2,0.07
2020,12,YX,Republic Airline,MIA,"Miami, FL: Miami International",1085,95,31.63,3.65
2020,12,YX,Republic Airline,MKE,"Milwaukee, WI: General Mitchell International",51,5,3.77,0
2020,12,YX,Republic Airline,MLB,"Melbourne, FL: Melbourne International",34,2,1.22,0
2020,12,YX,Republic Airline,MLI,"Moline, IL: Quad City International",19,1,1,0
2020,12,YX,Republic Airline,MSN,"Madison, WI: Dane County Regional-Truax Field",36,3,0,0
2019,12,EV,ExpressJet Airlines LLC,BDL,"Hartford, CT: Bradley International",14,4,2,0
2019,12,EV,ExpressJet Airlines LLC,BGR,"Bangor, ME: Bangor International",34,16,4.12,0
2019,12,EV,ExpressJet Airlines LLC,BHM,"Birmingham, AL: Birmingham-Shuttlesworth International",65,13,4.52,0.04
2019,12,EV,ExpressJet Airlines LLC,BNA,"Nashville, TN: Nashville International",120,41,11.01,0.74
2019,12,EV,ExpressJet Airlines LLC,BRO,"Brownsville, TX: Brownsville South Padre Island International",96,17,8.01,0
2019,12,EV,ExpressJet Airlines LLC,BTR,"Baton Rouge, LA: Baton Rouge Metropolitan/Ryan Field",123,16,5.41,1.46
2019,12,EV,ExpressJet Airlines LLC,BTV,"Burlington, VT: Burlington International",73,32,8.01,1
2019,12,EV,ExpressJet Airlines LLC,BUF,"Buffalo, NY: Buffalo Niagara International",87,33,9.38,2
2019,12,EV,ExpressJet Airlines LLC,CAK,"Akron, OH: Akron-Canton Regional",30,6,0.92,0
2019,12,EV,ExpressJet Airlines LLC,CHS,"Charleston, SC: Charleston AFB/International",26,6,2.45,0
2019,12,EV,ExpressJet Airlines LLC,CID,"Cedar Rapids/Iowa City, IA: The Eastern Iowa",2,0,0,0
2019,12,EV,ExpressJet Airlines LLC,CLE,"Cleveland, OH: Cleveland-Hopkins International",325,97,26.94,2.49
2019,12,EV,ExpressJet Airlines LLC,CLL,"College Station/Bryan, TX: Easterwood Field",62,14,6.49,1
2019,12,EV,ExpressJet Airlines LLC,CLT,"Charlotte, NC: Charlotte Douglas International",93,31,9.16,0
2019,12,EV,ExpressJet Airlines LLC,CMH,"Columbus, OH: John Glenn Columbus International",81,17,6.02,0
2019,12,EV,ExpressJet Airlines LLC,COS,"Colorado Springs, CO: City of Colorado Springs Municipal",5,3,1.72,0
2019,12,EV,ExpressJet Airlines LLC,CRP,"Corpus Christi, TX: Corpus Christi International",119,12,3.3,1.94
2019,12,EV,ExpressJet Airlines LLC,CRW,"Charleston/Dunbar, WV: Yeager",1,0,0,0
2019,12,EV,ExpressJet Airlines LLC,CVG,"Cincinnati, OH: Cincinnati/Northern Kentucky International",168,40,16.01,1
2019,12,EV,ExpressJet Airlines LLC,DAY,"Dayton, OH: James M Cox/Dayton International",7,4,2,0
2019,12,EV,ExpressJet Airlines LLC,DCA,"Washington, DC: Ronald Reagan Washington National",289,78,20.95,1.04
2019,12,EV,ExpressJet Airlines LLC,DFW,"Dallas/Fort Worth, TX: Dallas/Fort Worth International",6,1,0.82,0
2019,12,EV,ExpressJet Airlines LLC,DSM,"Des Moines, IA: Des Moines International",1,0,0,0
2019,12,EV,ExpressJet Airlines LLC,DTW,"Detroit, MI: Detroit Metro Wayne County",77,18,5.05,1.83
2019,12,EV,ExpressJet Airlines LLC,ECP,"Panama City, FL: Northwest Florida Beaches International",44,6,4.13,0
2019,12,EV,ExpressJet Airlines LLC,ELP,"El Paso, TX: El Paso International",43,8,0,0.84
2019,12,EV,ExpressJet Airlines LLC,ERI,"Erie, PA: Erie International/Tom Ridge Field",16,1,0,0
2019,12,EV,ExpressJet Airlines LLC,EVV,"Evansville, IN: Evansville Regional",1,0,0,0
2019,12,EV,ExpressJet Airlines LLC,EWR,"Newark, NJ: Newark Liberty International",1424,624,76.69,3.23
2019,12,EV,ExpressJet Airlines LLC,EYW,"Key West, FL: Key West International",17,5,0.91,0.53
2019,12,EV,ExpressJet Airlines LLC,FNT,"Flint, MI: Bishop International",9,4,0.75,0
2019,12,EV,ExpressJet Airlines LLC,FSD,"Sioux Falls, SD: Joe Foss Field",15,0,0,0
2019,12,EV,ExpressJet Airlines LLC,GPT,"Gulfport/Biloxi, MS: Gulfport-Biloxi International",89,8,3.58,0.98
2019,12,EV,ExpressJet Airlines LLC,GRB,"Green Bay, WI: Green Bay Austin Straubel International",52,10,2.21,0.8
2019,12,EV,ExpressJet Airlines LLC,GRK,"Killeen, TX: Robert Gray AAF",53,9,2.67,0
2019,12,EV,ExpressJet Airlines LLC,GRR,"Grand Rapids, MI: Gerald R. Ford International",62,24,11.65,0
2019,12,EV,ExpressJet Airlines LLC,GSO,"Greensboro/High Point, NC: Piedmont Triad International",35,7,1.26,0
2019,12,EV,ExpressJet Airlines LLC,GSP,"Greer, SC: Greenville-Spartanburg International",102,39,11.76,0
2019,12,EV,ExpressJet Airlines LLC,HDN,"Hayden, CO: Yampa Valley",4,0,0,0
2019,12,EV,ExpressJet Airlines LLC,HOB,"Hobbs, NM: Lea County Regional",3,1,0.63,0
2019,12,EV,ExpressJet Airlines LLC,HRL,"Harlingen/San Benito, TX: Valley International",65,13,4.66,0
2019,12,EV,ExpressJet Airlines LLC,HSV,"Huntsville, AL: Huntsville International-Carl T Jones Field",24,2,1.03,0
2019,12,EV,ExpressJet Airlines LLC,IAH,"Houston, TX: George Bush Intercontinental/Houston",2638,400,68.58,6.5
2019,12,EV,ExpressJet Airlines LLC,ICT,"Wichita, KS: Wichita Dwight D Eisenhower National",65,8,3.64,1
2019,12,EV,ExpressJet Airlines LLC,IND,"Indianapolis, IN: Indianapolis International",146,46,16.72,1
2019,12,EV,ExpressJet Airlines LLC,JAN,"Jackson/Vicksburg, MS: Jackson Medgar Wiley Evers International",71,10,2.98,0.27
2019,12,EV,ExpressJet Airlines LLC,JAX,"Jacksonville, FL: Jacksonville International",66,12,3.21,0
2019,12,EV,ExpressJet Airlines LLC,LAN,"Lansing, MI: Capital Region International",2,1,0,0
2019,12,EV,ExpressJet Airlines LLC,LBB,"Lubbock, TX: Lubbock Preston Smith International",60,10,3.01,0.13
2019,12,EV,ExpressJet Airlines LLC,LCH,"Lake Charles, LA: Lake Charles Regional",79,12,3.47,0.67
2019,12,EV,ExpressJet Airlines LLC,LEX,"Lexington, KY: Blue Grass",39,5,1,0.14
2019,12,EV,ExpressJet Airlines LLC,LFT,"Lafayette, LA: Lafayette Regional Paul Fournet Field",130,19,8,2.83
2019,12,EV,ExpressJet Airlines LLC,LGA,"New York, NY: LaGuardia",160,39,5.56,0
2019,12,EV,ExpressJet Airlines LLC,LIT,"Little Rock, AR: Bill and Hillary Clinton Nat Adams Field",108,14,4.28,0
2019,12,EV,ExpressJet Airlines LLC,LNK,"Lincoln, NE: Lincoln Airport",3,2,0.56,0
2019,12,EV,ExpressJet Airlines LLC,LRD,"Laredo, TX: Laredo International",76,9,4.1,0
2019,12,EV,ExpressJet Airlines LLC,MAF,"Midland/Odessa, TX: Midland International Air and Space Port",19,3,2,0.54
2019,12,EV,ExpressJet Airlines LLC,MCI,"Kansas City, MO: Kansas City International",57,10,5.39,1
2019,12,EV,ExpressJet Airlines LLC,MDT,"Harrisburg, PA: Harrisburg International",9,3,1,0
2019,12,EV,ExpressJet Airlines LLC,MEM,"Memphis, TN: Memphis International",98,25,8.39,0
2019,12,EV,ExpressJet Airlines LLC,MFE,"Mission/McAllen/Edinburg, TX: McAllen Miller International",95,18,6.81,1.68
2019,12,EV,ExpressJet Airlines LLC,MKE,"Milwaukee, WI: General Mitchell International",22,13,2.56,0
2019,12,EV,ExpressJet Airlines LLC,MLU,"Monroe, LA: Monroe Regional",61,7,2.44,0
2019,12,EV,ExpressJet Airlines LLC,MOB,"Mobile, AL: Mobile Regional",72,9,3.84,0.37
2019,12,EV,ExpressJet Airlines LLC,MSN,"Madison, WI: Dane County Regional-Truax Field",61,22,8.74,0
2019,12,EV,ExpressJet Airlines LLC,MSP,"Minneapolis, MN: Minneapolis-St Paul International",48,9,4.23,0
2019,12,EV,ExpressJet Airlines LLC,MSY,"New Orleans, LA: Louis Armstrong New Orleans International",10,1,0.32,0
2019,12,EV,ExpressJet Airlines LLC,MTJ,"Montrose/Delta, CO: Montrose Regional",7,1,0,1
2019,12,EV,ExpressJet Airlines LLC,OKC,"Oklahoma City, OK: Will Rogers World",17,3,1,0.88
2019,12,EV,ExpressJet Airlines LLC,OMA,"Omaha, NE: Eppley Airfield",36,9,3.74,0
2019,12,EV,ExpressJet Airlines LLC,ORD,"Chicago, IL: Chicago O'Hare International",1336,297,58.77,6.97
2019,12,EV,ExpressJet Airlines LLC,ORF,"Norfolk, VA: Norfolk International",66,23,4.72,1
2019,12,EV,ExpressJet Airlines LLC,PHL,"Philadelphia, PA: Philadelphia International",3,1,0.06,0
2019,12,EV,ExpressJet Airlines LLC,PIA,"Peoria, IL: General Downing - Peoria International",39,13,3.81,2.69
2019,12,EV,ExpressJet Airlines LLC,PIT,"Pittsburgh, PA: Pittsburgh International",34,11,1,1.92
2019,12,EV,ExpressJet Airlines LLC,PNS,"Pensacola, FL: Pensacola International",50,9,2.62,0
2019,12,EV,ExpressJet Airlines LLC,PSP,"Palm Springs, CA: Palm Springs International",15,5,1.36,0
2019,12,EV,ExpressJet Airlines LLC,PVD,"Providence, RI: Theodore Francis Green State",53,11,1.9,0
2019,12,EV,ExpressJet Airlines LLC,PWM,"Portland, ME: Portland International Jetport",50,22,6.76,0
2019,12,EV,ExpressJet Airlines LLC,RDU,"Raleigh/Durham, NC: Raleigh-Durham International",30,4,1,0.04
2019,12,EV,ExpressJet Airlines LLC,RIC,"Richmond, VA: Richmond International",132,47,15.13,0.21
2019,12,EV,ExpressJet Airlines LLC,ROA,"Roanoke, VA: Roanoke Blacksburg Regional Woodrum Field",1,1,1,0
2019,12,EV,ExpressJet Airlines LLC,ROC,"Rochester, NY: Greater Rochester International",86,24,6.87,0
2019,12,EV,ExpressJet Airlines LLC,SAT,"San Antonio, TX: San Antonio International",30,6,0.54,0.66
2019,12,EV,ExpressJet Airlines LLC,SAV,"Savannah, GA: Savannah/Hilton Head International",90,33,8.73,2.32
2019,12,EV,ExpressJet Airlines LLC,SBN,"South Bend, IN: South Bend International",10,2,1.89,0
2019,12,EV,ExpressJet Airlines LLC,SDF,"Louisville, KY: Louisville Muhammad Ali International",25,7,1.27,0
2019,12,EV,ExpressJet Airlines LLC,SGF,"Springfield, MO: Springfield-Branson National",2,0,0,0
2019,12,EV,ExpressJet Airlines LLC,SHV,"Shreveport, LA: Shreveport Regional",85,9,2.43,0
2019,12,EV,ExpressJet Airlines LLC,SLC,"Salt Lake City, UT: Salt Lake City International",4,0,0,0
2019,12,EV,ExpressJet Airlines LLC,STL,"St. Louis, MO: St Louis Lambert International",178,55,20.6,0.26
2019,12,EV,ExpressJet Airlines LLC,SYR,"Syracuse, NY: Syracuse Hancock International",31,13,4.09,0
2019,12,EV,ExpressJet Airlines LLC,TUL,"Tulsa, OK: Tulsa International",109,22,8.05,0.59
2019,12,EV,ExpressJet Airlines LLC,TUS,"Tucson, AZ: Tucson International",18,5,1.59,0.25
2019,12,EV,ExpressJet Airlines LLC,TVC,"Traverse City, MI: Cherry Capital",2,0,0,0
2019,12,EV,ExpressJet Airlines LLC,TYS,"Knoxville, TN: McGhee Tyson",127,25,9.18,0
2019,12,EV,ExpressJet Airlines LLC,VPS,"Valparaiso, FL: Eglin AFB Destin Fort Walton Beach",55,4,0.45,0
2019,12,EV,ExpressJet Airlines LLC,XNA,"Fayetteville, AR: Northwest Arkansas Regional",30,4,2,0
2019,12,F9,Frontier Airlines Inc.,ABQ,"Albuquerque, NM: Albuquerque International Sunport",13,1,0.08,0
2019,12,F9,Frontier Airlines Inc.,ALB,"Albany, NY: Albany International",21,2,0.25,0
2019,12,F9,Frontier Airlines Inc.,ATL,"Atlanta, GA: Hartsfield-Jackson Atlanta International",372,96,35.58,0.16
2019,12,F9,Frontier Airlines Inc.,AUS,"Austin, TX: Austin - Bergstrom International",157,27,6.05,0.2
2019,12,F9,Frontier Airlines Inc.,BDL,"Hartford, CT: Bradley International",34,10,3.79,1
2019,12,F9,Frontier Airlines Inc.,BFM,"Mobile, AL: Mobile Downtown",12,0,0,0
2019,12,F9,Frontier Airlines Inc.,BIL,"Billings, MT: Billings Logan International",13,2,1.03,0
2019,12,F9,Frontier Airlines Inc.,BMI,"Bloomington/Normal, IL: Central Il Regional Airport at Bloomington",12,3,0.89,0
2019,12,F9,Frontier Airlines Inc.,BNA,"Nashville, TN: Nashville International",74,14,3.36,0
2019,12,F9,Frontier Airlines Inc.,BOS,"Boston, MA: Logan International",59,15,3.6,0
2019,12,F9,Frontier Airlines Inc.,BTV,"Burlington, VT: Burlington International",13,7,1.6,0
2019,12,F9,Frontier Airlines Inc.,BUF,"Buffalo, NY: Buffalo Niagara International",69,14,2.85,0
2019,12,F9,Frontier Airlines Inc.,BWI,"Baltimore, MD: Baltimore/Washington International Thurgood Marshall",34,9,3.52,0
2019,12,F9,Frontier Airlines Inc.,BZN,"Bozeman, MT: Bozeman Yellowstone International",18,3,1.67,0
2019,12,F9,Frontier Airlines Inc.,CID,"Cedar Rapids/Iowa City, IA: The Eastern Iowa",17,3,0.74,0
2019,12,F9,Frontier Airlines Inc.,CLE,"Cleveland, OH: Cleveland-Hopkins International",315,63,22.2,0.25
2019,12,F9,Frontier Airlines Inc.,CLT,"Charlotte, NC: Charlotte Douglas International",127,45,19.16,0
2019,12,F9,Frontier Airlines Inc.,CMH,"Columbus, OH: John Glenn Columbus International",26,11,4.1,0
2019,12,F9,Frontier Airlines Inc.,COS,"Colorado Springs, CO: City of Colorado Springs Municipal",104,8,1.14,0
2019,12,F9,Frontier Airlines Inc.,CVG,"Cincinnati, OH: Cincinnati/Northern Kentucky International",202,40,13.63,0.63
2019,12,F9,Frontier Airlines Inc.,DCA,"Washington, DC: Ronald Reagan Washington National",92,10,2.73,0.17
2019,12,F9,Frontier Airlines Inc.,DEN,"Denver, CO: Denver International",1666,271,86.37,3.94
2019,12,F9,Frontier Airlines Inc.,DFW,"Dallas/Fort Worth, TX: Dallas/Fort Worth International",88,15,6.28,0
2019,12,F9,Frontier Airlines Inc.,DSM,"Des Moines, IA: Des Moines International",46,6,2.02,0.1
2019,12,F9,Frontier Airlines Inc.,DTW,"Detroit, MI: Detroit Metro Wayne County",105,23,5.8,0.42
2019,12,F9,Frontier Airlines Inc.,ELP,"El Paso, TX: El Paso International",11,1,0.41,0
2019,12,F9,Frontier Airlines Inc.,EWR,"Newark, NJ: Newark Liberty International",243,89,19.25,0.35
2019,12,F9,Frontier Airlines Inc.,FAR,"Fargo, ND: Hector International",26,2,1,0.22
2019,12,F9,Frontier Airlines Inc.,FAT,"Fresno, CA: Fresno Yosemite International",10,2,0.19,0
2019,12,F9,Frontier Airlines Inc.,FLL,"Fort Lauderdale, FL: Fort Lauderdale-Hollywood International",100,30,6.96,1.42
2019,12,F9,Frontier Airlines Inc.,FSD,"Sioux Falls, SD: Joe Foss Field",14,2,0.93,0
2019,12,F9,Frontier Airlines Inc.,GEG,"Spokane, WA: Spokane International",23,7,3.51,0
2019,12,F9,Frontier Airlines Inc.,GRB,"Green Bay, WI: Green Bay Austin Straubel International",14,4,0,1
2019,12,F9,Frontier Airlines Inc.,GRR,"Grand Rapids, MI: Gerald R. Ford International",60,12,0.38,0
2019,12,F9,Frontier Airlines Inc.,GSP,"Greer, SC: Greenville-Spartanburg International",26,1,0,0.33
2019,12,F9,Frontier Airlines Inc.,HRL,"Harlingen/San Benito, TX: Valley International",11,3,1.09,0
2019,12,F9,Frontier Airlines Inc.,HSV,"Huntsville, AL: Huntsville International-Carl T Jones Field",9,2,0.12,0
2019,12,F9,Frontier Airlines Inc.,IAD,"Washington, DC: Washington Dulles International",24,9,3.38,0
2019,12,F9,Frontier Airlines Inc.,IAH,"Houston, TX: George Bush Intercontinental/Houston",66,12,4.8,0.01
2019,12,F9,Frontier Airlines Inc.,ICT,"Wichita, KS: Wichita Dwight D Eisenhower National",17,3,1.05,0
2019,12,F9,Frontier Airlines Inc.,IND,"Indianapolis, IN: Indianapolis International",67,10,4.54,0
2019,12,F9,Frontier Airlines Inc.,ISP,"Islip, NY: Long Island MacArthur",200,65,24,0.8
2019,12,F9,Frontier Airlines Inc.,JAX,"Jacksonville, FL: Jacksonville International",14,4,1.93,0
2019,12,F9,Frontier Airlines Inc.,LAS,"Las Vegas, NV: McCarran International",1044,303,79.63,1.31
2019,12,F9,Frontier Airlines Inc.,LAX,"Los Angeles, CA: Los Angeles International",102,24,4.66,0.48
2019,12,F9,Frontier Airlines Inc.,LGA,"New York, NY: LaGuardia",93,34,10.12,0
2019,12,F9,Frontier Airlines Inc.,LIT,"Little Rock, AR: Bill and Hillary Clinton Nat Adams Field",10,1,1,0
2019,12,F9,Frontier Airlines Inc.,MCI,"Kansas City, MO: Kansas City International",27,5,1.14,0
2019,12,F9,Frontier Airlines Inc.,MCO,"Orlando, FL: Orlando International",1411,435,109.47,4.11
2019,12,F9,Frontier Airlines Inc.,MDT,"Harrisburg, PA: Harrisburg International",17,4,1.46,0
2019,12,F9,Frontier Airlines Inc.,MEM,"Memphis, TN: Memphis International",24,10,5.69,0
2019,12,F9,Frontier Airlines Inc.,MIA,"Miami, FL: Miami International",357,100,31.77,0.48
2019,12,F9,Frontier Airlines Inc.,MKE,"Milwaukee, WI: General Mitchell International",141,26,5.68,0
2019,12,F9,Frontier Airlines Inc.,MSN,"Madison, WI: Dane County Regional-Truax Field",42,10,4.47,0
2019,12,F9,Frontier Airlines Inc.,MSP,"Minneapolis, MN: Minneapolis-St Paul International",109,18,7.36,0
2019,12,F9,Frontier Airlines Inc.,MSY,"New Orleans, LA: Louis Armstrong New Orleans International",75,17,7.1,0.09
2019,12,F9,Frontier Airlines Inc.,OKC,"Oklahoma City, OK: Will Rogers World",19,3,1.18,0
2019,12,F9,Frontier Airlines Inc.,OMA,"Omaha, NE: Eppley Airfield",73,7,4.51,0
2019,12,F9,Frontier Airlines Inc.,ONT,"Ontario, CA: Ontario International",56,14,4.79,0.17
2019,12,F9,Frontier Airlines Inc.,ORD,"Chicago, IL: Chicago O'Hare International",214,43,16.24,0
2019,12,F9,Frontier Airlines Inc.,ORF,"Norfolk, VA: Norfolk International",35,7,3.46,0
2019,12,F9,Frontier Airlines Inc.,PBI,"West Palm Beach/Palm Beach, FL: Palm Beach International",141,40,18.44,0.25
2019,12,F9,Frontier Airlines Inc.,PDX,"Portland, OR: Portland International",45,11,3.02,0
2019,12,F9,Frontier Airlines Inc.,PHL,"Philadelphia, PA: Philadelphia International",529,136,31.35,1
2019,12,F9,Frontier Airlines Inc.,PHX,"Phoenix, AZ: Phoenix Sky Harbor International",420,72,24.92,0.52
2019,12,F9,Frontier Airlines Inc.,PIT,"Pittsburgh, PA: Pittsburgh International",14,2,1,0
2019,12,F9,Frontier Airlines Inc.,PNS,"Pensacola, FL: Pensacola International",12,1,0,0
2019,12,F9,Frontier Airlines Inc.,PSP,"Palm Springs, CA: Palm Springs International",12,2,0.1,0
2019,12,F9,Frontier Airlines Inc.,PVD,"Providence, RI: Theodore Francis Green State",62,14,5.97,0
2019,12,F9,Frontier Airlines Inc.,PWM,"Portland, ME: Portland International Jetport",47,5,4.23,0
2019,12,F9,Frontier Airlines Inc.,RDU,"Raleigh/Durham, NC: Raleigh-Durham International",199,32,14.08,0.72
2019,12,F9,Frontier Airlines Inc.,RNO,"Reno, NV: Reno/Tahoe International",18,3,1.15,0
2019,12,F9,Frontier Airlines Inc.,RSW,"Fort Myers, FL: Southwest Florida International",471,71,23.73,0.43
2019,12,F9,Frontier Airlines Inc.,SAN,"San Diego, CA: San Diego International",147,34,8.58,0.52
2019,12,F9,Frontier Airlines Inc.,SAT,"San Antonio, TX: San Antonio International",42,9,3.23,0
2019,12,F9,Frontier Airlines Inc.,SDF,"Louisville, KY: Louisville Muhammad Ali International",14,1,1,0
2019,12,F9,Frontier Airlines Inc.,SEA,"Seattle, WA: Seattle/Tacoma International",33,6,0.78,0.08
2019,12,F9,Frontier Airlines Inc.,SFO,"San Francisco, CA: San Francisco International",124,59,7.4,0
2019,12,F9,Frontier Airlines Inc.,SJC,"San Jose, CA: Norman Y. Mineta San Jose International",35,7,2.44,0
2019,12,F9,Frontier Airlines Inc.,SJU,"San Juan, PR: Luis Munoz Marin International",218,73,38.25,0.13
2019,12,F9,Frontier Airlines Inc.,SLC,"Salt Lake City, UT: Salt Lake City International",138,26,9.07,0
2019,12,F9,Frontier Airlines Inc.,SMF,"Sacramento, CA: Sacramento International",39,9,3.18,0
2019,12,F9,Frontier Airlines Inc.,SNA,"Santa Ana, CA: John Wayne Airport-Orange County",55,17,7.02,0
2019,12,F9,Frontier Airlines Inc.,SRQ,"Sarasota/Bradenton, FL: Sarasota/Bradenton International",59,15,2.51,0
2019,12,F9,Frontier Airlines Inc.,STL,"St. Louis, MO: St Louis Lambert International",79,25,16.27,0
2019,12,F9,Frontier Airlines Inc.,SYR,"Syracuse, NY: Syracuse Hancock International",48,10,2.17,0
2019,12,F9,Frontier Airlines Inc.,TPA,"Tampa, FL: Tampa International",453,97,40.22,1.5
2019,12,F9,Frontier Airlines Inc.,TTN,"Trenton, NJ: Trenton Mercer",282,83,26.12,1.09
2019,12,F9,Frontier Airlines Inc.,TUS,"Tucson, AZ: Tucson International",14,3,0.2,0
2019,12,F9,Frontier Airlines Inc.,TYR,"Tyler, TX: Tyler Pounds Regional",9,1,1,0
2019,12,F9,Frontier Airlines Inc.,TYS,"Knoxville, TN: McGhee Tyson",21,0,0,0
2019,12,F9,Frontier Airlines Inc.,XNA,"Fayetteville, AR: Northwest Arkansas Regional",14,1,0,0
2019,12,G4,Allegiant Air,ABE,"Allentown/Bethlehem/Easton, PA: Lehigh Valley International",90,15,6.23,1.06
2019,12,G4,Allegiant Air,ABQ,"Albuquerque, NM: Albuquerque International Sunport",20,6,2.89,0
2019,12,G4,Allegiant Air,ALB,"Albany, NY: Albany International",30,6,2.78,1
2019,12,G4,Allegiant Air,ATW,"Appleton, WI: Appleton International",48,6,1.94,2.57
2019,12,G4,Allegiant Air,AUS,"Austin, TX: Austin - Bergstrom International",56,15,4.75,0.93
2019,12,G4,Allegiant Air,AVL,"Asheville, NC: Asheville Regional",223,68,7.6,1.82
2019,12,G4,Allegiant Air,AZA,"Phoenix, AZ: Phoenix - Mesa Gateway",543,196,33.1,4.82
2019,12,G4,Allegiant Air,BGR,"Bangor, ME: Bangor International",29,9,2.28,0.55
2019,12,G4,Allegiant Air,BIL,"Billings, MT: Billings Logan International",39,5,1.53,0
2019,12,G4,Allegiant Air,BIS,"Bismarck/Mandan, ND: Bismarck Municipal",48,7,1.44,0.58
2019,12,G4,Allegiant Air,BLI,"Bellingham, WA: Bellingham International",129,17,3.59,0.67
2019,12,G4,Allegiant Air,BLV,"Belleville, IL: Scott AFB/MidAmerica",77,9,1.23,1.96
2019,12,G4,Allegiant Air,BMI,"Bloomington/Normal, IL: Central Il Regional Airport at Bloomington",22,4,3.13,0
2019,12,G4,Allegiant Air,BNA,"Nashville, TN: Nashville International",85,20,5.47,1
2019,12,G4,Allegiant Air,BOI,"Boise, ID: Boise Air Terminal",31,13,2.75,1
2019,12,G4,Allegiant Air,BWI,"Baltimore, MD: Baltimore/Washington International Thurgood Marshall",31,5,2.53,0
2019,12,G4,Allegiant Air,BZN,"Bozeman, MT: Bozeman Yellowstone International",28,5,1.47,0.63
2019,12,G4,Allegiant Air,CHA,"Chattanooga, TN: Lovell Field",19,5,2.26,0
2019,12,G4,Allegiant Air,CHS,"Charleston, SC: Charleston AFB/International",27,7,1.13,0
2019,12,G4,Allegiant Air,CID,"Cedar Rapids/Iowa City, IA: The Eastern Iowa",68,10,2.07,0.88
2019,12,G4,Allegiant Air,CKB,"Clarksburg/Fairmont, WV: North Central West Virginia",12,4,1.32,0
2019,12,G4,Allegiant Air,CLE,"Cleveland, OH: Cleveland-Hopkins International",36,6,1.56,0
2019,12,G4,Allegiant Air,CVG,"Cincinnati, OH: Cincinnati/Northern Kentucky International",262,99,20.58,1.82
2019,12,G4,Allegiant Air,DAY,"Dayton, OH: James M Cox/Dayton International",8,1,1,0
2019,12,G4,Allegiant Air,DEN,"Denver, CO: Denver International",8,6,0.84,0
2019,12,G4,Allegiant Air,DSM,"Des Moines, IA: Des Moines International",78,12,5.38,0
2019,12,G4,Allegiant Air,ELM,"Elmira/Corning, NY: Elmira/Corning Regional",37,1,0,1
2019,12,G4,Allegiant Air,ELP,"El Paso, TX: El Paso International",11,1,0.33,0
2019,12,G4,Allegiant Air,EUG,"Eugene, OR: Mahlon Sweet Field",51,23,5.76,1
2019,12,G4,Allegiant Air,EVV,"Evansville, IN: Evansville Regional",11,2,0.38,0
2019,12,G4,Allegiant Air,EWR,"Newark, NJ: Newark Liberty International",58,6,2.97,0.32
2019,12,G4,Allegiant Air,FAR,"Fargo, ND: Hector International",57,13,4.81,0.18
2019,12,G4,Allegiant Air,FAT,"Fresno, CA: Fresno Yosemite International",54,12,1.4,3.01
2019,12,G4,Allegiant Air,FCA,"Kalispell, MT: Glacier Park International",21,5,1.5,0
2019,12,G4,Allegiant Air,FLL,"Fort Lauderdale, FL: Fort Lauderdale-Hollywood International",292,137,19.68,4.48
2019,12,G4,Allegiant Air,FNT,"Flint, MI: Bishop International",72,17,6.49,1.76
2019,12,G4,Allegiant Air,FSD,"Sioux Falls, SD: Joe Foss Field",73,8,1.28,0.17
2019,12,G4,Allegiant Air,FWA,"Fort Wayne, IN: Fort Wayne International",65,9,4.03,0
2019,12,G4,Allegiant Air,GFK,"Grand Forks, ND: Grand Forks International",19,4,0.18,0
2019,12,G4,Allegiant Air,GJT,"Grand Junction, CO: Grand Junction Regional",19,2,0,0
2019,12,G4,Allegiant Air,GPT,"Gulfport/Biloxi, MS: Gulfport-Biloxi International",8,1,1,0
2019,12,G4,Allegiant Air,GRI,"Grand Island, NE: Central Nebraska Regional",30,9,3.22,1
2019,12,G4,Allegiant Air,GRR,"Grand Rapids, MI: Gerald R. Ford International",201,74,12,5.67
2019,12,G4,Allegiant Air,GSO,"Greensboro/High Point, NC: Piedmont Triad International",21,4,3,0
2019,12,G4,Allegiant Air,GSP,"Greer, SC: Greenville-Spartanburg International",37,15,3.75,1
2019,12,G4,Allegiant Air,GTF,"Great Falls, MT: Great Falls International",23,4,0.18,0
2019,12,G4,Allegiant Air,HGR,"Hagerstown, MD: Hagerstown Regional-Richard A. Henson Field",16,3,0.75,0.89
2019,12,G4,Allegiant Air,HTS,"Ashland, WV: Tri-State/Milton J. Ferguson Field",41,4,1,0.65
2019,12,G4,Allegiant Air,IAG,"Niagara Falls, NY: Niagara Falls International",43,4,2.15,0
2019,12,G4,Allegiant Air,ICT,"Wichita, KS: Wichita Dwight D Eisenhower National",17,3,0.95,0.78
2019,12,G4,Allegiant Air,IDA,"Idaho Falls, ID: Idaho Falls Regional",20,8,1.34,0.84
2019,12,G4,Allegiant Air,IND,"Indianapolis, IN: Indianapolis International",166,55,11.36,1.8
2019,12,G4,Allegiant Air,JAX,"Jacksonville, FL: Jacksonville International",53,10,0.96,0
2019,12,G4,Allegiant Air,LAS,"Las Vegas, NV: McCarran International",830,233,49.34,23.63
2019,12,G4,Allegiant Air,LAX,"Los Angeles, CA: Los Angeles International",107,33,2.33,2.1
2019,12,G4,Allegiant Air,LCK,"Columbus, OH: Rickenbacker International",70,12,4.48,0
2019,12,G4,Allegiant Air,LEX,"Lexington, KY: Blue Grass",70,16,3.39,0.64
2019,12,G4,Allegiant Air,LIT,"Little Rock, AR: Bill and Hillary Clinton Nat Adams Field",11,1,0,0
2019,12,G4,Allegiant Air,LRD,"Laredo, TX: Laredo International",9,0,0,0
2019,12,G4,Allegiant Air,MCI,"Kansas City, MO: Kansas City International",9,1,0,0
2019,12,G4,Allegiant Air,MDT,"Harrisburg, PA: Harrisburg International",70,4,1.72,0
2019,12,G4,Allegiant Air,MEM,"Memphis, TN: Memphis International",64,17,4.17,0.17
2019,12,G4,Allegiant Air,MFE,"Mission/McAllen/Edinburg, TX: McAllen Miller International",55,7,2.77,1.55
2019,12,G4,Allegiant Air,MFR,"Medford, OR: Rogue Valley International - Medford",26,3,0.79,0
2019,12,G4,Allegiant Air,MLI,"Moline, IL: Quad City International",47,5,3.09,0
2019,12,G4,Allegiant Air,MOT,"Minot, ND: Minot International",31,7,2.25,0
2019,12,G4,Allegiant Air,MRY,"Monterey, CA: Monterey Regional",9,4,0,0
2019,12,G4,Allegiant Air,MSO,"Missoula, MT: Missoula International",22,3,0.98,0.67
2019,12,G4,Allegiant Air,MSY,"New Orleans, LA: Louis Armstrong New Orleans International",39,13,2.25,3
2019,12,G4,Allegiant Air,MTJ,"Montrose/Delta, CO: Montrose Regional",4,0,0,0
2019,12,G4,Allegiant Air,OAK,"Oakland, CA: Metropolitan Oakland International",73,22,5.04,1.15
2019,12,G4,Allegiant Air,OGD,"Ogden, UT: Ogden-Hinckley",9,1,1,0
2019,12,G4,Allegiant Air,OGS,"Ogdensburg, NY: Ogdensburg International",11,3,0.72,0.93
2019,12,G4,Allegiant Air,OKC,"Oklahoma City, OK: Will Rogers World",19,4,1,0
2019,12,G4,Allegiant Air,OMA,"Omaha, NE: Eppley Airfield",43,4,1.94,0.94
2019,12,G4,Allegiant Air,ORF,"Norfolk, VA: Norfolk International",53,11,2.08,1
2019,12,G4,Allegiant Air,OWB,"Owensboro, KY: Owensboro Daviess County Regional",9,3,0.93,0.68
2019,12,G4,Allegiant Air,PBG,"Plattsburgh, NY: Plattsburgh International",46,8,3.84,0.47
2019,12,G4,Allegiant Air,PBI,"West Palm Beach/Palm Beach, FL: Palm Beach International",53,20,4.6,1
2019,12,G4,Allegiant Air,PGD,"Punta Gorda, FL: Punta Gorda Airport",568,127,26.29,7.11
2019,12,G4,Allegiant Air,PIA,"Peoria, IL: General Downing - Peoria International",61,14,6.12,3.56
2019,12,G4,Allegiant Air,PIE,"St. Petersburg, FL: St Pete Clearwater International",663,148,35.44,8.51
2019,12,G4,Allegiant Air,PIT,"Pittsburgh, PA: Pittsburgh International",88,20,2.07,1.37
2019,12,G4,Allegiant Air,PSC,"Pasco/Kennewick/Richland, WA: Tri Cities",29,10,0,0
2019,12,G4,Allegiant Air,PSM,"Portsmouth, NH: Portsmouth International at Pease",25,6,1.53,1.13
2019,12,G4,Allegiant Air,PSP,"Palm Springs, CA: Palm Springs International",15,2,1,0
2019,12,G4,Allegiant Air,PVD,"Providence, RI: Theodore Francis Green State",12,2,0.63,0
2019,12,G4,Allegiant Air,PVU,"Provo, UT: Provo Municipal",63,15,5.1,0
2019,12,G4,Allegiant Air,RAP,"Rapid City, SD: Rapid City Regional",35,4,0.9,0
2019,12,G4,Allegiant Air,RDM,"Bend/Redmond, OR: Roberts Field",18,9,2.94,0.95
2019,12,G4,Allegiant Air,RDU,"Raleigh/Durham, NC: Raleigh-Durham International",22,4,1.68,1
2019,12,G4,Allegiant Air,RFD,"Rockford, IL: Chicago/Rockford International",64,16,5.01,0.17
2019,12,G4,Allegiant Air,RIC,"Richmond, VA: Richmond International",39,10,3.75,0
2019,12,G4,Allegiant Air,RNO,"Reno, NV: Reno/Tahoe International",32,7,3.16,0.68
2019,12,G4,Allegiant Air,ROA,"Roanoke, VA: Roanoke Blacksburg Regional Woodrum Field",24,3,0.13,0
2019,12,G4,Allegiant Air,ROC,"Rochester, NY: Greater Rochester International",16,2,0.88,0.37
2019,12,G4,Allegiant Air,SAT,"San Antonio, TX: San Antonio International",9,2,1,0
2019,12,G4,Allegiant Air,SAV,"Savannah, GA: Savannah/Hilton Head International",75,20,0.97,1.48
2019,12,G4,Allegiant Air,SBN,"South Bend, IN: South Bend International",71,10,5.6,0
2019,12,G4,Allegiant Air,SCE,"State College, PA: University Park",18,4,1.62,0
2019,12,G4,Allegiant Air,SCK,"Stockton, CA: Stockton Metropolitan",66,11,1.26,0.86
2019,12,G4,Allegiant Air,SDF,"Louisville, KY: Louisville Muhammad Ali International",69,14,3.99,1
2019,12,G4,Allegiant Air,SFB,"Sanford, FL: Orlando Sanford International",966,254,64.32,15.82
2019,12,G4,Allegiant Air,SGF,"Springfield, MO: Springfield-Branson National",72,12,5.83,0
2019,12,G4,Allegiant Air,SHV,"Shreveport, LA: Shreveport Regional",9,4,3.23,0
2019,12,G4,Allegiant Air,SJU,"San Juan, PR: Luis Munoz Marin International",18,2,1.41,0
2019,12,G4,Allegiant Air,SMX,"Santa Maria, CA: Santa Maria Public/Capt. G. Allan Hancock Field",16,2,0,0
2019,12,G4,Allegiant Air,SPI,"Springfield, IL: Abraham Lincoln Capital",11,3,1.28,0
2019,12,G4,Allegiant Air,SRQ,"Sarasota/Bradenton, FL: Sarasota/Bradenton International",203,56,6.71,2.23
2019,12,G4,Allegiant Air,STC,"St. Cloud, MN: St. Cloud Regional",10,2,0.78,0
2019,12,G4,Allegiant Air,SWF,"Newburgh/Poughkeepsie, NY: New York Stewart International",29,7,0.66,0
2019,12,G4,Allegiant Air,SYR,"Syracuse, NY: Syracuse Hancock International",67,13,2.03,0
2019,12,G4,Allegiant Air,TOL,"Toledo, OH: Toledo Express",40,9,1,0
2019,12,G4,Allegiant Air,TRI,"Bristol/Johnson City/Kingsport, TN: Tri Cities",11,2,0,0.83
2019,12,G4,Allegiant Air,TUL,"Tulsa, OK: Tulsa International",30,5,2.05,0
2019,12,G4,Allegiant Air,TUS,"Tucson, AZ: Tucson International",26,3,0.76,1
2019,12,G4,Allegiant Air,TVC,"Traverse City, MI: Cherry Capital",36,2,1,0
2019,12,G4,Allegiant Air,TYS,"Knoxville, TN: McGhee Tyson",145,52,7.8,1.69
2019,12,G4,Allegiant Air,USA,"Concord, NC: Concord Padgett Regional",129,54,10.24,0.04
2019,12,G4,Allegiant Air,VPS,"Valparaiso, FL: Eglin AFB Destin Fort Walton Beach",87,23,2.1,1
2019,12,G4,Allegiant Air,XNA,"Fayetteville, AR: Northwest Arkansas Regional",42,5,0,2
2019,12,HA,Hawaiian Airlines Inc.,BOS,"Boston, MA: Logan International",22,7,6,1
2019,12,HA,Hawaiian Airlines Inc.,HNL,"Honolulu, HI: Daniel K Inouye International",2996,297,160.67,10.15
2019,12,HA,Hawaiian Airlines Inc.,ITO,"Hilo, HI: Hilo International",497,31,22.35,0.05
2019,12,HA,Hawaiian Airlines Inc.,JFK,"New York, NY: John F. Kennedy International",31,12,10.8,0.2
2019,12,HA,Hawaiian Airlines Inc.,KOA,"Kona, HI: Ellison Onizuka Kona International at Keahole",763,67,43.16,0.52
2019,12,HA,Hawaiian Airlines Inc.,LAS,"Las Vegas, NV: McCarran International",92,20,16.49,0
2019,12,HA,Hawaiian Airlines Inc.,LAX,"Los Angeles, CA: Los Angeles International",194,37,31.16,1
2019,12,HA,Hawaiian Airlines Inc.,LGB,"Long Beach, CA: Long Beach Airport",31,8,8,0
2019,12,HA,Hawaiian Airlines Inc.,LIH,"Lihue, HI: Lihue Airport",758,54,34.88,1.08
2019,12,HA,Hawaiian Airlines Inc.,OAK,"Oakland, CA: Metropolitan Oakland International",88,17,14.2,0
2019,12,HA,Hawaiian Airlines Inc.,OGG,"Kahului, HI: Kahului Airport",1343,131,94.94,0.69
2019,12,HA,Hawaiian Airlines Inc.,PDX,"Portland, OR: Portland International",62,25,24.23,0
2019,12,HA,Hawaiian Airlines Inc.,PHX,"Phoenix, AZ: Phoenix Sky Harbor International",31,6,6,0
2019,12,HA,Hawaiian Airlines Inc.,PPG,"Pago Pago, TT: Pago Pago International",11,1,0,0
2019,12,HA,Hawaiian Airlines Inc.,SAN,"San Diego, CA: San Diego International",62,11,11,0
2019,12,HA,Hawaiian Airlines Inc.,SEA,"Seattle, WA: Seattle/Tacoma International",79,27,20.67,0
2019,12,HA,Hawaiian Airlines Inc.,SFO,"San Francisco, CA: San Francisco International",92,25,22.14,0
2019,12,HA,Hawaiian Airlines Inc.,SJC,"San Jose, CA: Norman Y. Mineta San Jose International",62,15,12.97,0
2019,12,HA,Hawaiian Airlines Inc.,SMF,"Sacramento, CA: Sacramento International",62,22,17.5,0.74
2019,12,MQ,Envoy Air,ABE,"Allentown/Bethlehem/Easton, PA: Lehigh Valley International",47,11,0.77,1.54
2019,12,MQ,Envoy Air,ABI,"Abilene, TX: Abilene Regional",195,32,11.58,0.6
2019,12,MQ,Envoy Air,ABQ,"Albuquerque, NM: Albuquerque International Sunport",1,0,0,0
2019,12,MQ,Envoy Air,ACT,"Waco, TX: Waco Regional",127,20,6.89,0.68
2019,12,MQ,Envoy Air,AEX,"Alexandria, LA: Alexandria International",92,12,4.63,0.61
2019,12,MQ,Envoy Air,AGS,"Augusta, GA: Augusta Regional at Bush Field",31,3,0.87,0
2019,12,MQ,Envoy Air,ALB,"Albany, NY: Albany International",21,4,0.08,0.31
2019,12,MQ,Envoy Air,ALO,"Waterloo, IA: Waterloo Regional",59,12,3.09,1.15
2019,12,MQ,Envoy Air,AMA,"Amarillo, TX: Rick Husband Amarillo International",14,3,0.94,0
2019,12,MQ,Envoy Air,ATL,"Atlanta, GA: Hartsfield-Jackson Atlanta International",20,3,0,0.03
2019,12,MQ,Envoy Air,ATW,"Appleton, WI: Appleton International",55,12,3.49,0.69
2019,12,MQ,Envoy Air,AUS,"Austin, TX: Austin - Bergstrom International",2,0,0,0
2019,12,MQ,Envoy Air,AVP,"Scranton/Wilkes-Barre, PA: Wilkes Barre Scranton International",60,9,0.65,1.02
2019,12,MQ,Envoy Air,AZO,"Kalamazoo, MI: Kalamazoo/Battle Creek International",84,23,7.71,0.12
2019,12,MQ,Envoy Air,BGR,"Bangor, ME: Bangor International",16,5,0.92,0
2019,12,MQ,Envoy Air,BHM,"Birmingham, AL: Birmingham-Shuttlesworth International",132,30,10.75,2.76
2019,12,MQ,Envoy Air,BIL,"Billings, MT: Billings Logan International",30,3,0.25,0.1
2019,12,MQ,Envoy Air,BMI,"Bloomington/Normal, IL: Central Il Regional Airport at Bloomington",90,22,2.24,2.46
2019,12,MQ,Envoy Air,BNA,"Nashville, TN: Nashville International",146,44,8.7,1.49
2019,12,MQ,Envoy Air,BOI,"Boise, ID: Boise Air Terminal",87,21,4.2,2.48
2019,12,MQ,Envoy Air,BPT,"Beaumont/Port Arthur, TX: Jack Brooks Regional",79,7,2.03,1
2019,12,MQ,Envoy Air,BRO,"Brownsville, TX: Brownsville South Padre Island International",66,6,1,0.09
2019,12,MQ,Envoy Air,BTR,"Baton Rouge, LA: Baton Rouge Metropolitan/Ryan Field",106,16,5.32,1.31
2019,12,MQ,Envoy Air,BUF,"Buffalo, NY: Buffalo Niagara International",133,30,8.54,1.68
2019,12,MQ,Envoy Air,BWI,"Baltimore, MD: Baltimore/Washington International Thurgood Marshall",63,22,5.86,1.98
2019,12,MQ,Envoy Air,BZN,"Bozeman, MT: Bozeman Yellowstone International",31,6,1.32,0.38
2019,12,MQ,Envoy Air,CAE,"Columbia, SC: Columbia Metropolitan",98,31,3.99,1.84
2019,12,MQ,Envoy Air,CHA,"Chattanooga, TN: Lovell Field",42,10,2.87,0.04
2019,12,MQ,Envoy Air,CHO,"Charlottesville, VA: Charlottesville Albemarle",114,24,6.56,3.5
2019,12,MQ,Envoy Air,CHS,"Charleston, SC: Charleston AFB/International",100,14,2.79,0.95
2019,12,MQ,Envoy Air,CID,"Cedar Rapids/Iowa City, IA: The Eastern Iowa",265,60,9.65,6.21
2019,12,MQ,Envoy Air,CLE,"Cleveland, OH: Cleveland-Hopkins International",191,36,5.75,2.44
2019,12,MQ,Envoy Air,CLL,"College Station/Bryan, TX: Easterwood Field",74,8,1.04,0.06
2019,12,MQ,Envoy Air,CLT,"Charlotte, NC: Charlotte Douglas International",413,70,19.23,1.9
2019,12,MQ,Envoy Air,CMH,"Columbus, OH: John Glenn Columbus International",414,77,14.49,3.61
2019,12,MQ,Envoy Air,CMI,"Champaign/Urbana, IL: University of Illinois/Willard",242,54,16.58,4.25
2019,12,MQ,Envoy Air,COS,"Colorado Springs, CO: City of Colorado Springs Municipal",27,6,1,0.18
2019,12,MQ,Envoy Air,COU,"Columbia, MO: Columbia Regional",17,6,0.04,1.26
2019,12,MQ,Envoy Air,CRP,"Corpus Christi, TX: Corpus Christi International",118,24,4.29,2.91
2019,12,MQ,Envoy Air,CVG,"Cincinnati, OH: Cincinnati/Northern Kentucky International",447,105,19.19,8.87
2019,12,MQ,Envoy Air,CWA,"Mosinee, WI: Central Wisconsin",85,12,2.28,1.47
2019,12,MQ,Envoy Air,DAY,"Dayton, OH: James M Cox/Dayton International",105,16,3.39,1.24
2019,12,MQ,Envoy Air,DBQ,"Dubuque, IA: Dubuque Regional",89,23,6.14,2.83
2019,12,MQ,Envoy Air,DCA,"Washington, DC: Ronald Reagan Washington National",114,16,4.82,0.44
2019,12,MQ,Envoy Air,DFW,"Dallas/Fort Worth, TX: Dallas/Fort Worth International",5472,1016,199.3,71.76
2019,12,MQ,Envoy Air,DLH,"Duluth, MN: Duluth International",61,8,0.64,2.15
2019,12,MQ,Envoy Air,DRT,"Del Rio, TX: Del Rio International",62,7,0.55,0.07
2019,12,MQ,Envoy Air,DSM,"Des Moines, IA: Des Moines International",99,18,1.71,1.25
2019,12,MQ,Envoy Air,DTW,"Detroit, MI: Detroit Metro Wayne County",70,14,2.03,0.3
2019,12,MQ,Envoy Air,ELP,"El Paso, TX: El Paso International",84,18,2.73,1.54
2019,12,MQ,Envoy Air,EVV,"Evansville, IN: Evansville Regional",62,14,2.66,0.51
2019,12,MQ,Envoy Air,EWR,"Newark, NJ: Newark Liberty International",13,9,1.37,0
2019,12,MQ,Envoy Air,EYW,"Key West, FL: Key West International",48,8,1.06,0.33
2019,12,MQ,Envoy Air,FAR,"Fargo, ND: Hector International",144,35,8.68,3.23
2019,12,MQ,Envoy Air,FAY,"Fayetteville, NC: Fayetteville Regional/Grannis Field",46,6,0.51,0.48
2019,12,MQ,Envoy Air,FNT,"Flint, MI: Bishop International",115,26,7.21,1.48
2019,12,MQ,Envoy Air,FSD,"Sioux Falls, SD: Joe Foss Field",44,16,3.06,3.54
2019,12,MQ,Envoy Air,FSM,"Fort Smith, AR: Fort Smith Regional",76,8,3,0.02
2019,12,MQ,Envoy Air,FWA,"Fort Wayne, IN: Fort Wayne International",69,12,3.87,1.86
2019,12,MQ,Envoy Air,GCK,"Garden City, KS: Garden City Regional",62,7,2.56,1.42
2019,12,MQ,Envoy Air,GEG,"Spokane, WA: Spokane International",24,1,0.43,0
2019,12,MQ,Envoy Air,GGG,"Longview, TX: East Texas Regional",80,5,1,2.1
2019,12,MQ,Envoy Air,GJT,"Grand Junction, CO: Grand Junction Regional",80,16,4.44,0.2
2019,12,MQ,Envoy Air,GNV,"Gainesville, FL: Gainesville Regional",89,10,2.7,0.14
2019,12,MQ,Envoy Air,GPT,"Gulfport/Biloxi, MS: Gulfport-Biloxi International",16,3,2.08,0
2019,12,MQ,Envoy Air,GRB,"Green Bay, WI: Green Bay Austin Straubel International",81,11,1,3.25
2019,12,MQ,Envoy Air,GRI,"Grand Island, NE: Central Nebraska Regional",65,8,4.62,0.52
2019,12,MQ,Envoy Air,GRK,"Killeen, TX: Robert Gray AAF",197,32,8.53,3.97
2019,12,MQ,Envoy Air,GRR,"Grand Rapids, MI: Gerald R. Ford International",155,39,5.25,4.19
2019,12,MQ,Envoy Air,GSO,"Greensboro/High Point, NC: Piedmont Triad International",302,75,13.21,2.24
2019,12,MQ,Envoy Air,GSP,"Greer, SC: Greenville-Spartanburg International",154,27,4.87,1.14
2019,12,MQ,Envoy Air,HDN,"Hayden, CO: Yampa Valley",14,3,0.09,0.39
2019,12,MQ,Envoy Air,HOU,"Houston, TX: William P Hobby",45,6,0.66,0.04
2019,12,MQ,Envoy Air,HRL,"Harlingen/San Benito, TX: Valley International",87,10,2.01,1.38
2019,12,MQ,Envoy Air,HSV,"Huntsville, AL: Huntsville International-Carl T Jones Field",43,10,1.5,0.8
2019,12,MQ,Envoy Air,IAH,"Houston, TX: George Bush Intercontinental/Houston",50,11,1.28,0.92
2019,12,MQ,Envoy Air,ICT,"Wichita, KS: Wichita Dwight D Eisenhower National",134,30,5.26,2.63
2019,12,MQ,Envoy Air,ILM,"Wilmington, NC: Wilmington International",90,21,6.06,0.65
2019,12,MQ,Envoy Air,IND,"Indianapolis, IN: Indianapolis International",153,36,5.44,0.35
2019,12,MQ,Envoy Air,JAN,"Jackson/Vicksburg, MS: Jackson Medgar Wiley Evers International",1,0,0,0
2019,12,MQ,Envoy Air,JAX,"Jacksonville, FL: Jacksonville International",134,17,2.98,0.68
2019,12,MQ,Envoy Air,JFK,"New York, NY: John F. Kennedy International",411,114,20.89,1.24
2019,12,MQ,Envoy Air,JLN,"Joplin, MO: Joplin Regional",117,28,7.4,2.96
2019,12,MQ,Envoy Air,LAN,"Lansing, MI: Capital Region International",60,13,3.88,0.75
2019,12,MQ,Envoy Air,LAW,"Lawton/Fort Sill, OK: Lawton-Fort Sill Regional",54,11,2.14,0
2019,12,MQ,Envoy Air,LBB,"Lubbock, TX: Lubbock Preston Smith International",14,2,1.14,0
2019,12,MQ,Envoy Air,LCH,"Lake Charles, LA: Lake Charles Regional",78,11,4.86,1
2019,12,MQ,Envoy Air,LEX,"Lexington, KY: Blue Grass",164,32,7.84,2.1
2019,12,MQ,Envoy Air,LFT,"Lafayette, LA: Lafayette Regional Paul Fournet Field",18,3,1.8,0
2019,12,MQ,Envoy Air,LGA,"New York, NY: LaGuardia",640,196,23.89,7.73
2019,12,MQ,Envoy Air,LIT,"Little Rock, AR: Bill and Hillary Clinton Nat Adams Field",326,56,13.97,3.75
2019,12,MQ,Envoy Air,LRD,"Laredo, TX: Laredo International",81,6,1.69,0
2019,12,MQ,Envoy Air,LSE,"La Crosse, WI: La Crosse Regional",53,10,1.44,1.03
2019,12,MQ,Envoy Air,MCI,"Kansas City, MO: Kansas City International",73,16,4.74,1.16
2019,12,MQ,Envoy Air,MDT,"Harrisburg, PA: Harrisburg International",95,16,3.1,0.46
2019,12,MQ,Envoy Air,MEM,"Memphis, TN: Memphis International",177,33,6.19,2.44
2019,12,MQ,Envoy Air,MFE,"Mission/McAllen/Edinburg, TX: McAllen Miller International",66,14,2.21,0.86
2019,12,MQ,Envoy Air,MGM,"Montgomery, AL: Montgomery Regional",37,8,4.59,0.23
2019,12,MQ,Envoy Air,MHK,"Manhattan/Ft. Riley, KS: Manhattan Regional",112,18,2.85,2
2019,12,MQ,Envoy Air,MIA,"Miami, FL: Miami International",1078,245,79.05,1.41
2019,12,MQ,Envoy Air,MLI,"Moline, IL: Quad City International",81,15,2.21,0.83
2019,12,MQ,Envoy Air,MLU,"Monroe, LA: Monroe Regional",56,12,2.12,2.4
2019,12,MQ,Envoy Air,MOB,"Mobile, AL: Mobile Regional",48,9,2.82,1
2019,12,MQ,Envoy Air,MQT,"Marquette, MI: Sawyer International",31,8,1.27,1.49
2019,12,MQ,Envoy Air,MRY,"Monterey, CA: Monterey Regional",31,5,1.59,0
2019,12,MQ,Envoy Air,MSN,"Madison, WI: Dane County Regional-Truax Field",150,32,3.86,0.37
2019,12,MQ,Envoy Air,MSO,"Missoula, MT: Missoula International",31,5,1.11,0.04
2019,12,MQ,Envoy Air,MSP,"Minneapolis, MN: Minneapolis-St Paul International",15,4,0,0.03
2019,12,MQ,Envoy Air,MSY,"New Orleans, LA: Louis Armstrong New Orleans International",59,15,3.21,1.62
2019,12,MQ,Envoy Air,MTJ,"Montrose/Delta, CO: Montrose Regional",14,2,0,0
2019,12,MQ,Envoy Air,MYR,"Myrtle Beach, SC: Myrtle Beach International",3,1,0.57,0
2019,12,MQ,Envoy Air,OKC,"Oklahoma City, OK: Will Rogers World",27,4,1.39,0.16
2019,12,MQ,Envoy Air,OMA,"Omaha, NE: Eppley Airfield",141,23,2.51,1.46
2019,12,MQ,Envoy Air,ORD,"Chicago, IL: Chicago O'Hare International",5428,1261,199.11,64.15
2019,12,MQ,Envoy Air,ORF,"Norfolk, VA: Norfolk International",293,68,13.98,2.06
2019,12,MQ,Envoy Air,PGV,"Greenville, NC: Pitt Greenville",2,0,0,0
2019,12,MQ,Envoy Air,PHL,"Philadelphia, PA: Philadelphia International",27,7,1.52,0
2019,12,MQ,Envoy Air,PIA,"Peoria, IL: General Downing - Peoria International",74,21,2.82,3.29
2019,12,MQ,Envoy Air,PIT,"Pittsburgh, PA: Pittsburgh International",185,38,6.79,3.11
2019,12,MQ,Envoy Air,PNS,"Pensacola, FL: Pensacola International",104,20,6.09,0
2019,12,MQ,Envoy Air,PVD,"Providence, RI: Theodore Francis Green State",58,9,1.4,0.73
2019,12,MQ,Envoy Air,RDU,"Raleigh/Durham, NC: Raleigh-Durham International",83,19,5.11,1
2019,12,MQ,Envoy Air,RIC,"Richmond, VA: Richmond International",208,31,7.94,2.29
2019,12,MQ,Envoy Air,ROA,"Roanoke, VA: Roanoke Blacksburg Regional Woodrum Field",28,9,1.14,0.84
2019,12,MQ,Envoy Air,ROC,"Rochester, NY: Greater Rochester International",61,6,1.6,0.05
2019,12,MQ,Envoy Air,ROW,"Roswell, NM: Roswell International Air Center",13,1,0,0
2019,12,MQ,Envoy Air,RST,"Rochester, MN: Rochester International",115,25,4.97,3.64
2019,12,MQ,Envoy Air,SAT,"San Antonio, TX: San Antonio International",30,6,0,0.4
2019,12,MQ,Envoy Air,SAV,"Savannah, GA: Savannah/Hilton Head International",71,13,4.77,0
2019,12,MQ,Envoy Air,SBA,"Santa Barbara, CA: Santa Barbara Municipal",60,11,1.56,0.24
2019,12,MQ,Envoy Air,SBP,"San Luis Obispo, CA: San Luis County Regional",31,4,1.96,0.38
2019,12,MQ,Envoy Air,SCE,"State College, PA: University Park",47,13,3.89,1.01
2019,12,MQ,Envoy Air,SDF,"Louisville, KY: Louisville Muhammad Ali International",129,24,4.49,3.54
2019,12,MQ,Envoy Air,SGF,"Springfield, MO: Springfield-Branson National",408,84,23.01,4.97
2019,12,MQ,Envoy Air,SHV,"Shreveport, LA: Shreveport Regional",86,16,4.19,0.35
2019,12,MQ,Envoy Air,SJT,"San Angelo, TX: San Angelo Regional/Mathis Field",164,21,5.22,2.5
2019,12,MQ,Envoy Air,SPI,"Springfield, IL: Abraham Lincoln Capital",82,8,2.94,0.74
2019,12,MQ,Envoy Air,SPS,"Wichita Falls, TX: Sheppard AFB/Wichita Falls Municipal",102,9,3.3,0.99
2019,12,MQ,Envoy Air,SRQ,"Sarasota/Bradenton, FL: Sarasota/Bradenton International",36,9,4.08,0.07
2019,12,MQ,Envoy Air,STL,"St. Louis, MO: St Louis Lambert International",52,10,1.67,1.02
2019,12,MQ,Envoy Air,STS,"Santa Rosa, CA: Charles M. Schulz - Sonoma County",31,12,0.53,0.1
2019,12,MQ,Envoy Air,SUX,"Sioux City, IA: Sioux Gateway Brig Gen Bud Day Field",123,21,2.56,0.18
2019,12,MQ,Envoy Air,SWO,"Stillwater, OK: Stillwater Regional",68,8,3.49,0
2019,12,MQ,Envoy Air,SYR,"Syracuse, NY: Syracuse Hancock International",34,7,1.17,1.11
2019,12,MQ,Envoy Air,TLH,"Tallahassee, FL: Tallahassee International",156,33,5.13,0.81
2019,12,MQ,Envoy Air,TOL,"Toledo, OH: Toledo Express",89,17,3.9,0.64
2019,12,MQ,Envoy Air,TRI,"Bristol/Johnson City/Kingsport, TN: Tri Cities",75,11,4.54,0.85
2019,12,MQ,Envoy Air,TUL,"Tulsa, OK: Tulsa International",145,22,5.73,2.94
2019,12,MQ,Envoy Air,TVC,"Traverse City, MI: Cherry Capital",76,21,5.62,1.81
2019,12,MQ,Envoy Air,TXK,"Texarkana, AR: Texarkana Regional-Webb Field",90,9,4.42,0.09
2019,12,MQ,Envoy Air,TYR,"Tyler, TX: Tyler Pounds Regional",145,21,6.62,3.09
2019,12,MQ,Envoy Air,TYS,"Knoxville, TN: McGhee Tyson",81,22,4.49,1.8
2019,12,MQ,Envoy Air,XNA,"Fayetteville, AR: Northwest Arkansas Regional",406,73,16.73,3.53
2019,12,NK,Spirit Air Lines,ACY,"Atlantic City, NJ: Atlantic City International",293,45,6.84,0.94
2019,12,NK,Spirit Air Lines,ATL,"Atlanta, GA: Hartsfield-Jackson Atlanta International",736,107,26.34,2.83
2019,12,NK,Spirit Air Lines,AUS,"Austin, TX: Austin - Bergstrom International",269,35,14.71,0.94
2019,12,NK,Spirit Air Lines,AVL,"Asheville, NC: Asheville Regional",31,7,3.14,1
2019,12,NK,Spirit Air Lines,BDL,"Hartford, CT: Bradley International",167,27,5.52,0.73
2019,12,NK,Spirit Air Lines,BNA,"Nashville, TN: Nashville International",186,19,4.81,0
2019,12,NK,Spirit Air Lines,BOS,"Boston, MA: Logan International",403,115,14.8,0
2019,12,NK,Spirit Air Lines,BQN,"Aguadilla, PR: Rafael Hernandez",45,10,3.17,0
2019,12,NK,Spirit Air Lines,BUR,"Burbank, CA: Bob Hope",33,3,0.15,0
2019,12,NK,Spirit Air Lines,BWI,"Baltimore, MD: Baltimore/Washington International Thurgood Marshall",768,157,39.69,2.34
2019,12,NK,Spirit Air Lines,CAK,"Akron, OH: Akron-Canton Regional",50,5,1.95,0
2019,12,NK,Spirit Air Lines,CLE,"Cleveland, OH: Cleveland-Hopkins International",231,32,10.25,1
2019,12,NK,Spirit Air Lines,CLT,"Charlotte, NC: Charlotte Douglas International",124,32,5.38,0.66
2019,12,NK,Spirit Air Lines,CMH,"Columbus, OH: John Glenn Columbus International",137,21,4.26,0
2019,12,NK,Spirit Air Lines,DEN,"Denver, CO: Denver International",320,69,16.91,0.85
2019,12,NK,Spirit Air Lines,DFW,"Dallas/Fort Worth, TX: Dallas/Fort Worth International",588,96,17.27,2.61
2019,12,NK,Spirit Air Lines,DTW,"Detroit, MI: Detroit Metro Wayne County",920,143,37.86,2.15
2019,12,NK,Spirit Air Lines,EWR,"Newark, NJ: Newark Liberty International",414,121,10.6,5.84
2019,12,NK,Spirit Air Lines,FLL,"Fort Lauderdale, FL: Fort Lauderdale-Hollywood International",1920,426,99.91,7.88
2019,12,NK,Spirit Air Lines,GSO,"Greensboro/High Point, NC: Piedmont Triad International",31,5,1.82,0
2019,12,NK,Spirit Air Lines,IAG,"Niagara Falls, NY: Niagara Falls International",22,5,0,0
2019,12,NK,Spirit Air Lines,IAH,"Houston, TX: George Bush Intercontinental/Houston",515,63,23.92,0
2019,12,NK,Spirit Air Lines,IND,"Indianapolis, IN: Indianapolis International",124,21,7.42,0.26
2019,12,NK,Spirit Air Lines,JAX,"Jacksonville, FL: Jacksonville International",54,9,3.38,0
2019,12,NK,Spirit Air Lines,LAS,"Las Vegas, NV: McCarran International",1444,208,55.75,11.54
2019,12,NK,Spirit Air Lines,LAX,"Los Angeles, CA: Los Angeles International",595,93,33.05,0.43
2019,12,NK,Spirit Air Lines,LBE,"Latrobe, PA: Arnold Palmer Regional",81,13,4.1,1
2019,12,NK,Spirit Air Lines,LGA,"New York, NY: LaGuardia",341,81,12.48,3.16
2019,12,NK,Spirit Air Lines,MCI,"Kansas City, MO: Kansas City International",111,9,1.89,0
2019,12,NK,Spirit Air Lines,MCO,"Orlando, FL: Orlando International",1543,319,76.58,7.17
2019,12,NK,Spirit Air Lines,MSP,"Minneapolis, MN: Minneapolis-St Paul International",322,56,8.26,1
2019,12,NK,Spirit Air Lines,MSY,"New Orleans, LA: Louis Armstrong New Orleans International",527,86,21.27,2.01
2019,12,NK,Spirit Air Lines,MYR,"Myrtle Beach, SC: Myrtle Beach International",152,31,9.75,0.58
2019,12,NK,Spirit Air Lines,OAK,"Oakland, CA: Metropolitan Oakland International",120,18,6.55,0
2019,12,NK,Spirit Air Lines,ORD,"Chicago, IL: Chicago O'Hare International",732,123,26.44,1.26
2019,12,NK,Spirit Air Lines,PBG,"Plattsburgh, NY: Plattsburgh International",22,4,1.75,0
2019,12,NK,Spirit Air Lines,PBI,"West Palm Beach/Palm Beach, FL: Palm Beach International",73,15,4.08,1.69
2019,12,NK,Spirit Air Lines,PDX,"Portland, OR: Portland International",54,11,3.93,0
2019,12,NK,Spirit Air Lines,PHL,"Philadelphia, PA: Philadelphia International",336,79,12.15,1.63
2019,12,NK,Spirit Air Lines,PHX,"Phoenix, AZ: Phoenix Sky Harbor International",124,14,3.19,0.26
2019,12,NK,Spirit Air Lines,PIT,"Pittsburgh, PA: Pittsburgh International",197,32,8.38,0.09
2019,12,WN,Southwest Airlines Co.,MEM,"Memphis, TN: Memphis International",384,74,27.07,0.81
2019,12,WN,Southwest Airlines Co.,MHT,"Manchester, NH: Manchester-Boston Regional",299,75,43.33,1.33
2019,12,WN,Southwest Airlines Co.,MKE,"Milwaukee, WI: General Mitchell International",1019,209,69.39,0.29
2019,12,WN,Southwest Airlines Co.,MSP,"Minneapolis, MN: Minneapolis-St Paul International",551,132,58.17,0.15
2019,12,WN,Southwest Airlines Co.,MSY,"New Orleans, LA: Louis Armstrong New Orleans International",1739,384,142.21,1.49
2019,12,WN,Southwest Airlines Co.,OAK,"Oakland, CA: Metropolitan Oakland International",3601,883,280.47,3.47
2019,12,WN,Southwest Airlines Co.,OGG,"Kahului, HI: Kahului Airport",217,21,10.13,0
2019,12,WN,Southwest Airlines Co.,OKC,"Oklahoma City, OK: Will Rogers World",600,139,57.2,0
2019,12,WN,Southwest Airlines Co.,OMA,"Omaha, NE: Eppley Airfield",573,127,47.44,0.04
2019,12,WN,Southwest Airlines Co.,ONT,"Ontario, CA: Ontario International",1092,272,117.47,1
2019,12,WN,Southwest Airlines Co.,ORF,"Norfolk, VA: Norfolk International",238,48,25.02,0
2019,12,WN,Southwest Airlines Co.,PBI,"West Palm Beach/Palm Beach, FL: Palm Beach International",237,69,24.5,0
2019,12,WN,Southwest Airlines Co.,PDX,"Portland, OR: Portland International",1077,247,93.98,0.89
2019,12,WN,Southwest Airlines Co.,PHL,"Philadelphia, PA: Philadelphia International",741,210,82.54,4.89
2019,12,WN,Southwest Airlines Co.,PHX,"Phoenix, AZ: Phoenix Sky Harbor International",5017,1148,364.08,4.93
2019,12,WN,Southwest Airlines Co.,PIT,"Pittsburgh, PA: Pittsburgh International",872,167,68.83,0.25
2019,12,WN,Southwest Airlines Co.,PNS,"Pensacola, FL: Pensacola International",95,10,4.01,0
2019,12,WN,Southwest Airlines Co.,PVD,"Providence, RI: Theodore Francis Green State",552,142,54.99,1.96
2019,12,WN,Southwest Airlines Co.,PWM,"Portland, ME: Portland International Jetport",114,30,12.49,0
2019,12,WN,Southwest Airlines Co.,RDU,"Raleigh/Durham, NC: Raleigh-Durham International",1011,215,85.71,0.73
2019,12,WN,Southwest Airlines Co.,RIC,"Richmond, VA: Richmond International",103,24,13.74,0
2019,12,WN,Southwest Airlines Co.,RNO,"Reno, NV: Reno/Tahoe International",660,164,65.56,0.99
2019,12,WN,Southwest Airlines Co.,ROC,"Rochester, NY: Greater Rochester International",150,28,15.06,0
2019,12,WN,Southwest Airlines Co.,RSW,"Fort Myers, FL: Southwest Florida International",685,144,68.12,0.27
2019,12,WN,Southwest Airlines Co.,SAN,"San Diego, CA: San Diego International",3384,766,274.73,4.16
2019,12,WN,Southwest Airlines Co.,SAT,"San Antonio, TX: San Antonio International",1369,279,115.24,2.14
2019,12,WN,Southwest Airlines Co.,SDF,"Louisville, KY: Louisville Muhammad Ali International",422,92,32.89,0
2019,12,WN,Southwest Airlines Co.,SEA,"Seattle, WA: Seattle/Tacoma International",932,281,119.05,0.97
2019,12,WN,Southwest Airlines Co.,SFO,"San Francisco, CA: San Francisco International",1194,435,88.1,7.49
2019,12,WN,Southwest Airlines Co.,SJC,"San Jose, CA: Norman Y. Mineta San Jose International",3029,589,170.38,1.09
2019,12,WN,Southwest Airlines Co.,SJU,"San Juan, PR: Luis Munoz Marin International",374,89,46.24,0.74
2019,12,WN,Southwest Airlines Co.,SLC,"Salt Lake City, UT: Salt Lake City International",748,256,109.05,1.65
2019,12,WN,Southwest Airlines Co.,SMF,"Sacramento, CA: Sacramento International",2490,571,170.53,3.07
2019,12,WN,Southwest Airlines Co.,SNA,"Santa Ana, CA: John Wayne Airport-Orange County",1159,254,100.53,0
2019,12,WN,Southwest Airlines Co.,STL,"St. Louis, MO: St Louis Lambert International",3304,583,205.43,4.68
2019,12,WN,Southwest Airlines Co.,TPA,"Tampa, FL: Tampa International",2572,523,204.62,3.37
2019,12,WN,Southwest Airlines Co.,TUL,"Tulsa, OK: Tulsa International",385,77,29.68,2
2019,12,WN,Southwest Airlines Co.,TUS,"Tucson, AZ: Tucson International",383,104,40.66,0
2019,12,YV,Mesa Airlines Inc.,ABQ,"Albuquerque, NM: Albuquerque International Sunport",146,32,9.74,0
2019,12,YV,Mesa Airlines Inc.,ALB,"Albany, NY: Albany International",12,3,1,0
2019,12,YV,Mesa Airlines Inc.,AMA,"Amarillo, TX: Rick Husband Amarillo International",157,55,15.86,2.23
2019,12,YV,Mesa Airlines Inc.,ATL,"Atlanta, GA: Hartsfield-Jackson Atlanta International",154,28,14,2
2019,12,YV,Mesa Airlines Inc.,AUS,"Austin, TX: Austin - Bergstrom International",135,28,12,0
2019,12,YV,Mesa Airlines Inc.,AVL,"Asheville, NC: Asheville Regional",45,19,2.69,0.1
2019,12,YV,Mesa Airlines Inc.,BDL,"Hartford, CT: Bradley International",105,21,12,0
2019,12,YV,Mesa Airlines Inc.,BFL,"Bakersfield, CA: Meadows Field",103,46,18.66,1.29
2019,12,YV,Mesa Airlines Inc.,BHM,"Birmingham, AL: Birmingham-Shuttlesworth International",149,40,17.27,1
2019,12,YV,Mesa Airlines Inc.,BIS,"Bismarck/Mandan, ND: Bismarck Municipal",45,13,5.28,0
2019,12,YV,Mesa Airlines Inc.,BMI,"Bloomington/Normal, IL: Central Il Regional Airport at Bloomington",57,22,6.23,0.01
2019,12,YV,Mesa Airlines Inc.,BNA,"Nashville, TN: Nashville International",111,21,9,1
2019,12,YV,Mesa Airlines Inc.,BOS,"Boston, MA: Logan International",15,2,2,0
2019,12,YV,Mesa Airlines Inc.,BRO,"Brownsville, TX: Brownsville South Padre Island International",41,5,3,0
2019,12,YV,Mesa Airlines Inc.,BTR,"Baton Rouge, LA: Baton Rouge Metropolitan/Ryan Field",54,5,3,2
2019,12,YV,Mesa Airlines Inc.,BTV,"Burlington, VT: Burlington International",58,10,5,0
2019,12,YV,Mesa Airlines Inc.,BUF,"Buffalo, NY: Buffalo Niagara International",35,7,3,0
2019,12,YV,Mesa Airlines Inc.,BUR,"Burbank, CA: Bob Hope",125,51,16.76,0.89
2019,12,YV,Mesa Airlines Inc.,BZN,"Bozeman, MT: Bozeman Yellowstone International",13,3,1,1
2019,12,YV,Mesa Airlines Inc.,CAK,"Akron, OH: Akron-Canton Regional",31,9,7,1
2019,12,YV,Mesa Airlines Inc.,CHA,"Chattanooga, TN: Lovell Field",48,11,5.45,0
2019,12,YV,Mesa Airlines Inc.,CHS,"Charleston, SC: Charleston AFB/International",128,34,21.05,1
2019,12,YV,Mesa Airlines Inc.,CID,"Cedar Rapids/Iowa City, IA: The Eastern Iowa",27,12,3.23,0
2019,12,YV,Mesa Airlines Inc.,CLE,"Cleveland, OH: Cleveland-Hopkins International",35,5,2,0
2019,12,YV,Mesa Airlines Inc.,CLT,"Charlotte, NC: Charlotte Douglas International",194,43,20,2
2019,12,YV,Mesa Airlines Inc.,CMH,"Columbus, OH: John Glenn Columbus International",115,20,9,1
2019,12,YV,Mesa Airlines Inc.,COS,"Colorado Springs, CO: City of Colorado Springs Municipal",6,0,0,0
2019,12,YV,Mesa Airlines Inc.,COU,"Columbia, MO: Columbia Regional",47,12,4.13,0.41
2019,12,YV,Mesa Airlines Inc.,CRP,"Corpus Christi, TX: Corpus Christi International",110,36,11.92,0
2019,12,YV,Mesa Airlines Inc.,CVG,"Cincinnati, OH: Cincinnati/Northern Kentucky International",82,16,8,0
2019,12,YV,Mesa Airlines Inc.,DAY,"Dayton, OH: James M Cox/Dayton International",45,6,3,0
2019,12,YV,Mesa Airlines Inc.,DCA,"Washington, DC: Ronald Reagan Washington National",90,19,10,0
2019,12,YV,Mesa Airlines Inc.,DFW,"Dallas/Fort Worth, TX: Dallas/Fort Worth International",3333,872,168.16,36.42
2019,12,YV,Mesa Airlines Inc.,DRO,"Durango, CO: Durango La Plata County",172,56,14.6,1.5
2019,12,YV,Mesa Airlines Inc.,DSM,"Des Moines, IA: Des Moines International",30,14,2.43,0
2019,12,YV,Mesa Airlines Inc.,DTW,"Detroit, MI: Detroit Metro Wayne County",203,31,19,1
2019,12,YV,Mesa Airlines Inc.,ECP,"Panama City, FL: Northwest Florida Beaches International",78,26,6.19,0.17
2019,12,YV,Mesa Airlines Inc.,ELP,"El Paso, TX: El Paso International",374,94,44.28,1.02
2019,12,YV,Mesa Airlines Inc.,FAT,"Fresno, CA: Fresno Yosemite International",60,13,3.02,2.06
2019,12,YV,Mesa Airlines Inc.,FLG,"Flagstaff, AZ: Flagstaff Pulliam",29,7,2.2,0
2019,12,YV,Mesa Airlines Inc.,FLL,"Fort Lauderdale, FL: Fort Lauderdale-Hollywood International",13,2,0,0
2019,12,YV,Mesa Airlines Inc.,FSD,"Sioux Falls, SD: Joe Foss Field",131,44,10.92,0.33
2019,12,YV,Mesa Airlines Inc.,FSM,"Fort Smith, AR: Fort Smith Regional",45,14,1.88,0
2019,12,YV,Mesa Airlines Inc.,GJT,"Grand Junction, CO: Grand Junction Regional",4,0,0,0
2019,12,YV,Mesa Airlines Inc.,GPT,"Gulfport/Biloxi, MS: Gulfport-Biloxi International",69,16,3.16,0.09
2019,12,YV,Mesa Airlines Inc.,GRR,"Grand Rapids, MI: Gerald R. Ford International",15,2,1,0
2019,12,YV,Mesa Airlines Inc.,GSO,"Greensboro/High Point, NC: Piedmont Triad International",41,11,2.88,0.06
2019,12,YV,Mesa Airlines Inc.,GSP,"Greer, SC: Greenville-Spartanburg International",76,18,8,0
2019,12,YV,Mesa Airlines Inc.,GUC,"Gunnison, CO: Gunnison-Crested Butte Regional",13,1,1,0
2019,12,YV,Mesa Airlines Inc.,HOU,"Houston, TX: William P Hobby",152,54,17.46,0.13
2019,12,YV,Mesa Airlines Inc.,HRL,"Harlingen/San Benito, TX: Valley International",50,9,7,0
2019,12,YV,Mesa Airlines Inc.,HSV,"Huntsville, AL: Huntsville International-Carl T Jones Field",182,52,18.69,2.14
2019,12,YV,Mesa Airlines Inc.,IAD,"Washington, DC: Washington Dulles International",1659,344,91,32
2019,12,YV,Mesa Airlines Inc.,IAH,"Houston, TX: George Bush Intercontinental/Houston",3112,502,129.21,22
2019,12,YV,Mesa Airlines Inc.,ICT,"Wichita, KS: Wichita Dwight D Eisenhower National",150,52,21.75,1.97
2019,12,YV,Mesa Airlines Inc.,IND,"Indianapolis, IN: Indianapolis International",51,9,6,0
2019,12,YV,Mesa Airlines Inc.,JAN,"Jackson/Vicksburg, MS: Jackson Medgar Wiley Evers International",189,56,14.85,2.45
2019,12,YV,Mesa Airlines Inc.,JAX,"Jacksonville, FL: Jacksonville International",51,10,3.08,2
2019,12,YV,Mesa Airlines Inc.,JLN,"Joplin, MO: Joplin Regional",6,0,0,0
2019,12,YV,Mesa Airlines Inc.,LBB,"Lubbock, TX: Lubbock Preston Smith International",174,48,16.28,0.5
2019,12,YV,Mesa Airlines Inc.,LFT,"Lafayette, LA: Lafayette Regional Paul Fournet Field",155,50,22,2.43
2019,12,YV,Mesa Airlines Inc.,LGA,"New York, NY: LaGuardia",114,37,16,0
2019,12,YV,Mesa Airlines Inc.,LGB,"Long Beach, CA: Long Beach Airport",88,22,5.42,0.01
2019,12,YV,Mesa Airlines Inc.,LIT,"Little Rock, AR: Bill and Hillary Clinton Nat Adams Field",35,8,3,2
2019,12,YV,Mesa Airlines Inc.,MAF,"Midland/Odessa, TX: Midland International Air and Space Port",258,80,26.94,1.87
2019,12,YV,Mesa Airlines Inc.,MCI,"Kansas City, MO: Kansas City International",84,17,8.32,1
2019,12,YV,Mesa Airlines Inc.,MDT,"Harrisburg, PA: Harrisburg International",19,2,1,0
2019,12,YV,Mesa Airlines Inc.,MEM,"Memphis, TN: Memphis International",97,20,8.9,0
2019,12,YV,Mesa Airlines Inc.,MFE,"Mission/McAllen/Edinburg, TX: McAllen Miller International",118,31,12.75,3.47
2019,12,YV,Mesa Airlines Inc.,MHT,"Manchester, NH: Manchester-Boston Regional",35,8,2,1
2019,12,YV,Mesa Airlines Inc.,MIA,"Miami, FL: Miami International",2,2,1,0
2019,12,YV,Mesa Airlines Inc.,MKE,"Milwaukee, WI: General Mitchell International",43,11,7.8,0
2019,12,YV,Mesa Airlines Inc.,MLI,"Moline, IL: Quad City International",62,16,3.07,0.65
2019,12,YV,Mesa Airlines Inc.,MLU,"Monroe, LA: Monroe Regional",28,5,0.98,0
2019,12,YV,Mesa Airlines Inc.,MOB,"Mobile, AL: Mobile Regional",118,36,10.91,1.75
2019,12,YV,Mesa Airlines Inc.,MRY,"Monterey, CA: Monterey Regional",100,37,7.26,0
2019,12,YV,Mesa Airlines Inc.,MSN,"Madison, WI: Dane County Regional-Truax Field",47,24,5.93,0.13
2019,12,YV,Mesa Airlines Inc.,MSP,"Minneapolis, MN: Minneapolis-St Paul International",134,31,15,1
2019,12,YV,Mesa Airlines Inc.,MSY,"New Orleans, LA: Louis Armstrong New Orleans International",22,8,3,2
2019,12,YV,Mesa Airlines Inc.,MTJ,"Montrose/Delta, CO: Montrose Regional",44,14,5.91,0
2019,12,YV,Mesa Airlines Inc.,OAK,"Oakland, CA: Metropolitan Oakland International",23,9,1.26,0
2019,12,YV,Mesa Airlines Inc.,OKC,"Oklahoma City, OK: Will Rogers World",351,89,43.98,2.81
2019,12,YV,Mesa Airlines Inc.,OMA,"Omaha, NE: Eppley Airfield",20,6,3,0
2019,12,YV,Mesa Airlines Inc.,ONT,"Ontario, CA: Ontario International",58,10,3.98,0
2019,12,YV,Mesa Airlines Inc.,ORF,"Norfolk, VA: Norfolk International",94,15,9,0
2019,12,YV,Mesa Airlines Inc.,PBI,"West Palm Beach/Palm Beach, FL: Palm Beach International",14,2,0,0
2019,12,YV,Mesa Airlines Inc.,PHL,"Philadelphia, PA: Philadelphia International",51,9,4,1
2019,12,YV,Mesa Airlines Inc.,PHX,"Phoenix, AZ: Phoenix Sky Harbor International",1605,408,62.09,4.99
2019,12,YV,Mesa Airlines Inc.,PIA,"Peoria, IL: General Downing - Peoria International",63,24,6.35,0.88
2019,12,YV,Mesa Airlines Inc.,PIT,"Pittsburgh, PA: Pittsburgh International",96,13,6,1
2019,12,YV,Mesa Airlines Inc.,PNS,"Pensacola, FL: Pensacola International",180,52,21.03,1.24
2019,12,YV,Mesa Airlines Inc.,PSP,"Palm Springs, CA: Palm Springs International",115,22,7.64,0.38
2019,12,YV,Mesa Airlines Inc.,PVD,"Providence, RI: Theodore Francis Green State",66,14,8,1
2019,12,YV,Mesa Airlines Inc.,PWM,"Portland, ME: Portland International Jetport",1,0,0,0
2019,12,YV,Mesa Airlines Inc.,RAP,"Rapid City, SD: Rapid City Regional",73,22,7.13,0.47
2019,12,YV,Mesa Airlines Inc.,RDU,"Raleigh/Durham, NC: Raleigh-Durham International",63,15,8,0
2019,12,YV,Mesa Airlines Inc.,RIC,"Richmond, VA: Richmond International",41,12,5,1
2019,12,YV,Mesa Airlines Inc.,RNO,"Reno, NV: Reno/Tahoe International",97,30,11.96,1
2019,12,YV,Mesa Airlines Inc.,ROA,"Roanoke, VA: Roanoke Blacksburg Regional Woodrum Field",19,1,1,0
2019,12,YV,Mesa Airlines Inc.,ROC,"Rochester, NY: Greater Rochester International",55,11,4,0
2019,12,YV,Mesa Airlines Inc.,RSW,"Fort Myers, FL: Southwest Florida International",11,4,2,1
2019,12,YV,Mesa Airlines Inc.,SAF,"Santa Fe, NM: Santa Fe Municipal",31,7,0.98,0
2019,12,YV,Mesa Airlines Inc.,SAT,"San Antonio, TX: San Antonio International",23,3,2,0
2019,12,YV,Mesa Airlines Inc.,SAV,"Savannah, GA: Savannah/Hilton Head International",81,22,10,0
2019,12,YV,Mesa Airlines Inc.,SBA,"Santa Barbara, CA: Santa Barbara Municipal",31,13,4.11,0
2019,12,YV,Mesa Airlines Inc.,SDF,"Louisville, KY: Louisville Muhammad Ali International",202,57,27.45,0.94
2019,12,YV,Mesa Airlines Inc.,SHV,"Shreveport, LA: Shreveport Regional",52,14,3.18,0
2019,12,YV,Mesa Airlines Inc.,SLC,"Salt Lake City, UT: Salt Lake City International",48,10,7,0
2019,12,YV,Mesa Airlines Inc.,SRQ,"Sarasota/Bradenton, FL: Sarasota/Bradenton International",31,5,3,0
2019,12,YV,Mesa Airlines Inc.,STL,"St. Louis, MO: St Louis Lambert International",38,9,4,0
2019,12,YV,Mesa Airlines Inc.,STS,"Santa Rosa, CA: Charles M. Schulz - Sonoma County",31,10,3.81,0
2019,12,YV,Mesa Airlines Inc.,SYR,"Syracuse, NY: Syracuse Hancock International",27,4,2,0
2019,12,YV,Mesa Airlines Inc.,TLH,"Tallahassee, FL: Tallahassee International",48,15,5,0
2019,12,YV,Mesa Airlines Inc.,TPA,"Tampa, FL: Tampa International",1,0,0,0
2019,12,YV,Mesa Airlines Inc.,TUL,"Tulsa, OK: Tulsa International",52,15,10.92,0
2019,12,YV,Mesa Airlines Inc.,TUS,"Tucson, AZ: Tucson International",224,63,18.85,0
2019,12,YV,Mesa Airlines Inc.,TYS,"Knoxville, TN: McGhee Tyson",95,13,8.91,0
2019,12,YV,Mesa Airlines Inc.,VPS,"Valparaiso, FL: Eglin AFB Destin Fort Walton Beach",42,14,4.75,0
2019,12,YV,Mesa Airlines Inc.,XNA,"Fayetteville, AR: Northwest Arkansas Regional",48,11,6,1
2019,12,YV,Mesa Airlines Inc.,YUM,"Yuma, AZ: Yuma MCAS/Yuma International",59,19,3.72,0
2019,12,YX,Republic Airline,ABQ,"Albuquerque, NM: Albuquerque International Sunport",24,2,0.33,0
2019,12,YX,Republic Airline,ATL,"Atlanta, GA: Hartsfield-Jackson Atlanta International",569,116,23.87,2.96
2019,12,YX,Republic Airline,AUS,"Austin, TX: Austin - Bergstrom International",63,10,1.58,1
2019,12,YX,Republic Airline,AVL,"Asheville, NC: Asheville Regional",9,1,0,0
2019,12,YX,Republic Airline,BDL,"Hartford, CT: Bradley International",94,11,0.8,0
2019,12,YX,Republic Airline,BGR,"Bangor, ME: Bangor International",2,0,0,0
2019,12,YX,Republic Airline,BHM,"Birmingham, AL: Birmingham-Shuttlesworth International",60,14,3.95,0.17
2019,12,YX,Republic Airline,BIL,"Billings, MT: Billings Logan International",1,0,0,0
2019,12,YX,Republic Airline,BNA,"Nashville, TN: Nashville International",383,71,15.92,1.64
2019,12,YX,Republic Airline,BOS,"Boston, MA: Logan International",1417,390,71.9,15.02
2019,12,YX,Republic Airline,BRO,"Brownsville, TX: Brownsville South Padre Island International",6,0,0,0
2019,12,YX,Republic Airline,BTR,"Baton Rouge, LA: Baton Rouge Metropolitan/Ryan Field",12,2,0.9,0
2019,12,YX,Republic Airline,BTV,"Burlington, VT: Burlington International",192,38,8.97,0
2019,12,YX,Republic Airline,BUF,"Buffalo, NY: Buffalo Niagara International",144,32,6.54,0.07
2019,12,YX,Republic Airline,BWI,"Baltimore, MD: Baltimore/Washington International Thurgood Marshall",70,7,0.33,0.09
2019,12,YX,Republic Airline,BZN,"Bozeman, MT: Bozeman Yellowstone International",2,0,0,0
2019,12,YX,Republic Airline,CAE,"Columbia, SC: Columbia Metropolitan",14,1,0,0
2019,12,YX,Republic Airline,CHS,"Charleston, SC: Charleston AFB/International",162,24,5.86,0.33
2019,12,YX,Republic Airline,CLE,"Cleveland, OH: Cleveland-Hopkins International",324,47,13.4,2.31
2019,12,YX,Republic Airline,CLT,"Charlotte, NC: Charlotte Douglas International",1055,214,42.81,2.12
2019,12,YX,Republic Airline,CMH,"Columbus, OH: John Glenn Columbus International",1131,238,65.26,3.26
2019,12,YX,Republic Airline,COS,"Colorado Springs, CO: City of Colorado Springs Municipal",37,7,2.05,0.1
2019,12,YX,Republic Airline,CRP,"Corpus Christi, TX: Corpus Christi International",31,2,0,0.13
2019,12,YX,Republic Airline,CVG,"Cincinnati, OH: Cincinnati/Northern Kentucky International",143,30,8.13,0.3
2019,12,YX,Republic Airline,DAB,"Daytona Beach, FL: Daytona Beach International",2,0,0,0
2019,12,YX,Republic Airline,DAY,"Dayton, OH: James M Cox/Dayton International",45,14,4.19,0
2019,12,YX,Republic Airline,DCA,"Washington, DC: Ronald Reagan Washington National",2428,452,93.64,9.09
2019,12,YX,Republic Airline,DEN,"Denver, CO: Denver International",650,123,28.94,3.07
2019,12,YX,Republic Airline,DFW,"Dallas/Fort Worth, TX: Dallas/Fort Worth International",114,19,7.85,0.98
2019,12,YX,Republic Airline,DRO,"Durango, CO: Durango La Plata County",20,7,2.58,0.93
2019,12,YX,Republic Airline,DSM,"Des Moines, IA: Des Moines International",102,18,3.47,0
2019,12,YX,Republic Airline,DTW,"Detroit, MI: Detroit Metro Wayne County",699,109,25.53,2.33
2019,12,YX,Republic Airline,ELP,"El Paso, TX: El Paso International",56,15,5.1,0
2019,12,YX,Republic Airline,EWR,"Newark, NJ: Newark Liberty International",1967,621,43.85,6.73
2019,12,YX,Republic Airline,EYW,"Key West, FL: Key West International",351,66,9.67,0
2019,12,YX,Republic Airline,FAR,"Fargo, ND: Hector International",16,3,0.16,0
2019,12,YX,Republic Airline,FSD,"Sioux Falls, SD: Joe Foss Field",7,2,0.41,0.49
2019,12,YX,Republic Airline,GEG,"Spokane, WA: Spokane International",12,1,0.61,0
2019,12,YX,Republic Airline,GJT,"Grand Junction, CO: Grand Junction Regional",39,6,1.61,0
2019,12,YX,Republic Airline,GRB,"Green Bay, WI: Green Bay Austin Straubel International",11,2,0,0
2019,12,YX,Republic Airline,GRK,"Killeen, TX: Robert Gray AAF",22,4,2.34,0
2019,12,YX,Republic Airline,GRR,"Grand Rapids, MI: Gerald R. Ford International",46,9,2.77,0
2019,12,YX,Republic Airline,GSO,"Greensboro/High Point, NC: Piedmont Triad International",38,5,0.48,0.07
2019,12,YX,Republic Airline,GSP,"Greer, SC: Greenville-Spartanburg International",80,18,7.76,1
2019,12,YX,Republic Airline,HHH,"Hilton Head, SC: Hilton Head Airport",185,27,5.54,3.67
2019,12,YX,Republic Airline,HRL,"Harlingen/San Benito, TX: Valley International",2,0,0,0
2019,12,YX,Republic Airline,HSV,"Huntsville, AL: Huntsville International-Carl T Jones Field",26,9,1.06,0
2019,12,YX,Republic Airline,HVN,"New Haven, CT: Tweed New Haven",84,15,2.39,1
2019,12,YX,Republic Airline,IAD,"Washington, DC: Washington Dulles International",311,62,10.36,0.57
2019,12,YX,Republic Airline,IAH,"Houston, TX: George Bush Intercontinental/Houston",932,140,28.91,2.72
2019,12,YX,Republic Airline,ICT,"Wichita, KS: Wichita Dwight D Eisenhower National",23,2,0.15,0.15
2019,12,YX,Republic Airline,ILM,"Wilmington, NC: Wilmington International",56,14,3.14,0
2019,12,YX,Republic Airline,IND,"Indianapolis, IN: Indianapolis International",986,187,47.72,4.98
2019,12,YX,Republic Airline,JAX,"Jacksonville, FL: Jacksonville International",363,64,21.46,2.54
2019,12,YX,Republic Airline,JFK,"New York, NY: John F. Kennedy International",418,73,19.94,3.38
2019,12,YX,Republic Airline,LAN,"Lansing, MI: Capital Region International",7,4,2.25,0
2019,12,YX,Republic Airline,LEX,"Lexington, KY: Blue Grass",53,11,4.37,0
2019,12,YX,Republic Airline,LGA,"New York, NY: LaGuardia",2820,732,116.83,13.95
2019,12,YX,Republic Airline,LIT,"Little Rock, AR: Bill and Hillary Clinton Nat Adams Field",14,2,2,0
2019,12,YX,Republic Airline,LNK,"Lincoln, NE: Lincoln Airport",2,0,0,0
2019,12,YX,Republic Airline,MAF,"Midland/Odessa, TX: Midland International Air and Space Port",91,20,2.72,0.1
2019,12,YX,Republic Airline,MCI,"Kansas City, MO: Kansas City International",554,97,19.36,4.33
2019,12,YX,Republic Airline,MCO,"Orlando, FL: Orlando International",12,1,0,0
2019,12,YX,Republic Airline,MEM,"Memphis, TN: Memphis International",172,27,5.17,0
2019,12,YX,Republic Airline,MFE,"Mission/McAllen/Edinburg, TX: McAllen Miller International",3,0,0,0
2019,12,YX,Republic Airline,MHT,"Manchester, NH: Manchester-Boston Regional",94,18,3.34,0
2019,12,YX,Republic Airline,MIA,"Miami, FL: Miami International",1127,143,33.9,4.84
2019,12,YX,Republic Airline,MKE,"Milwaukee, WI: General Mitchell International",27,5,2.04,0.33
2019,12,YX,Republic Airline,MSN,"Madison, WI: Dane County Regional-Truax Field",52,13,3.7,0
2019,12,YX,Republic Airline,MSP,"Minneapolis, MN: Minneapolis-St Paul International",461,97,16.94,1.88
2019,12,YX,Republic Airline,MSY,"New Orleans, LA: Louis Armstrong New Orleans International",318,62,12.79,0.02
2019,12,YX,Republic Airline,MYR,"Myrtle Beach, SC: Myrtle Beach International",47,12,0.88,0
2019,12,YX,Republic Airline,OKC,"Oklahoma City, OK: Will Rogers World",133,34,7.06,1.41
2019,12,YX,Republic Airline,OMA,"Omaha, NE: Eppley Airfield",185,44,10.43,1.4
2019,12,YX,Republic Airline,ORD,"Chicago, IL: Chicago O'Hare International",1233,236,34.35,7.18
2019,12,YX,Republic Airline,ORF,"Norfolk, VA: Norfolk International",97,20,4.84,0.05
2019,12,YX,Republic Airline,PBI,"West Palm Beach/Palm Beach, FL: Palm Beach International",55,7,0.62,0
2019,12,YX,Republic Airline,PHL,"Philadelphia, PA: Philadelphia International",1598,358,51.62,8.91
2019,12,YX,Republic Airline,PIT,"Pittsburgh, PA: Pittsburgh International",863,191,41.55,7.45
2019,12,YX,Republic Airline,PNS,"Pensacola, FL: Pensacola International",20,4,1,0
2019,12,YX,Republic Airline,PVD,"Providence, RI: Theodore Francis Green State",124,30,6.11,0.03
2019,12,YX,Republic Airline,PWM,"Portland, ME: Portland International Jetport",219,48,8.46,0.89
2019,12,YX,Republic Airline,RAP,"Rapid City, SD: Rapid City Regional",32,6,0.46,0.11
2019,12,YX,Republic Airline,RDU,"Raleigh/Durham, NC: Raleigh-Durham International",492,97,21.61,2.64
2019,12,YX,Republic Airline,RIC,"Richmond, VA: Richmond International",193,48,7.23,1.1
2019,12,YX,Republic Airline,ROC,"Rochester, NY: Greater Rochester International",117,25,7.57,0.01
2019,12,YX,Republic Airline,RSW,"Fort Myers, FL: Southwest Florida International",93,18,5.55,0
2019,12,YX,Republic Airline,SAT,"San Antonio, TX: San Antonio International",68,9,3.77,0.07
2019,12,YX,Republic Airline,SAV,"Savannah, GA: Savannah/Hilton Head International",7,1,0,0
2019,12,YX,Republic Airline,SDF,"Louisville, KY: Louisville Muhammad Ali International",549,111,29.04,0.97
2019,12,YX,Republic Airline,SEA,"Seattle, WA: Seattle/Tacoma International",9,2,0.5,0
2019,12,YX,Republic Airline,SLC,"Salt Lake City, UT: Salt Lake City International",30,6,2.82,0
2019,12,YX,Republic Airline,SMF,"Sacramento, CA: Sacramento International",9,1,0.81,0
2019,12,YX,Republic Airline,SRQ,"Sarasota/Bradenton, FL: Sarasota/Bradenton International",154,22,5.48,0.2
2019,12,YX,Republic Airline,STL,"St. Louis, MO: St Louis Lambert International",283,56,6.72,0.3
2019,12,YX,Republic Airline,SYR,"Syracuse, NY: Syracuse Hancock International",86,16,2.83,0.02
2019,12,YX,Republic Airline,TPA,"Tampa, FL: Tampa International",3,0,0,0
2019,12,YX,Republic Airline,TUL,"Tulsa, OK: Tulsa International",30,3,2.43,0
2019,12,YX,Republic Airline,TUS,"Tucson, AZ: Tucson International",16,4,1,0.18
2019,12,YX,Republic Airline,TVC,"Traverse City, MI: Cherry Capital",2,0,0,0
2019,12,YX,Republic Airline,TYS,"Knoxville, TN: McGhee Tyson",100,11,1.59,0
2019,12,YX,Republic Airline,VPS,"Valparaiso, FL: Eglin AFB Destin Fort Walton Beach",4,1,0,0
2019,12,YX,Republic Airline,XNA,"Fayetteville, AR: Northwest Arkansas Regional",183,44,6.8,0.05
2019,12,NK,Spirit Air Lines,RDU,"Raleigh/Durham, NC: Raleigh-Durham International",168,41,9.43,0.09
2019,12,NK,Spirit Air Lines,RIC,"Richmond, VA: Richmond International",62,12,4.5,1
2019,12,NK,Spirit Air Lines,RSW,"Fort Myers, FL: Southwest Florida International",498,74,14.49,4.54
2019,12,NK,Spirit Air Lines,SAN,"San Diego, CA: San Diego International",120,15,3.6,0
2019,12,NK,Spirit Air Lines,SEA,"Seattle, WA: Seattle/Tacoma International",117,14,4.36,0
2019,12,NK,Spirit Air Lines,SJU,"San Juan, PR: Luis Munoz Marin International",246,56,16.49,1.31
2019,12,NK,Spirit Air Lines,SMF,"Sacramento, CA: Sacramento International",92,7,2.1,0
2019,12,NK,Spirit Air Lines,STT,"Charlotte Amalie, VI: Cyril E King",45,9,2,1
2019,12,NK,Spirit Air Lines,STX,"Christiansted, VI: Henry E. Rohlsen",14,4,1.94,0
2019,12,NK,Spirit Air Lines,TPA,"Tampa, FL: Tampa International",782,127,35.57,7.62
2019,12,OH,PSA Airlines Inc.,ABE,"Allentown/Bethlehem/Easton, PA: Lehigh Valley International",86,18,6.56,0
2019,12,OH,PSA Airlines Inc.,AGS,"Augusta, GA: Augusta Regional at Bush Field",123,21,7.72,0.65
2019,12,OH,PSA Airlines Inc.,ALB,"Albany, NY: Albany International",67,17,5.61,0
2019,12,OH,PSA Airlines Inc.,ATL,"Atlanta, GA: Hartsfield-Jackson Atlanta International",80,21,5.15,0.67
2019,12,OH,PSA Airlines Inc.,AVL,"Asheville, NC: Asheville Regional",218,65,13.01,0.62
2019,12,OH,PSA Airlines Inc.,AVP,"Scranton/Wilkes-Barre, PA: Wilkes Barre Scranton International",113,27,7.03,0.08
2019,12,OH,PSA Airlines Inc.,BDL,"Hartford, CT: Bradley International",106,37,5.23,1.43
2019,12,OH,PSA Airlines Inc.,BGR,"Bangor, ME: Bangor International",73,24,10.22,0.47
2019,12,OH,PSA Airlines Inc.,BHM,"Birmingham, AL: Birmingham-Shuttlesworth International",325,91,31.93,1.29
2019,12,OH,PSA Airlines Inc.,BNA,"Nashville, TN: Nashville International",70,11,5.99,0
2019,12,OH,PSA Airlines Inc.,BOS,"Boston, MA: Logan International",6,2,0,0.36
2019,12,OH,PSA Airlines Inc.,BTR,"Baton Rouge, LA: Baton Rouge Metropolitan/Ryan Field",83,21,8.22,0.89
2019,12,OH,PSA Airlines Inc.,BTV,"Burlington, VT: Burlington International",79,18,4.17,0.12
2019,12,OH,PSA Airlines Inc.,BUF,"Buffalo, NY: Buffalo Niagara International",86,25,8.87,0.28
2019,12,OH,PSA Airlines Inc.,BWI,"Baltimore, MD: Baltimore/Washington International Thurgood Marshall",13,4,1.44,0
2019,12,OH,PSA Airlines Inc.,CAE,"Columbia, SC: Columbia Metropolitan",191,44,13.36,0
2019,12,OH,PSA Airlines Inc.,CAK,"Akron, OH: Akron-Canton Regional",237,70,17.72,1.65
2019,12,OH,PSA Airlines Inc.,CHA,"Chattanooga, TN: Lovell Field",244,63,25.2,2.12
2019,12,OH,PSA Airlines Inc.,CHO,"Charlottesville, VA: Charlottesville Albemarle",110,29,7.81,1.46
2019,12,OH,PSA Airlines Inc.,CHS,"Charleston, SC: Charleston AFB/International",273,80,17.72,0
2019,12,OH,PSA Airlines Inc.,CID,"Cedar Rapids/Iowa City, IA: The Eastern Iowa",74,21,7.92,0
2019,12,OH,PSA Airlines Inc.,CLE,"Cleveland, OH: Cleveland-Hopkins International",184,39,9.3,0.53
2019,12,OH,PSA Airlines Inc.,CLT,"Charlotte, NC: Charlotte Douglas International",7965,1510,275.81,23.74
2019,12,OH,PSA Airlines Inc.,CMH,"Columbus, OH: John Glenn Columbus International",126,27,9.24,1
2019,12,OH,PSA Airlines Inc.,CRW,"Charleston/Dunbar, WV: Yeager",199,48,14.13,2.84
2019,12,OH,PSA Airlines Inc.,CVG,"Cincinnati, OH: Cincinnati/Northern Kentucky International",406,99,25.76,3.05
2019,12,OH,PSA Airlines Inc.,DAB,"Daytona Beach, FL: Daytona Beach International",129,40,8.59,0.05
2019,12,OH,PSA Airlines Inc.,DAY,"Dayton, OH: James M Cox/Dayton International",505,152,39.76,1.8
2019,12,OH,PSA Airlines Inc.,DCA,"Washington, DC: Ronald Reagan Washington National",2382,633,141.06,16.05
2019,12,OH,PSA Airlines Inc.,DFW,"Dallas/Fort Worth, TX: Dallas/Fort Worth International",224,60,10.36,1.15
2019,12,OH,PSA Airlines Inc.,DSM,"Des Moines, IA: Des Moines International",86,14,5.48,0
2019,12,OH,PSA Airlines Inc.,DTW,"Detroit, MI: Detroit Metro Wayne County",93,19,4.81,0.92
2019,12,OH,PSA Airlines Inc.,ECP,"Panama City, FL: Northwest Florida Beaches International",61,12,4.07,0
2019,12,OH,PSA Airlines Inc.,EWN,"New Bern/Morehead/Beaufort, NC: Coastal Carolina Regional",145,33,9.68,0
2019,12,OH,PSA Airlines Inc.,FAY,"Fayetteville, NC: Fayetteville Regional/Grannis Field",156,38,12.26,0.31
2019,12,OH,PSA Airlines Inc.,FNT,"Flint, MI: Bishop International",27,7,0.74,0
2019,12,OH,PSA Airlines Inc.,FWA,"Fort Wayne, IN: Fort Wayne International",60,14,5.67,0
2019,12,OH,PSA Airlines Inc.,GNV,"Gainesville, FL: Gainesville Regional",129,25,6.72,0
2019,12,OH,PSA Airlines Inc.,GPT,"Gulfport/Biloxi, MS: Gulfport-Biloxi International",86,20,8.47,0.83
2019,12,OH,PSA Airlines Inc.,GRR,"Grand Rapids, MI: Gerald R. Ford International",201,51,18.87,1.71
2019,12,OH,PSA Airlines Inc.,GSO,"Greensboro/High Point, NC: Piedmont Triad International",220,59,15.89,1.48
2019,12,OH,PSA Airlines Inc.,GSP,"Greer, SC: Greenville-Spartanburg International",383,110,30.62,1.79
2019,12,OH,PSA Airlines Inc.,HPN,"White Plains, NY: Westchester County",235,64,21.28,2.49
2019,12,OH,PSA Airlines Inc.,HSV,"Huntsville, AL: Huntsville International-Carl T Jones Field",201,41,15.36,0.08
2019,12,OH,PSA Airlines Inc.,IAD,"Washington, DC: Washington Dulles International",177,30,10.94,1
2019,12,OH,PSA Airlines Inc.,IAH,"Houston, TX: George Bush Intercontinental/Houston",9,0,0,0
2019,12,OH,PSA Airlines Inc.,ILM,"Wilmington, NC: Wilmington International",170,33,8.95,0
2019,12,OH,PSA Airlines Inc.,IND,"Indianapolis, IN: Indianapolis International",138,24,10.33,0
2019,12,OH,PSA Airlines Inc.,JAN,"Jackson/Vicksburg, MS: Jackson Medgar Wiley Evers International",170,48,13.03,2.31
2019,12,OH,PSA Airlines Inc.,JAX,"Jacksonville, FL: Jacksonville International",134,31,7.3,0.02
2019,12,OH,PSA Airlines Inc.,LAN,"Lansing, MI: Capital Region International",27,6,0.92,0
2019,12,OH,PSA Airlines Inc.,LEX,"Lexington, KY: Blue Grass",77,12,3.43,0
2019,12,OH,PSA Airlines Inc.,LGA,"New York, NY: LaGuardia",174,62,15.36,1
2019,12,OH,PSA Airlines Inc.,LIT,"Little Rock, AR: Bill and Hillary Clinton Nat Adams Field",129,23,7.43,0
2019,12,OH,PSA Airlines Inc.,LYH,"Lynchburg, VA: Lynchburg Regional/Preston Glenn Field",91,13,5.92,0.88
2019,12,OH,PSA Airlines Inc.,MCI,"Kansas City, MO: Kansas City International",10,6,1.48,0
2019,12,OH,PSA Airlines Inc.,MDT,"Harrisburg, PA: Harrisburg International",31,7,2.26,0
2019,12,OH,PSA Airlines Inc.,MEM,"Memphis, TN: Memphis International",78,15,1.35,0.06
2019,12,OH,PSA Airlines Inc.,MGM,"Montgomery, AL: Montgomery Regional",23,7,0.88,1
2019,12,OH,PSA Airlines Inc.,MHT,"Manchester, NH: Manchester-Boston Regional",150,43,10.86,0.06
2019,12,OH,PSA Airlines Inc.,MKE,"Milwaukee, WI: General Mitchell International",145,32,10.21,0.02
2019,12,OH,PSA Airlines Inc.,MLB,"Melbourne, FL: Melbourne International",113,28,5.16,0.37
2019,12,OH,PSA Airlines Inc.,MOB,"Mobile, AL: Mobile Regional",28,9,5.17,0
2019,12,OH,PSA Airlines Inc.,MSN,"Madison, WI: Dane County Regional-Truax Field",127,37,9.25,0.22
2019,12,OH,PSA Airlines Inc.,MSY,"New Orleans, LA: Louis Armstrong New Orleans International",11,1,0,0
2019,12,OH,PSA Airlines Inc.,MYR,"Myrtle Beach, SC: Myrtle Beach International",195,55,12.56,0.24
2019,12,OH,PSA Airlines Inc.,OAJ,"Jacksonville/Camp Lejeune, NC: Albert J Ellis",146,33,7.71,0
2019,12,OH,PSA Airlines Inc.,OKC,"Oklahoma City, OK: Will Rogers World",84,16,4.86,0
2019,12,OH,PSA Airlines Inc.,OMA,"Omaha, NE: Eppley Airfield",107,16,5.92,0.74
2019,12,OH,PSA Airlines Inc.,ORF,"Norfolk, VA: Norfolk International",400,130,35.72,4.08
2019,12,OH,PSA Airlines Inc.,PHF,"Newport News/Williamsburg, VA: Newport News/Williamsburg International",120,34,10.09,0.05
2019,12,OH,PSA Airlines Inc.,PHL,"Philadelphia, PA: Philadelphia International",1386,411,74.25,13.83
2019,12,OH,PSA Airlines Inc.,PIA,"Peoria, IL: General Downing - Peoria International",62,12,8.62,0
2019,12,OH,PSA Airlines Inc.,PIT,"Pittsburgh, PA: Pittsburgh International",201,49,12.99,0.25
2019,12,OH,PSA Airlines Inc.,PNS,"Pensacola, FL: Pensacola International",236,67,19.73,2.14
2019,12,OH,PSA Airlines Inc.,PVD,"Providence, RI: Theodore Francis Green State",187,61,10.78,2.8
2019,12,OH,PSA Airlines Inc.,PWM,"Portland, ME: Portland International Jetport",23,9,4.46,0
2019,12,OH,PSA Airlines Inc.,RDU,"Raleigh/Durham, NC: Raleigh-Durham International",127,39,10.7,0
2019,12,OH,PSA Airlines Inc.,RIC,"Richmond, VA: Richmond International",107,28,9.71,0
2019,12,OH,PSA Airlines Inc.,ROC,"Rochester, NY: Greater Rochester International",154,49,13.25,0.26
2019,12,OH,PSA Airlines Inc.,SAT,"San Antonio, TX: San Antonio International",12,2,0.03,0.29
2019,12,OH,PSA Airlines Inc.,SAV,"Savannah, GA: Savannah/Hilton Head International",351,102,23.49,1.43
2019,12,OH,PSA Airlines Inc.,SBN,"South Bend, IN: South Bend International",61,14,4.39,0.03
2019,12,OH,PSA Airlines Inc.,SDF,"Louisville, KY: Louisville Muhammad Ali International",200,43,12.41,1.1
2019,12,OH,PSA Airlines Inc.,SHV,"Shreveport, LA: Shreveport Regional",73,13,1.75,0
2019,12,OH,PSA Airlines Inc.,SRQ,"Sarasota/Bradenton, FL: Sarasota/Bradenton International",87,29,8.7,0.5
2019,12,OH,PSA Airlines Inc.,STL,"St. Louis, MO: St Louis Lambert International",196,41,9.53,0.06
2019,12,OH,PSA Airlines Inc.,SYR,"Syracuse, NY: Syracuse Hancock International",104,35,10.32,0.11
2019,12,OH,PSA Airlines Inc.,TLH,"Tallahassee, FL: Tallahassee International",177,38,13.71,0
2019,12,OH,PSA Airlines Inc.,TOL,"Toledo, OH: Toledo Express",36,14,2.16,0
2019,12,OH,PSA Airlines Inc.,TUL,"Tulsa, OK: Tulsa International",31,5,2.05,0
2019,12,OH,PSA Airlines Inc.,TYS,"Knoxville, TN: McGhee Tyson",328,92,21.1,3.8
2019,12,OH,PSA Airlines Inc.,VPS,"Valparaiso, FL: Eglin AFB Destin Fort Walton Beach",158,35,14.25,1
2019,12,OH,PSA Airlines Inc.,XNA,"Fayetteville, AR: Northwest Arkansas Regional",55,6,2.25,0
2019,12,OO,SkyWest Airlines Inc.,ABE,"Allentown/Bethlehem/Easton, PA: Lehigh Valley International",60,9,5.99,1
2019,12,OO,SkyWest Airlines Inc.,ABQ,"Albuquerque, NM: Albuquerque International Sunport",343,50,11.81,4.03
2019,12,OO,SkyWest Airlines Inc.,ABR,"Aberdeen, SD: Aberdeen Regional",64,15,2.94,3.41
2019,12,OO,SkyWest Airlines Inc.,ABY,"Albany, GA: Southwest Georgia Regional",81,11,5.91,1
2019,12,OO,SkyWest Airlines Inc.,ACT,"Waco, TX: Waco Regional",12,2,0,0
2019,12,OO,SkyWest Airlines Inc.,ACV,"Arcata/Eureka, CA: California Redwood Coast Humboldt County",215,50,13.98,1.47
2019,12,OO,SkyWest Airlines Inc.,ALB,"Albany, NY: Albany International",168,34,12.03,0.96
2019,12,OO,SkyWest Airlines Inc.,AMA,"Amarillo, TX: Rick Husband Amarillo International",3,1,0,0
2019,12,OO,SkyWest Airlines Inc.,APN,"Alpena, MI: Alpena County Regional",53,11,5.69,1.59
2019,12,OO,SkyWest Airlines Inc.,ASE,"Aspen, CO: Aspen Pitkin County Sardy Field",708,203,49.34,8.45
2019,12,OO,SkyWest Airlines Inc.,ATL,"Atlanta, GA: Hartsfield-Jackson Atlanta International",2051,313,75.4,21.37
2019,12,OO,SkyWest Airlines Inc.,ATW,"Appleton, WI: Appleton International",183,39,9.44,4.01
2019,12,OO,SkyWest Airlines Inc.,ATY,"Watertown, SD: Watertown Regional",62,11,3.11,1
2019,12,OO,SkyWest Airlines Inc.,AUS,"Austin, TX: Austin - Bergstrom International",128,21,8.64,1
2019,12,OO,SkyWest Airlines Inc.,AVL,"Asheville, NC: Asheville Regional",107,22,8.43,0.92
2019,12,OO,SkyWest Airlines Inc.,AVP,"Scranton/Wilkes-Barre, PA: Wilkes Barre Scranton International",80,19,7.94,2.78
2019,12,OO,SkyWest Airlines Inc.,AZO,"Kalamazoo, MI: Kalamazoo/Battle Creek International",157,32,14.26,3.43
2019,12,OO,SkyWest Airlines Inc.,BDL,"Hartford, CT: Bradley International",63,10,3.44,1
2019,12,OO,SkyWest Airlines Inc.,BFF,"Scottsbluff, NE: Western Neb. Regional/William B. Heilig Field",53,8,3.7,0
2019,12,OO,SkyWest Airlines Inc.,BFL,"Bakersfield, CA: Meadows Field",126,23,8.06,0
2019,12,OO,SkyWest Airlines Inc.,BGM,"Binghamton, NY: Greater Binghamton/Edwin A. Link Field",86,10,1,1.78
2019,12,OO,SkyWest Airlines Inc.,BGR,"Bangor, ME: Bangor International",2,1,0.8,0
2019,12,OO,SkyWest Airlines Inc.,BHM,"Birmingham, AL: Birmingham-Shuttlesworth International",156,39,20.02,1
2019,12,OO,SkyWest Airlines Inc.,BIL,"Billings, MT: Billings Logan International",154,29,15.85,2.3
2019,12,OO,SkyWest Airlines Inc.,BIS,"Bismarck/Mandan, ND: Bismarck Municipal",234,45,10.75,4.52
2019,12,OO,SkyWest Airlines Inc.,BJI,"Bemidji, MN: Bemidji Regional",62,10,1,3
2019,12,OO,SkyWest Airlines Inc.,BNA,"Nashville, TN: Nashville International",472,100,24,3.01
2019,12,OO,SkyWest Airlines Inc.,BOI,"Boise, ID: Boise Air Terminal",951,171,59.25,5.73
2019,12,OO,SkyWest Airlines Inc.,BOS,"Boston, MA: Logan International",61,20,2.86,0.11
2019,12,OO,SkyWest Airlines Inc.,BQK,"Brunswick, GA: Brunswick Golden Isles",89,10,6.6,0.41
2019,12,OO,SkyWest Airlines Inc.,BRD,"Brainerd, MN: Brainerd Lakes Regional",54,9,1,3
2019,12,OO,SkyWest Airlines Inc.,BRO,"Brownsville, TX: Brownsville South Padre Island International",3,0,0,0
2019,12,OO,SkyWest Airlines Inc.,BTM,"Butte, MT: Bert Mooney",58,5,3.8,0
2019,12,OO,SkyWest Airlines Inc.,BTR,"Baton Rouge, LA: Baton Rouge Metropolitan/Ryan Field",44,7,2.23,0
2019,12,OO,SkyWest Airlines Inc.,BTV,"Burlington, VT: Burlington International",16,4,2,0
2019,12,OO,SkyWest Airlines Inc.,BUF,"Buffalo, NY: Buffalo Niagara International",96,26,8.82,4.21
2019,12,OO,SkyWest Airlines Inc.,BUR,"Burbank, CA: Bob Hope",374,80,20.89,3.03
2019,12,OO,SkyWest Airlines Inc.,BWI,"Baltimore, MD: Baltimore/Washington International Thurgood Marshall",46,7,1.2,1.24
2019,12,OO,SkyWest Airlines Inc.,BZN,"Bozeman, MT: Bozeman Yellowstone International",214,32,8.74,1
2019,12,OO,SkyWest Airlines Inc.,CAE,"Columbia, SC: Columbia Metropolitan",2,0,0,0
2019,12,OO,SkyWest Airlines Inc.,CAK,"Akron, OH: Akron-Canton Regional",68,16,3.66,0
2019,12,OO,SkyWest Airlines Inc.,CDC,"Cedar City, UT: Cedar City Regional",53,3,2,0.56
2019,12,OO,SkyWest Airlines Inc.,CGI,"Cape Girardeau, MO: Cape Girardeau Regional",55,9,4.08,0
2019,12,OO,SkyWest Airlines Inc.,CHA,"Chattanooga, TN: Lovell Field",203,36,14.44,2.46
2019,12,OO,SkyWest Airlines Inc.,CHO,"Charlottesville, VA: Charlottesville Albemarle",97,21,6.72,1.62
2019,12,OO,SkyWest Airlines Inc.,CHS,"Charleston, SC: Charleston AFB/International",136,27,10.35,2
2019,12,OO,SkyWest Airlines Inc.,CID,"Cedar Rapids/Iowa City, IA: The Eastern Iowa",175,29,11.31,3.92
2019,12,OO,SkyWest Airlines Inc.,CIU,"Sault Ste. Marie, MI: Chippewa County International",56,11,3.39,2.91
2019,12,OO,SkyWest Airlines Inc.,CKB,"Clarksburg/Fairmont, WV: North Central West Virginia",61,14,6.18,1.67
2019,12,OO,SkyWest Airlines Inc.,CLE,"Cleveland, OH: Cleveland-Hopkins International",122,27,6.28,0.15
2019,12,OO,SkyWest Airlines Inc.,CLL,"College Station/Bryan, TX: Easterwood Field",26,2,1,0
2019,12,OO,SkyWest Airlines Inc.,CLT,"Charlotte, NC: Charlotte Douglas International",89,21,10.25,2.13
2019,12,OO,SkyWest Airlines Inc.,CMH,"Columbus, OH: John Glenn Columbus International",175,33,14.35,1.34
2019,12,OO,SkyWest Airlines Inc.,CMX,"Hancock/Houghton, MI: Houghton County Memorial",61,11,3.48,0
2019,12,OO,SkyWest Airlines Inc.,CNY,"Moab, UT: Canyonlands Field",31,11,4,0
2019,12,OO,SkyWest Airlines Inc.,COD,"Cody, WY: Yellowstone Regional",2,1,1,0
2019,12,OO,SkyWest Airlines Inc.,COS,"Colorado Springs, CO: City of Colorado Springs Municipal",525,135,57.57,4.5
2019,12,OO,SkyWest Airlines Inc.,COU,"Columbia, MO: Columbia Regional",139,28,7.33,0.97
2019,12,OO,SkyWest Airlines Inc.,CPR,"Casper, WY: Casper/Natrona County International",94,10,3.21,1.89
2019,12,OO,SkyWest Airlines Inc.,CRP,"Corpus Christi, TX: Corpus Christi International",54,9,3.28,0
2019,12,OO,SkyWest Airlines Inc.,CRW,"Charleston/Dunbar, WV: Yeager",147,35,10.9,4.78
2019,12,OO,SkyWest Airlines Inc.,CVG,"Cincinnati, OH: Cincinnati/Northern Kentucky International",11,1,0.36,0
2019,12,OO,SkyWest Airlines Inc.,CWA,"Mosinee, WI: Central Wisconsin",2,0,0,0
2019,12,OO,SkyWest Airlines Inc.,CYS,"Cheyenne, WY: Cheyenne Regional/Jerry Olson Field",31,7,3.07,1
2019,12,OO,SkyWest Airlines Inc.,DAL,"Dallas, TX: Dallas Love Field",277,40,9.12,0
2019,12,OO,SkyWest Airlines Inc.,DAY,"Dayton, OH: James M Cox/Dayton International",196,34,10.61,1.33
2019,12,OO,SkyWest Airlines Inc.,DCA,"Washington, DC: Ronald Reagan Washington National",16,5,2,0
2019,12,OO,SkyWest Airlines Inc.,DEN,"Denver, CO: Denver International",4557,802,198.41,27.16
2019,12,OO,SkyWest Airlines Inc.,DFW,"Dallas/Fort Worth, TX: Dallas/Fort Worth International",1449,302,69.25,21
2019,12,OO,SkyWest Airlines Inc.,DHN,"Dothan, AL: Dothan Regional",117,16,4,1.29
2019,12,OO,SkyWest Airlines Inc.,DLH,"Duluth, MN: Duluth International",213,46,17.69,8.21
2019,12,OO,SkyWest Airlines Inc.,DRO,"Durango, CO: Durango La Plata County",18,3,2,0
2019,12,OO,SkyWest Airlines Inc.,DSM,"Des Moines, IA: Des Moines International",270,49,10.73,1.36
2019,12,OO,SkyWest Airlines Inc.,DTW,"Detroit, MI: Detroit Metro Wayne County",3814,614,124.14,45.01
2019,12,OO,SkyWest Airlines Inc.,DVL,"Devils Lake, ND: Devils Lake Regional",53,7,1.15,0.98
2019,12,OO,SkyWest Airlines Inc.,EAR,"Kearney, NE: Kearney Regional",87,19,6.83,1
2019,12,OO,SkyWest Airlines Inc.,EAU,"Eau Claire, WI: Chippewa Valley Regional",61,15,4.75,0.07
2019,12,OO,SkyWest Airlines Inc.,EGE,"Eagle, CO: Eagle County Regional",119,32,7.92,5.91
2019,12,OO,SkyWest Airlines Inc.,EKO,"Elko, NV: Elko Regional",58,5,0.93,0.99
2019,12,OO,SkyWest Airlines Inc.,ELM,"Elmira/Corning, NY: Elmira/Corning Regional",136,21,7.42,1.56
2019,12,OO,SkyWest Airlines Inc.,ELP,"El Paso, TX: El Paso International",63,10,6.75,0
2019,12,OO,SkyWest Airlines Inc.,ERI,"Erie, PA: Erie International/Tom Ridge Field",79,20,9.23,2.93
2019,12,OO,SkyWest Airlines Inc.,ESC,"Escanaba, MI: Delta County",53,11,3.58,2.93
2019,12,OO,SkyWest Airlines Inc.,EUG,"Eugene, OR: Mahlon Sweet Field",466,79,30.48,4.51
2019,12,OO,SkyWest Airlines Inc.,EVV,"Evansville, IN: Evansville Regional",62,14,4.74,0.26
2019,12,OO,SkyWest Airlines Inc.,EWR,"Newark, NJ: Newark Liberty International",31,11,4.77,0
2019,12,OO,SkyWest Airlines Inc.,FAR,"Fargo, ND: Hector International",180,39,16.52,3.95
2019,12,OO,SkyWest Airlines Inc.,FAT,"Fresno, CA: Fresno Yosemite International",763,135,44.37,4.48
2019,12,OO,SkyWest Airlines Inc.,FAY,"Fayetteville, NC: Fayetteville Regional/Grannis Field",103,20,7.93,1.22
2019,12,OO,SkyWest Airlines Inc.,FCA,"Kalispell, MT: Glacier Park International",131,17,6.79,0.26
2019,12,OO,SkyWest Airlines Inc.,FLG,"Flagstaff, AZ: Flagstaff Pulliam",156,20,6.55,1
2019,12,OO,SkyWest Airlines Inc.,FNT,"Flint, MI: Bishop International",34,10,3.99,0
2019,12,OO,SkyWest Airlines Inc.,FSD,"Sioux Falls, SD: Joe Foss Field",243,53,18.08,2.74
2019,12,OO,SkyWest Airlines Inc.,FSM,"Fort Smith, AR: Fort Smith Regional",71,9,1.03,1
2019,12,OO,SkyWest Airlines Inc.,FWA,"Fort Wayne, IN: Fort Wayne International",394,81,28.44,6.25
2019,12,OO,SkyWest Airlines Inc.,GCC,"Gillette, WY: Gillette Campbell County",81,13,7.75,0
2019,12,OO,SkyWest Airlines Inc.,GEG,"Spokane, WA: Spokane International",264,40,10.56,2.7
2019,12,OO,SkyWest Airlines Inc.,GFK,"Grand Forks, ND: Grand Forks International",174,35,7.02,4.17
2019,12,OO,SkyWest Airlines Inc.,GJT,"Grand Junction, CO: Grand Junction Regional",263,52,18.96,3.86
2019,12,OO,SkyWest Airlines Inc.,GNV,"Gainesville, FL: Gainesville Regional",33,9,3.38,0
2019,12,OO,SkyWest Airlines Inc.,GRB,"Green Bay, WI: Green Bay Austin Straubel International",146,35,10.78,2.98
2019,12,OO,SkyWest Airlines Inc.,GRK,"Killeen, TX: Robert Gray AAF",2,0,0,0
2019,12,OO,SkyWest Airlines Inc.,GRR,"Grand Rapids, MI: Gerald R. Ford International",259,57,23.29,5.29
2019,12,OO,SkyWest Airlines Inc.,GSO,"Greensboro/High Point, NC: Piedmont Triad International",2,1,0.45,0
2019,12,OO,SkyWest Airlines Inc.,GSP,"Greer, SC: Greenville-Spartanburg International",54,12,3.24,0.38
2019,12,OO,SkyWest Airlines Inc.,GTF,"Great Falls, MT: Great Falls International",146,15,8.12,0.02
2019,12,OO,SkyWest Airlines Inc.,GTR,"Columbus, MS: Golden Triangle Regional",107,15,5.16,1
2019,12,OO,SkyWest Airlines Inc.,HDN,"Hayden, CO: Yampa Valley",53,10,6.27,0
2019,12,OO,SkyWest Airlines Inc.,HIB,"Hibbing, MN: Range Regional",54,5,1.34,0
2019,12,OO,SkyWest Airlines Inc.,HLN,"Helena, MT: Helena Regional",115,11,4.38,1.89
2019,12,OO,SkyWest Airlines Inc.,HOB,"Hobbs, NM: Lea County Regional",86,23,7.37,1
2019,12,OO,SkyWest Airlines Inc.,HOU,"Houston, TX: William P Hobby",5,0,0,0
2019,12,OO,SkyWest Airlines Inc.,HPN,"White Plains, NY: Westchester County",170,34,11.44,1.87
2019,12,OO,SkyWest Airlines Inc.,HSV,"Huntsville, AL: Huntsville International-Carl T Jones Field",84,17,11.54,0
2019,12,OO,SkyWest Airlines Inc.,HYS,"Hays, KS: Hays Regional",108,12,2.19,0
2019,12,OO,SkyWest Airlines Inc.,IAD,"Washington, DC: Washington Dulles International",392,69,20.05,3.83
2019,12,OO,SkyWest Airlines Inc.,IAH,"Houston, TX: George Bush Intercontinental/Houston",1324,262,64.53,8.92
2019,12,OO,SkyWest Airlines Inc.,ICT,"Wichita, KS: Wichita Dwight D Eisenhower National",177,40,16.11,0.01
2019,12,OO,SkyWest Airlines Inc.,IDA,"Idaho Falls, ID: Idaho Falls Regional",129,22,10.43,2.42
2019,12,OO,SkyWest Airlines Inc.,ILM,"Wilmington, NC: Wilmington International",97,15,6.9,0.85
2019,12,OO,SkyWest Airlines Inc.,IMT,"Iron Mountain/Kingsfd, MI: Ford",58,8,3.99,0.63
2019,12,OO,SkyWest Airlines Inc.,IND,"Indianapolis, IN: Indianapolis International",203,50,15.48,1.24
2019,12,OO,SkyWest Airlines Inc.,INL,"International Falls, MN: Falls International Einarson Field",52,6,0.16,0
2019,12,OO,SkyWest Airlines Inc.,ITH,"Ithaca/Cortland, NY: Ithaca Tompkins Regional",84,19,6.6,3.11
2019,12,OO,SkyWest Airlines Inc.,JAC,"Jackson, WY: Jackson Hole",128,25,9.17,0.03
2019,12,OO,SkyWest Airlines Inc.,JAN,"Jackson/Vicksburg, MS: Jackson Medgar Wiley Evers International",60,19,8.18,0.82
2019,12,OO,SkyWest Airlines Inc.,JAX,"Jacksonville, FL: Jacksonville International",10,2,1,0
2019,12,OO,SkyWest Airlines Inc.,JFK,"New York, NY: John F. Kennedy International",58,21,7.41,1.55
2019,12,OO,SkyWest Airlines Inc.,JMS,"Jamestown, ND: Jamestown Regional",84,15,4.01,2.99
2019,12,OO,SkyWest Airlines Inc.,LAN,"Lansing, MI: Capital Region International",55,11,3.77,1
2019,12,OO,SkyWest Airlines Inc.,LAR,"Laramie, WY: Laramie Regional",53,4,2.01,0
2019,12,OO,SkyWest Airlines Inc.,LAS,"Las Vegas, NV: McCarran International",254,50,11.07,4.01
2019,12,OO,SkyWest Airlines Inc.,LAW,"Lawton/Fort Sill, OK: Lawton-Fort Sill Regional",59,7,1,2.74
2019,12,OO,SkyWest Airlines Inc.,LAX,"Los Angeles, CA: Los Angeles International",3053,606,129.63,15.12
2019,12,OO,SkyWest Airlines Inc.,LBB,"Lubbock, TX: Lubbock Preston Smith International",68,5,1.7,0
2019,12,OO,SkyWest Airlines Inc.,LBF,"North Platte, NE: North Platte Regional Airport Lee Bird Field",53,9,6.16,0
2019,12,OO,SkyWest Airlines Inc.,LBL,"Liberal, KS: Liberal Mid-America Regional",54,4,2,0
2019,12,OO,SkyWest Airlines Inc.,LEX,"Lexington, KY: Blue Grass",102,18,4.38,3.08
2019,12,OO,SkyWest Airlines Inc.,LFT,"Lafayette, LA: Lafayette Regional Paul Fournet Field",12,5,1.01,0
2019,12,OO,SkyWest Airlines Inc.,LGA,"New York, NY: LaGuardia",316,93,9.97,9.41
2019,12,OO,SkyWest Airlines Inc.,LGB,"Long Beach, CA: Long Beach Airport",208,25,8.52,2.62
2019,12,OO,SkyWest Airlines Inc.,LIT,"Little Rock, AR: Bill and Hillary Clinton Nat Adams Field",117,26,8.37,0.76
2019,12,OO,SkyWest Airlines Inc.,LNK,"Lincoln, NE: Lincoln Airport",142,31,9.12,0.77
2019,12,OO,SkyWest Airlines Inc.,LRD,"Laredo, TX: Laredo International",52,5,1.69,0
2019,12,OO,SkyWest Airlines Inc.,LSE,"La Crosse, WI: La Crosse Regional",127,22,7.11,1.68
2019,12,OO,SkyWest Airlines Inc.,LWB,"Lewisburg, WV: Greenbrier Valley",53,13,7.48,2
2019,12,OO,SkyWest Airlines Inc.,LWS,"Lewiston, ID: Lewiston Nez Perce County",91,10,5.67,1
2019,12,OO,SkyWest Airlines Inc.,MAF,"Midland/Odessa, TX: Midland International Air and Space Port",68,12,5.26,0
2019,12,OO,SkyWest Airlines Inc.,MBS,"Saginaw/Bay City/Midland, MI: MBS International",159,40,22.2,3.11
2019,12,OO,SkyWest Airlines Inc.,MCI,"Kansas City, MO: Kansas City International",264,53,20.26,3.09
2019,12,OO,SkyWest Airlines Inc.,MDT,"Harrisburg, PA: Harrisburg International",75,25,7.56,1.97
2019,12,OO,SkyWest Airlines Inc.,MDW,"Chicago, IL: Chicago Midway International",277,56,18.83,4.13
2019,12,OO,SkyWest Airlines Inc.,MEI,"Meridian, MS: Key Field",62,18,8.54,1
2019,12,OO,SkyWest Airlines Inc.,MEM,"Memphis, TN: Memphis International",139,31,10.64,0.57
2019,12,OO,SkyWest Airlines Inc.,MFE,"Mission/McAllen/Edinburg, TX: McAllen Miller International",15,5,0.09,0
2019,12,OO,SkyWest Airlines Inc.,MFR,"Medford, OR: Rogue Valley International - Medford",388,69,24.38,4.63
2019,12,OO,SkyWest Airlines Inc.,MGM,"Montgomery, AL: Montgomery Regional",220,31,9.01,3.43
2019,12,OO,SkyWest Airlines Inc.,MHK,"Manhattan/Ft. Riley, KS: Manhattan Regional",53,5,0.97,1
2019,12,OO,SkyWest Airlines Inc.,MHT,"Manchester, NH: Manchester-Boston Regional",47,11,3.95,0
2019,12,OO,SkyWest Airlines Inc.,MKE,"Milwaukee, WI: General Mitchell International",426,90,28.53,3.1
2019,12,OO,SkyWest Airlines Inc.,MKG,"Muskegon, MI: Muskegon County",61,19,4.37,0
2019,12,OO,SkyWest Airlines Inc.,MLB,"Melbourne, FL: Melbourne International",NA,NA,NA,NA
2019,12,OO,SkyWest Airlines Inc.,MLI,"Moline, IL: Quad City International",123,25,6.96,0.73
2019,12,OO,SkyWest Airlines Inc.,MLU,"Monroe, LA: Monroe Regional",125,17,4.98,1.35
2019,12,OO,SkyWest Airlines Inc.,MMH,"Mammoth Lakes, CA: Mammoth Lakes Airport",57,11,6.71,0
2019,12,OO,SkyWest Airlines Inc.,MOB,"Mobile, AL: Mobile Regional",100,17,7.53,3.84
2019,12,OO,SkyWest Airlines Inc.,MOT,"Minot, ND: Minot International",167,24,7.32,2.54
2019,12,OO,SkyWest Airlines Inc.,MQT,"Marquette, MI: Sawyer International",86,19,7.12,5.01
2019,12,OO,SkyWest Airlines Inc.,MRY,"Monterey, CA: Monterey Regional",226,60,18.47,1
2019,12,OO,SkyWest Airlines Inc.,MSN,"Madison, WI: Dane County Regional-Truax Field",349,69,29.87,3.67
2019,12,OO,SkyWest Airlines Inc.,MSO,"Missoula, MT: Missoula International",108,20,6.72,3.01
2019,12,OO,SkyWest Airlines Inc.,MSP,"Minneapolis, MN: Minneapolis-St Paul International",3520,623,123.78,66.3
2019,12,OO,SkyWest Airlines Inc.,MSY,"New Orleans, LA: Louis Armstrong New Orleans International",2,2,0.19,0
2019,12,OO,SkyWest Airlines Inc.,MTJ,"Montrose/Delta, CO: Montrose Regional",55,16,7.59,1
2019,12,OO,SkyWest Airlines Inc.,OAK,"Oakland, CA: Metropolitan Oakland International",95,11,0.57,0.48
2019,12,OO,SkyWest Airlines Inc.,OGS,"Ogdensburg, NY: Ogdensburg International",53,10,6.72,0
2019,12,OO,SkyWest Airlines Inc.,OKC,"Oklahoma City, OK: Will Rogers World",433,98,29.36,5.09
2019,12,OO,SkyWest Airlines Inc.,OMA,"Omaha, NE: Eppley Airfield",500,86,26.83,4.81
2019,12,OO,SkyWest Airlines Inc.,ONT,"Ontario, CA: Ontario International",222,56,13.08,4
2019,12,OO,SkyWest Airlines Inc.,ORD,"Chicago, IL: Chicago O'Hare International",5416,1214,233.58,36.45
2019,12,OO,SkyWest Airlines Inc.,ORF,"Norfolk, VA: Norfolk International",126,16,5.42,0.18
2019,12,OO,SkyWest Airlines Inc.,ORH,"Worcester, MA: Worcester Regional",28,8,4,0
2019,12,OO,SkyWest Airlines Inc.,OTH,"North Bend/Coos Bay, OR: Southwest Oregon Regional",26,9,1.84,0
2019,12,OO,SkyWest Airlines Inc.,PAE,"Everett, WA: Snohomish County",180,45,11.36,1
2019,12,OO,SkyWest Airlines Inc.,PAH,"Paducah, KY: Barkley Regional",66,20,8.46,0
2019,12,OO,SkyWest Airlines Inc.,PBG,"Plattsburgh, NY: Plattsburgh International",53,8,1.97,0
2019,12,OO,SkyWest Airlines Inc.,PDX,"Portland, OR: Portland International",939,118,29.32,3.27
2019,12,OO,SkyWest Airlines Inc.,PHL,"Philadelphia, PA: Philadelphia International",21,3,0.91,0
2019,12,OO,SkyWest Airlines Inc.,PHX,"Phoenix, AZ: Phoenix Sky Harbor International",1167,172,33.86,4.63
2019,12,OO,SkyWest Airlines Inc.,PIA,"Peoria, IL: General Downing - Peoria International",107,16,7.97,0
2019,12,OO,SkyWest Airlines Inc.,PIB,"Hattiesburg/Laurel, MS: Hattiesburg-Laurel Regional",56,16,3.89,1
2019,12,OO,SkyWest Airlines Inc.,PIH,"Pocatello, ID: Pocatello Regional",91,15,4.42,4.77
2019,12,OO,SkyWest Airlines Inc.,PIR,"Pierre, SD: Pierre Regional",59,12,7.59,0
2019,12,OO,SkyWest Airlines Inc.,PIT,"Pittsburgh, PA: Pittsburgh International",149,28,9.49,0.21
2019,12,OO,SkyWest Airlines Inc.,PLN,"Pellston, MI: Pellston Regional Airport of Emmet County",76,9,0,4.7
2019,12,OO,SkyWest Airlines Inc.,PNS,"Pensacola, FL: Pensacola International",44,8,3,0.28
2019,12,OO,SkyWest Airlines Inc.,PRC,"Prescott, AZ: Prescott Regional Ernest A Love Field",67,19,7.66,0
2019,12,OO,SkyWest Airlines Inc.,PSC,"Pasco/Kennewick/Richland, WA: Tri Cities",350,56,22.5,2
2019,12,OO,SkyWest Airlines Inc.,PSP,"Palm Springs, CA: Palm Springs International",481,105,31.51,1.87
2019,12,OO,SkyWest Airlines Inc.,PUB,"Pueblo, CO: Pueblo Memorial",80,11,3.9,0
2019,12,OO,SkyWest Airlines Inc.,PVD,"Providence, RI: Theodore Francis Green State",76,15,8.96,0.86
2019,12,OO,SkyWest Airlines Inc.,PWM,"Portland, ME: Portland International Jetport",43,8,4.27,0
2019,12,OO,SkyWest Airlines Inc.,RAP,"Rapid City, SD: Rapid City Regional",198,36,9.54,3.26
2019,12,OO,SkyWest Airlines Inc.,RDD,"Redding, CA: Redding Municipal",124,40,11.94,0
2019,12,OO,SkyWest Airlines Inc.,RDM,"Bend/Redmond, OR: Roberts Field",397,63,23.4,1.08
2019,12,OO,SkyWest Airlines Inc.,RDU,"Raleigh/Durham, NC: Raleigh-Durham International",37,7,2.92,0
2019,12,OO,SkyWest Airlines Inc.,RHI,"Rhinelander, WI: Rhinelander/Oneida County",62,14,5.3,0.88
2019,12,OO,SkyWest Airlines Inc.,RIC,"Richmond, VA: Richmond International",163,26,8.23,1.49
2019,12,OO,SkyWest Airlines Inc.,RKS,"Rock Springs, WY: Southwest Wyoming Regional",65,7,2.27,1
2019,12,OO,SkyWest Airlines Inc.,RNO,"Reno, NV: Reno/Tahoe International",410,72,20.93,3.61
2019,12,OO,SkyWest Airlines Inc.,ROA,"Roanoke, VA: Roanoke Blacksburg Regional Woodrum Field",99,23,5.89,4.59
2019,12,OO,SkyWest Airlines Inc.,ROC,"Rochester, NY: Greater Rochester International",159,33,14.18,2.96
2019,12,OO,SkyWest Airlines Inc.,ROW,"Roswell, NM: Roswell International Air Center",107,13,4.75,0
2019,12,OO,SkyWest Airlines Inc.,RST,"Rochester, MN: Rochester International",107,23,8.57,2.96
2019,12,OO,SkyWest Airlines Inc.,RSW,"Fort Myers, FL: Southwest Florida International",1,0,0,0
2019,12,OO,SkyWest Airlines Inc.,SAF,"Santa Fe, NM: Santa Fe Municipal",128,18,4.13,0
2019,12,OO,SkyWest Airlines Inc.,SAN,"San Diego, CA: San Diego International",721,98,27.48,0
2019,12,OO,SkyWest Airlines Inc.,SAT,"San Antonio, TX: San Antonio International",353,60,26.64,1.03
2019,12,OO,SkyWest Airlines Inc.,SAV,"Savannah, GA: Savannah/Hilton Head International",49,13,3.86,0.91
2019,12,OO,SkyWest Airlines Inc.,SBA,"Santa Barbara, CA: Santa Barbara Municipal",493,115,41.14,1
2019,12,OO,SkyWest Airlines Inc.,SBN,"South Bend, IN: South Bend International",402,91,33.64,3.88
2019,12,OO,SkyWest Airlines Inc.,SBP,"San Luis Obispo, CA: San Luis County Regional",503,120,37.17,6.33
2019,12,OO,SkyWest Airlines Inc.,SCE,"State College, PA: University Park",109,29,13.15,1.95
2019,12,OO,SkyWest Airlines Inc.,SCK,"Stockton, CA: Stockton Metropolitan",61,17,6.19,0
2019,12,OO,SkyWest Airlines Inc.,SDF,"Louisville, KY: Louisville Muhammad Ali International",198,38,9.74,1.74
2019,12,OO,SkyWest Airlines Inc.,SEA,"Seattle, WA: Seattle/Tacoma International",1410,203,40.97,10.07
2019,12,OO,SkyWest Airlines Inc.,SFO,"San Francisco, CA: San Francisco International",3560,1187,128.03,11.3
2019,12,OO,SkyWest Airlines Inc.,SGF,"Springfield, MO: Springfield-Branson National",126,25,9.05,1
2019,12,OO,SkyWest Airlines Inc.,SGU,"St. George, UT: St George Regional",317,59,18.31,1.23
2019,12,OO,SkyWest Airlines Inc.,SHD,"Staunton, VA: Shenandoah Valley Regional",88,23,8.21,0
2019,12,OO,SkyWest Airlines Inc.,SHV,"Shreveport, LA: Shreveport Regional",171,34,15.84,0.83
2019,12,OO,SkyWest Airlines Inc.,SJC,"San Jose, CA: Norman Y. Mineta San Jose International",588,84,19.27,1.13
2019,12,OO,SkyWest Airlines Inc.,SLC,"Salt Lake City, UT: Salt Lake City International",4371,614,140.31,41.12
2019,12,OO,SkyWest Airlines Inc.,SLN,"Salina, KS: Salina Regional",81,6,1.73,0
2019,12,OO,SkyWest Airlines Inc.,SMF,"Sacramento, CA: Sacramento International",606,113,38.5,5.96
2019,12,OO,SkyWest Airlines Inc.,SNA,"Santa Ana, CA: John Wayne Airport-Orange County",433,70,15.27,2.33
2019,12,OO,SkyWest Airlines Inc.,SPI,"Springfield, IL: Abraham Lincoln Capital",87,25,7.54,2
2019,12,OO,SkyWest Airlines Inc.,SRQ,"Sarasota/Bradenton, FL: Sarasota/Bradenton International",1,0,0,0
2019,12,OO,SkyWest Airlines Inc.,STL,"St. Louis, MO: St Louis Lambert International",173,41,14.51,1.82
2019,12,OO,SkyWest Airlines Inc.,STS,"Santa Rosa, CA: Charles M. Schulz - Sonoma County",198,35,11.89,1
2019,12,OO,SkyWest Airlines Inc.,SUN,"Sun Valley/Hailey/Ketchum, ID: Friedman Memorial",136,23,7.59,2
2019,12,OO,SkyWest Airlines Inc.,SWF,"Newburgh/Poughkeepsie, NY: New York Stewart International",59,10,4.92,2.9
2019,12,OO,SkyWest Airlines Inc.,SYR,"Syracuse, NY: Syracuse Hancock International",217,50,16.11,4.15
2019,12,OO,SkyWest Airlines Inc.,TLH,"Tallahassee, FL: Tallahassee International",10,3,2,0
2019,12,OO,SkyWest Airlines Inc.,TRI,"Bristol/Johnson City/Kingsport, TN: Tri Cities",129,15,6.46,1
2019,12,OO,SkyWest Airlines Inc.,TUL,"Tulsa, OK: Tulsa International",153,23,6.43,1.18
2019,12,OO,SkyWest Airlines Inc.,TUS,"Tucson, AZ: Tucson International",572,105,28.5,2.37
2019,12,OO,SkyWest Airlines Inc.,TVC,"Traverse City, MI: Cherry Capital",168,25,9.61,2
2019,12,OO,SkyWest Airlines Inc.,TWF,"Twin Falls, ID: Joslin Field - Magic Valley Regional",89,19,6.58,5.48
2019,12,OO,SkyWest Airlines Inc.,TYS,"Knoxville, TN: McGhee Tyson",94,16,5.05,0.03
2019,12,OO,SkyWest Airlines Inc.,UIN,"Quincy, IL: Quincy Regional-Baldwin Field",54,15,6.28,0.21
2019,12,OO,SkyWest Airlines Inc.,VEL,"Vernal, UT: Vernal Regional",54,4,1.11,0
2019,12,OO,SkyWest Airlines Inc.,VLD,"Valdosta, GA: Valdosta Regional",89,13,4.99,1
2019,12,OO,SkyWest Airlines Inc.,XNA,"Fayetteville, AR: Northwest Arkansas Regional",118,35,13.97,1
2019,12,OO,SkyWest Airlines Inc.,XWA,"Williston, ND: Williston Basin International",79,17,5.76,0.35
2019,12,OO,SkyWest Airlines Inc.,YUM,"Yuma, AZ: Yuma MCAS/Yuma International",146,19,5.06,0
2019,12,UA,United Air Lines Inc.,ABQ,"Albuquerque, NM: Albuquerque International Sunport",36,9,1.56,0
2019,12,UA,United Air Lines Inc.,ALB,"Albany, NY: Albany International",43,10,3.98,0.94
2019,12,UA,United Air Lines Inc.,ANC,"Anchorage, AK: Ted Stevens Anchorage International",56,10,3.01,0.08
2019,12,UA,United Air Lines Inc.,ATL,"Atlanta, GA: Hartsfield-Jackson Atlanta International",322,75,20.5,0.74
2019,12,UA,United Air Lines Inc.,AUS,"Austin, TX: Austin - Bergstrom International",625,107,27.77,1.74
2019,12,UA,United Air Lines Inc.,BDL,"Hartford, CT: Bradley International",142,31,11.3,0.59
2019,12,UA,United Air Lines Inc.,BIL,"Billings, MT: Billings Logan International",61,12,2.13,2.02
2019,12,UA,United Air Lines Inc.,BNA,"Nashville, TN: Nashville International",236,60,16.4,0.89
2019,12,UA,United Air Lines Inc.,BOI,"Boise, ID: Boise Air Terminal",58,4,1.47,0
2019,12,UA,United Air Lines Inc.,BOS,"Boston, MA: Logan International",1069,316,53.57,5.26
2019,12,UA,United Air Lines Inc.,BQN,"Aguadilla, PR: Rafael Hernandez",31,19,7.04,0.92
2019,12,UA,United Air Lines Inc.,BTV,"Burlington, VT: Burlington International",16,2,1,0
2019,12,UA,United Air Lines Inc.,BUF,"Buffalo, NY: Buffalo Niagara International",8,3,0.38,0.65
2019,12,UA,United Air Lines Inc.,BUR,"Burbank, CA: Bob Hope",53,16,3.69,0
2019,12,UA,United Air Lines Inc.,BWI,"Baltimore, MD: Baltimore/Washington International Thurgood Marshall",291,54,16.17,1.74
2019,12,UA,United Air Lines Inc.,BZN,"Bozeman, MT: Bozeman Yellowstone International",104,19,9.12,2
2019,12,UA,United Air Lines Inc.,CHS,"Charleston, SC: Charleston AFB/International",64,10,0.67,1.15
2019,12,UA,United Air Lines Inc.,CID,"Cedar Rapids/Iowa City, IA: The Eastern Iowa",60,8,1.95,0
2019,12,UA,United Air Lines Inc.,CLE,"Cleveland, OH: Cleveland-Hopkins International",575,102,23.14,2.49
2019,12,UA,United Air Lines Inc.,CLT,"Charlotte, NC: Charlotte Douglas International",18,4,0.4,0.55
2019,12,UA,United Air Lines Inc.,CMH,"Columbus, OH: John Glenn Columbus International",67,8,2.51,0
2019,12,UA,United Air Lines Inc.,COS,"Colorado Springs, CO: City of Colorado Springs Municipal",13,3,2.06,0
2019,12,UA,United Air Lines Inc.,CVG,"Cincinnati, OH: Cincinnati/Northern Kentucky International",66,10,1.72,0.37
2019,12,UA,United Air Lines Inc.,DCA,"Washington, DC: Ronald Reagan Washington National",336,48,12.22,1.82
2019,12,UA,United Air Lines Inc.,DEN,"Denver, CO: Denver International",5788,842,207.32,32.84
2019,12,UA,United Air Lines Inc.,DFW,"Dallas/Fort Worth, TX: Dallas/Fort Worth International",500,109,31.14,2.24
2019,12,UA,United Air Lines Inc.,DLH,"Duluth, MN: Duluth International",31,4,0.51,0.22
2019,12,UA,United Air Lines Inc.,DSM,"Des Moines, IA: Des Moines International",86,12,2.42,0
2019,12,UA,United Air Lines Inc.,DTW,"Detroit, MI: Detroit Metro Wayne County",105,15,6.81,0.21
2019,12,UA,United Air Lines Inc.,EGE,"Eagle, CO: Eagle County Regional",52,11,3.8,0
2019,12,UA,United Air Lines Inc.,ELP,"El Paso, TX: El Paso International",4,1,0.18,0
2019,12,UA,United Air Lines Inc.,EUG,"Eugene, OR: Mahlon Sweet Field",61,11,1.95,0
2019,12,UA,United Air Lines Inc.,EWR,"Newark, NJ: Newark Liberty International",4922,1610,203.09,28.83
2019,12,UA,United Air Lines Inc.,FAT,"Fresno, CA: Fresno Yosemite International",29,5,2.21,0
2019,12,UA,United Air Lines Inc.,FCA,"Kalispell, MT: Glacier Park International",30,8,2.9,0
2019,12,UA,United Air Lines Inc.,FLL,"Fort Lauderdale, FL: Fort Lauderdale-Hollywood International",769,188,41.82,2.77
2019,12,UA,United Air Lines Inc.,FSD,"Sioux Falls, SD: Joe Foss Field",31,7,0.24,0.14
2019,12,UA,United Air Lines Inc.,GEG,"Spokane, WA: Spokane International",83,12,5.34,0
2019,12,UA,United Air Lines Inc.,GRR,"Grand Rapids, MI: Gerald R. Ford International",49,4,0.04,0.98
2019,12,UA,United Air Lines Inc.,GUM,"Guam, TT: Guam International",75,4,0.73,0
2019,12,UA,United Air Lines Inc.,HDN,"Hayden, CO: Yampa Valley",20,4,2.98,0
2019,12,UA,United Air Lines Inc.,HNL,"Honolulu, HI: Daniel K Inouye International",493,87,45.28,0.46
2019,12,UA,United Air Lines Inc.,IAD,"Washington, DC: Washington Dulles International",2381,385,107.39,13.68
2019,12,UA,United Air Lines Inc.,IAH,"Houston, TX: George Bush Intercontinental/Houston",5175,784,187.84,19.41
2019,12,UA,United Air Lines Inc.,ICT,"Wichita, KS: Wichita Dwight D Eisenhower National",28,6,1.18,0
2019,12,UA,United Air Lines Inc.,IND,"Indianapolis, IN: Indianapolis International",93,19,4.64,0.1
2019,12,UA,United Air Lines Inc.,ITO,"Hilo, HI: Hilo International",26,4,1.62,0
2019,12,UA,United Air Lines Inc.,JAC,"Jackson, WY: Jackson Hole",114,19,9.16,0.59
2019,12,UA,United Air Lines Inc.,JAX,"Jacksonville, FL: Jacksonville International",102,29,7.23,1.7
2019,12,UA,United Air Lines Inc.,KOA,"Kona, HI: Ellison Onizuka Kona International at Keahole",169,31,10.54,0
2019,12,UA,United Air Lines Inc.,LAS,"Las Vegas, NV: McCarran International",1054,190,37,5.81
2019,12,UA,United Air Lines Inc.,LAX,"Los Angeles, CA: Los Angeles International",2281,471,121.8,9.46
2019,12,UA,United Air Lines Inc.,LGA,"New York, NY: LaGuardia",664,186,25.59,1.6
2019,12,UA,United Air Lines Inc.,LIH,"Lihue, HI: Lihue Airport",126,20,6.48,0
2019,12,UA,United Air Lines Inc.,MAF,"Midland/Odessa, TX: Midland International Air and Space Port",42,4,0.54,0
2019,12,UA,United Air Lines Inc.,MCI,"Kansas City, MO: Kansas City International",188,41,7.58,1.4
2019,12,UA,United Air Lines Inc.,MCO,"Orlando, FL: Orlando International",1135,221,59.62,5.37
2019,12,UA,United Air Lines Inc.,MDT,"Harrisburg, PA: Harrisburg International",8,4,1.11,0.13
2019,12,UA,United Air Lines Inc.,MEM,"Memphis, TN: Memphis International",36,2,0,0
2019,12,UA,United Air Lines Inc.,MFE,"Mission/McAllen/Edinburg, TX: McAllen Miller International",44,9,3.14,0.13
2019,12,UA,United Air Lines Inc.,MFR,"Medford, OR: Rogue Valley International - Medford",46,8,1.09,0
2019,12,UA,United Air Lines Inc.,MIA,"Miami, FL: Miami International",564,143,37.62,6.19
2019,12,UA,United Air Lines Inc.,MKE,"Milwaukee, WI: General Mitchell International",18,0,0,0
2019,12,UA,United Air Lines Inc.,MSN,"Madison, WI: Dane County Regional-Truax Field",91,10,3.28,0
2019,12,UA,United Air Lines Inc.,MSO,"Missoula, MT: Missoula International",41,6,2.76,0
2019,12,UA,United Air Lines Inc.,MSP,"Minneapolis, MN: Minneapolis-St Paul International",236,28,5.4,0.95
2019,12,UA,United Air Lines Inc.,MSY,"New Orleans, LA: Louis Armstrong New Orleans International",536,126,27.71,5.8
2019,12,UA,United Air Lines Inc.,MTJ,"Montrose/Delta, CO: Montrose Regional",13,2,1.07,0
2019,12,UA,United Air Lines Inc.,OGG,"Kahului, HI: Kahului Airport",262,56,17.8,0.33
2019,12,UA,United Air Lines Inc.,OKC,"Oklahoma City, OK: Will Rogers World",1,0,0,0
2019,12,UA,United Air Lines Inc.,OMA,"Omaha, NE: Eppley Airfield",106,24,6.82,0
2019,12,UA,United Air Lines Inc.,ONT,"Ontario, CA: Ontario International",47,2,0.44,0.14
2019,12,UA,United Air Lines Inc.,ORD,"Chicago, IL: Chicago O'Hare International",5969,960,213.05,33.61
2019,12,UA,United Air Lines Inc.,ORF,"Norfolk, VA: Norfolk International",47,6,0.98,2.04
2019,12,UA,United Air Lines Inc.,PBI,"West Palm Beach/Palm Beach, FL: Palm Beach International",310,81,24.24,0.55
2019,12,UA,United Air Lines Inc.,PDX,"Portland, OR: Portland International",574,126,36.29,0.79
2019,12,UA,United Air Lines Inc.,PHL,"Philadelphia, PA: Philadelphia International",359,82,19.21,3.36
2019,12,UA,United Air Lines Inc.,PHX,"Phoenix, AZ: Phoenix Sky Harbor International",684,151,44.24,3.52
2019,12,UA,United Air Lines Inc.,PIT,"Pittsburgh, PA: Pittsburgh International",214,45,8.34,1.11
2019,12,UA,United Air Lines Inc.,PSP,"Palm Springs, CA: Palm Springs International",109,20,5.22,0.76
2019,12,UA,United Air Lines Inc.,RAP,"Rapid City, SD: Rapid City Regional",13,3,0.32,0.76
2019,12,UA,United Air Lines Inc.,RDM,"Bend/Redmond, OR: Roberts Field",3,0,0,0
2019,12,UA,United Air Lines Inc.,RDU,"Raleigh/Durham, NC: Raleigh-Durham International",374,100,27.07,3.37
2019,12,UA,United Air Lines Inc.,RIC,"Richmond, VA: Richmond International",45,7,0.08,0.11
2019,12,UA,United Air Lines Inc.,RNO,"Reno, NV: Reno/Tahoe International",103,13,3.51,1.13
2019,12,UA,United Air Lines Inc.,ROC,"Rochester, NY: Greater Rochester International",36,6,2.44,0.34
2019,12,UA,United Air Lines Inc.,RSW,"Fort Myers, FL: Southwest Florida International",497,117,26.83,1.98
2019,12,UA,United Air Lines Inc.,SAN,"San Diego, CA: San Diego International",842,177,39.36,3.26
2019,12,UA,United Air Lines Inc.,SAT,"San Antonio, TX: San Antonio International",403,65,23.16,0.07
2019,12,UA,United Air Lines Inc.,SAV,"Savannah, GA: Savannah/Hilton Head International",9,4,2.35,0.86
2019,12,UA,United Air Lines Inc.,SBA,"Santa Barbara, CA: Santa Barbara Municipal",49,5,1.22,0
2019,12,UA,United Air Lines Inc.,SEA,"Seattle, WA: Seattle/Tacoma International",730,146,27.27,1.26
2019,12,UA,United Air Lines Inc.,SFO,"San Francisco, CA: San Francisco International",4451,1433,200.91,16.28
2019,12,UA,United Air Lines Inc.,SJC,"San Jose, CA: Norman Y. Mineta San Jose International",149,19,5.07,0.18
2019,12,UA,United Air Lines Inc.,SJU,"San Juan, PR: Luis Munoz Marin International",230,39,16.35,1.56
2019,12,UA,United Air Lines Inc.,SLC,"Salt Lake City, UT: Salt Lake City International",127,19,5.79,1.07
2019,12,UA,United Air Lines Inc.,SMF,"Sacramento, CA: Sacramento International",260,46,12.45,0.2
2019,12,UA,United Air Lines Inc.,SNA,"Santa Ana, CA: John Wayne Airport-Orange County",523,102,24.75,2.66
2019,12,UA,United Air Lines Inc.,SPN,"Saipan, TT: Francisco C. Ada Saipan International",44,5,3.67,0
2019,12,UA,United Air Lines Inc.,SRQ,"Sarasota/Bradenton, FL: Sarasota/Bradenton International",86,19,3.64,0.26
2019,12,UA,United Air Lines Inc.,STL,"St. Louis, MO: St Louis Lambert International",63,9,5.03,0
2019,12,UA,United Air Lines Inc.,STT,"Charlotte Amalie, VI: Cyril E King",58,11,5.05,0
2019,12,UA,United Air Lines Inc.,SYR,"Syracuse, NY: Syracuse Hancock International",24,1,0,0
2019,12,UA,United Air Lines Inc.,TPA,"Tampa, FL: Tampa International",692,151,44.12,1.55
2019,12,UA,United Air Lines Inc.,TUL,"Tulsa, OK: Tulsa International",24,5,2.38,0
2019,12,UA,United Air Lines Inc.,TUS,"Tucson, AZ: Tucson International",85,16,4.64,0.83
2019,12,WN,Southwest Airlines Co.,ABQ,"Albuquerque, NM: Albuquerque International Sunport",1006,230,87.66,1
2019,12,WN,Southwest Airlines Co.,ALB,"Albany, NY: Albany International",308,81,38.08,0
2019,12,WN,Southwest Airlines Co.,AMA,"Amarillo, TX: Rick Husband Amarillo International",152,30,9.68,0.39
2019,12,WN,Southwest Airlines Co.,ATL,"Atlanta, GA: Hartsfield-Jackson Atlanta International",3039,516,210.09,3.96
2019,12,WN,Southwest Airlines Co.,AUS,"Austin, TX: Austin - Bergstrom International",2049,351,137.36,0.19
2019,12,WN,Southwest Airlines Co.,BDL,"Hartford, CT: Bradley International",495,128,52.49,0.64
2019,12,WN,Southwest Airlines Co.,BHM,"Birmingham, AL: Birmingham-Shuttlesworth International",361,82,33.8,0
2019,12,WN,Southwest Airlines Co.,BNA,"Nashville, TN: Nashville International",3324,610,232.58,5.25
2019,12,WN,Southwest Airlines Co.,BOI,"Boise, ID: Boise Air Terminal",407,99,35.69,0
2019,12,WN,Southwest Airlines Co.,BOS,"Boston, MA: Logan International",882,206,70.51,2.34
2019,12,WN,Southwest Airlines Co.,BUF,"Buffalo, NY: Buffalo Niagara International",475,100,43.12,1
2019,12,WN,Southwest Airlines Co.,BUR,"Burbank, CA: Bob Hope",1735,396,133.61,2.03
2019,12,WN,Southwest Airlines Co.,BWI,"Baltimore, MD: Baltimore/Washington International Thurgood Marshall",6345,1066,380.38,4.76
2019,12,WN,Southwest Airlines Co.,CHS,"Charleston, SC: Charleston AFB/International",321,52,23.15,0.19
2019,12,WN,Southwest Airlines Co.,CLE,"Cleveland, OH: Cleveland-Hopkins International",539,109,50.35,0.1
2019,12,WN,Southwest Airlines Co.,CLT,"Charlotte, NC: Charlotte Douglas International",293,54,28.07,0
2019,12,WN,Southwest Airlines Co.,CMH,"Columbus, OH: John Glenn Columbus International",1152,245,96.7,0.58
2019,12,WN,Southwest Airlines Co.,CRP,"Corpus Christi, TX: Corpus Christi International",98,14,6.27,0
2019,12,WN,Southwest Airlines Co.,CVG,"Cincinnati, OH: Cincinnati/Northern Kentucky International",222,36,18.65,0.09
2019,12,WN,Southwest Airlines Co.,DAL,"Dallas, TX: Dallas Love Field",5871,1142,414.22,3.02
2019,12,WN,Southwest Airlines Co.,DCA,"Washington, DC: Ronald Reagan Washington National",1381,305,111.62,3.23
2019,12,WN,Southwest Airlines Co.,DEN,"Denver, CO: Denver International",6217,1214,420.17,11.93
2019,12,WN,Southwest Airlines Co.,DSM,"Des Moines, IA: Des Moines International",95,32,7.44,0.21
2019,12,WN,Southwest Airlines Co.,DTW,"Detroit, MI: Detroit Metro Wayne County",454,102,56.72,1
2019,12,WN,Southwest Airlines Co.,ECP,"Panama City, FL: Northwest Florida Beaches International",129,26,6.16,0
2019,12,WN,Southwest Airlines Co.,ELP,"El Paso, TX: El Paso International",655,156,53.52,0.8
2019,12,WN,Southwest Airlines Co.,FLL,"Fort Lauderdale, FL: Fort Lauderdale-Hollywood International",2170,403,161.38,0.82
2019,12,WN,Southwest Airlines Co.,GEG,"Spokane, WA: Spokane International",324,84,34.41,0
2019,12,WN,Southwest Airlines Co.,GRR,"Grand Rapids, MI: Gerald R. Ford International",148,43,16.4,0.33
2019,12,WN,Southwest Airlines Co.,GSP,"Greer, SC: Greenville-Spartanburg International",120,16,7.12,0
2019,12,WN,Southwest Airlines Co.,HNL,"Honolulu, HI: Daniel K Inouye International",496,52,17.99,0
2019,12,WN,Southwest Airlines Co.,HOU,"Houston, TX: William P Hobby",4596,805,269.47,2.58
2019,12,WN,Southwest Airlines Co.,HRL,"Harlingen/San Benito, TX: Valley International",134,30,12.24,0.33
2019,12,WN,Southwest Airlines Co.,IAD,"Washington, DC: Washington Dulles International",147,32,16.87,0.29
2019,12,WN,Southwest Airlines Co.,ICT,"Wichita, KS: Wichita Dwight D Eisenhower National",122,26,13.73,0
2019,12,WN,Southwest Airlines Co.,IND,"Indianapolis, IN: Indianapolis International",969,197,77.58,0.1
2019,12,WN,Southwest Airlines Co.,ISP,"Islip, NY: Long Island MacArthur",408,103,37.74,1
2019,12,WN,Southwest Airlines Co.,JAX,"Jacksonville, FL: Jacksonville International",469,88,48.43,0
2019,12,WN,Southwest Airlines Co.,KOA,"Kona, HI: Ellison Onizuka Kona International at Keahole",124,16,6.87,0
2019,12,WN,Southwest Airlines Co.,LAS,"Las Vegas, NV: McCarran International",5183,1158,344.61,5.52
2019,12,WN,Southwest Airlines Co.,LAX,"Los Angeles, CA: Los Angeles International",3307,894,312.09,6.7
2019,12,WN,Southwest Airlines Co.,LBB,"Lubbock, TX: Lubbock Preston Smith International",219,53,20.06,0
2019,12,WN,Southwest Airlines Co.,LGA,"New York, NY: LaGuardia",1118,393,110.86,3.88
2019,12,WN,Southwest Airlines Co.,LGB,"Long Beach, CA: Long Beach Airport",394,68,28.96,0
2019,12,WN,Southwest Airlines Co.,LIH,"Lihue, HI: Lihue Airport",124,8,4.21,0
2019,12,WN,Southwest Airlines Co.,LIT,"Little Rock, AR: Bill and Hillary Clinton Nat Adams Field",164,35,13.23,0
2019,12,WN,Southwest Airlines Co.,MAF,"Midland/Odessa, TX: Midland International Air and Space Port",280,50,24.89,0.1
2019,12,WN,Southwest Airlines Co.,MCI,"Kansas City, MO: Kansas City International",1877,368,147.38,1.12
2019,12,WN,Southwest Airlines Co.,MCO,"Orlando, FL: Orlando International",3761,750,268.18,7.54
2019,12,WN,Southwest Airlines Co.,MDW,"Chicago, IL: Chicago Midway International",6411,1078,391.23,8.83
2019,12,9E,Endeavor Air Inc.,ABE,"Allentown/Bethlehem/Easton, PA: Lehigh Valley International",53,6,3.05,0.22
2019,12,9E,Endeavor Air Inc.,AEX,"Alexandria, LA: Alexandria International",115,4,0.03,0
2019,12,9E,Endeavor Air Inc.,AGS,"Augusta, GA: Augusta Regional at Bush Field",191,13,7.49,2.31
2019,12,9E,Endeavor Air Inc.,ALB,"Albany, NY: Albany International",6,1,0,0
2019,12,9E,Endeavor Air Inc.,ATL,"Atlanta, GA: Hartsfield-Jackson Atlanta International",3802,468,115.8,11.79
2019,12,9E,Endeavor Air Inc.,ATW,"Appleton, WI: Appleton International",49,6,3,0.37
2019,12,9E,Endeavor Air Inc.,AUS,"Austin, TX: Austin - Bergstrom International",34,5,0.11,1.09
2019,12,9E,Endeavor Air Inc.,AVL,"Asheville, NC: Asheville Regional",148,26,10,1.94
2019,12,9E,Endeavor Air Inc.,BDL,"Hartford, CT: Bradley International",73,13,1.03,0
2019,12,9E,Endeavor Air Inc.,BGR,"Bangor, ME: Bangor International",77,20,3.15,0
2019,12,9E,Endeavor Air Inc.,BHM,"Birmingham, AL: Birmingham-Shuttlesworth International",59,11,1.86,0
2019,12,9E,Endeavor Air Inc.,BMI,"Bloomington/Normal, IL: Central Il Regional Airport at Bloomington",88,11,3.14,0.72
2019,12,9E,Endeavor Air Inc.,BNA,"Nashville, TN: Nashville International",179,24,7.84,0.91
2019,12,9E,Endeavor Air Inc.,BOS,"Boston, MA: Logan International",420,95,17.02,3.27
2019,12,9E,Endeavor Air Inc.,BTR,"Baton Rouge, LA: Baton Rouge Metropolitan/Ryan Field",220,15,6.73,0.66
2019,12,9E,Endeavor Air Inc.,BTV,"Burlington, VT: Burlington International",233,50,14.99,0.64
2019,12,9E,Endeavor Air Inc.,BUF,"Buffalo, NY: Buffalo Niagara International",223,37,8.37,1.55
2019,12,9E,Endeavor Air Inc.,BWI,"Baltimore, MD: Baltimore/Washington International Thurgood Marshall",225,39,8.98,2.34
2019,12,9E,Endeavor Air Inc.,CAE,"Columbia, SC: Columbia Metropolitan",125,24,5.24,1.36
2019,12,9E,Endeavor Air Inc.,CAK,"Akron, OH: Akron-Canton Regional",68,11,5.97,1.2
2019,12,9E,Endeavor Air Inc.,CHA,"Chattanooga, TN: Lovell Field",63,11,3.73,0
2019,12,9E,Endeavor Air Inc.,CHO,"Charlottesville, VA: Charlottesville Albemarle",141,26,4.47,5.79
2019,12,9E,Endeavor Air Inc.,CHS,"Charleston, SC: Charleston AFB/International",146,34,10.32,0.3
2019,12,9E,Endeavor Air Inc.,CID,"Cedar Rapids/Iowa City, IA: The Eastern Iowa",84,8,4.04,0
2019,12,9E,Endeavor Air Inc.,CLE,"Cleveland, OH: Cleveland-Hopkins International",442,77,21.38,1.68
2019,12,9E,Endeavor Air Inc.,CLT,"Charlotte, NC: Charlotte Douglas International",204,48,15.32,0.17
2019,12,9E,Endeavor Air Inc.,CMH,"Columbus, OH: John Glenn Columbus International",60,15,3.74,0
2019,12,9E,Endeavor Air Inc.,CRW,"Charleston/Dunbar, WV: Yeager",4,0,0,0
2019,12,9E,Endeavor Air Inc.,CSG,"Columbus, GA: Columbus Airport",80,4,3,0
2019,12,9E,Endeavor Air Inc.,CVG,"Cincinnati, OH: Cincinnati/Northern Kentucky International",899,163,32.69,1.98
2019,12,9E,Endeavor Air Inc.,CWA,"Mosinee, WI: Central Wisconsin",110,18,4.56,3.61
2019,12,9E,Endeavor Air Inc.,DAY,"Dayton, OH: James M Cox/Dayton International",100,20,10.55,0
2019,12,9E,Endeavor Air Inc.,DCA,"Washington, DC: Ronald Reagan Washington National",115,25,3.95,0.51
2019,12,9E,Endeavor Air Inc.,DFW,"Dallas/Fort Worth, TX: Dallas/Fort Worth International",98,24,7.08,0.69
2019,12,9E,Endeavor Air Inc.,DSM,"Des Moines, IA: Des Moines International",292,36,12.37,0.83
2019,12,9E,Endeavor Air Inc.,DTW,"Detroit, MI: Detroit Metro Wayne County",1676,212,53.41,14.24
2019,12,9E,Endeavor Air Inc.,ELM,"Elmira/Corning, NY: Elmira/Corning Regional",12,2,0.76,0.26
2019,12,9E,Endeavor Air Inc.,EVV,"Evansville, IN: Evansville Regional",154,13,6.06,0.13
2019,12,9E,Endeavor Air Inc.,EWN,"New Bern/Morehead/Beaufort, NC: Coastal Carolina Regional",58,5,3.81,0
2019,12,9E,Endeavor Air Inc.,EWR,"Newark, NJ: Newark Liberty International",155,45,10.41,2.32
2019,12,9E,Endeavor Air Inc.,EYW,"Key West, FL: Key West International",34,5,1,0.99
2019,12,9E,Endeavor Air Inc.,FAR,"Fargo, ND: Hector International",66,10,2.42,1.91
2019,12,9E,Endeavor Air Inc.,FNT,"Flint, MI: Bishop International",64,4,1.88,0
2019,12,9E,Endeavor Air Inc.,FWA,"Fort Wayne, IN: Fort Wayne International",20,2,1,0.73
2019,12,9E,Endeavor Air Inc.,GNV,"Gainesville, FL: Gainesville Regional",172,17,4.49,1.38
2019,12,9E,Endeavor Air Inc.,GPT,"Gulfport/Biloxi, MS: Gulfport-Biloxi International",91,16,5.68,4.13
2019,12,9E,Endeavor Air Inc.,GRB,"Green Bay, WI: Green Bay Austin Straubel International",131,18,6.86,0.05
2019,12,9E,Endeavor Air Inc.,GRR,"Grand Rapids, MI: Gerald R. Ford International",143,26,5.79,0
2019,12,9E,Endeavor Air Inc.,GSO,"Greensboro/High Point, NC: Piedmont Triad International",231,44,19.79,0.38
2019,12,9E,Endeavor Air Inc.,GSP,"Greer, SC: Greenville-Spartanburg International",104,24,5.61,0.96
2019,12,9E,Endeavor Air Inc.,HPN,"White Plains, NY: Westchester County",87,10,4.24,0.77
2019,12,9E,Endeavor Air Inc.,HRL,"Harlingen/San Benito, TX: Valley International",11,1,1,0
2019,12,9E,Endeavor Air Inc.,HSV,"Huntsville, AL: Huntsville International-Carl T Jones Field",52,9,5.41,0.6
2019,12,9E,Endeavor Air Inc.,IAD,"Washington, DC: Washington Dulles International",113,25,5.57,2.4
2019,12,9E,Endeavor Air Inc.,IAH,"Houston, TX: George Bush Intercontinental/Houston",77,18,5.4,3.54
2019,12,9E,Endeavor Air Inc.,ILM,"Wilmington, NC: Wilmington International",9,0,0,0
2019,12,9E,Endeavor Air Inc.,IND,"Indianapolis, IN: Indianapolis International",197,34,7.85,2.17
2019,12,9E,Endeavor Air Inc.,JAN,"Jackson/Vicksburg, MS: Jackson Medgar Wiley Evers International",57,13,6.05,0.92
2019,12,9E,Endeavor Air Inc.,JAX,"Jacksonville, FL: Jacksonville International",100,24,5.88,0.14
2019,12,9E,Endeavor Air Inc.,JFK,"New York, NY: John F. Kennedy International",1606,334,65.99,8.1
2019,12,9E,Endeavor Air Inc.,LAN,"Lansing, MI: Capital Region International",125,8,2.39,0
2019,12,9E,Endeavor Air Inc.,LEX,"Lexington, KY: Blue Grass",181,28,15.44,0.38
2019,12,9E,Endeavor Air Inc.,LFT,"Lafayette, LA: Lafayette Regional Paul Fournet Field",98,6,2.52,0
2019,12,9E,Endeavor Air Inc.,LGA,"New York, NY: LaGuardia",2335,631,77.9,15.83
2019,12,9E,Endeavor Air Inc.,LIT,"Little Rock, AR: Bill and Hillary Clinton Nat Adams Field",31,3,1,1.38
2019,12,9E,Endeavor Air Inc.,LNK,"Lincoln, NE: Lincoln Airport",26,2,0.31,0
2019,12,9E,Endeavor Air Inc.,MBS,"Saginaw/Bay City/Midland, MI: MBS International",63,7,0.91,1.63
2019,12,9E,Endeavor Air Inc.,MCI,"Kansas City, MO: Kansas City International",114,29,4.77,1
2019,12,9E,Endeavor Air Inc.,MCO,"Orlando, FL: Orlando International",20,0,0,0
2019,12,9E,Endeavor Air Inc.,MDT,"Harrisburg, PA: Harrisburg International",50,5,1.34,0
2019,12,9E,Endeavor Air Inc.,MDW,"Chicago, IL: Chicago Midway International",1,0,0,0
2019,12,9E,Endeavor Air Inc.,MEM,"Memphis, TN: Memphis International",134,33,9.5,0
2019,12,9E,Endeavor Air Inc.,MHT,"Manchester, NH: Manchester-Boston Regional",24,6,0,0
2019,12,9E,Endeavor Air Inc.,MKE,"Milwaukee, WI: General Mitchell International",111,24,8.02,0
2019,12,9E,Endeavor Air Inc.,MLI,"Moline, IL: Quad City International",88,10,6.7,0
2019,12,9E,Endeavor Air Inc.,MOB,"Mobile, AL: Mobile Regional",76,8,1.33,2.33
2019,12,9E,Endeavor Air Inc.,MOT,"Minot, ND: Minot International",19,1,0,0
2019,12,9E,Endeavor Air Inc.,MSN,"Madison, WI: Dane County Regional-Truax Field",134,25,7.79,0
2019,12,9E,Endeavor Air Inc.,MSP,"Minneapolis, MN: Minneapolis-St Paul International",1181,142,31.46,5.35
2019,12,9E,Endeavor Air Inc.,MSY,"New Orleans, LA: Louis Armstrong New Orleans International",1,0,0,0
2019,12,9E,Endeavor Air Inc.,MYR,"Myrtle Beach, SC: Myrtle Beach International",28,3,0.23,0.66
2019,12,9E,Endeavor Air Inc.,OAJ,"Jacksonville/Camp Lejeune, NC: Albert J Ellis",113,14,4.05,1.31
2019,12,9E,Endeavor Air Inc.,OMA,"Omaha, NE: Eppley Airfield",52,6,0.61,0
2019,12,9E,Endeavor Air Inc.,ORD,"Chicago, IL: Chicago O'Hare International",167,30,9.04,1.31
2019,12,9E,Endeavor Air Inc.,ORF,"Norfolk, VA: Norfolk International",201,50,11.76,1.53
2019,12,9E,Endeavor Air Inc.,PHF,"Newport News/Williamsburg, VA: Newport News/Williamsburg International",68,2,0,0
2019,12,9E,Endeavor Air Inc.,PHL,"Philadelphia, PA: Philadelphia International",135,40,7.83,0
2019,12,9E,Endeavor Air Inc.,PIT,"Pittsburgh, PA: Pittsburgh International",232,53,9.56,2.98
2019,12,9E,Endeavor Air Inc.,PWM,"Portland, ME: Portland International Jetport",131,36,8.59,2.08
2019,12,9E,Endeavor Air Inc.,RDU,"Raleigh/Durham, NC: Raleigh-Durham International",692,135,27.92,4.03
2019,12,9E,Endeavor Air Inc.,RIC,"Richmond, VA: Richmond International",266,52,10.56,0.05
2019,12,9E,Endeavor Air Inc.,ROA,"Roanoke, VA: Roanoke Blacksburg Regional Woodrum Field",58,2,1,0
2019,12,9E,Endeavor Air Inc.,ROC,"Rochester, NY: Greater Rochester International",165,41,8.55,1.49
2019,12,9E,Endeavor Air Inc.,RST,"Rochester, MN: Rochester International",49,6,3.44,0
2019,12,9E,Endeavor Air Inc.,RSW,"Fort Myers, FL: Southwest Florida International",11,4,0.12,0
2019,12,9E,Endeavor Air Inc.,SAV,"Savannah, GA: Savannah/Hilton Head International",137,33,6,0
2019,12,9E,Endeavor Air Inc.,SDF,"Louisville, KY: Louisville Muhammad Ali International",30,4,1.58,0
2019,12,9E,Endeavor Air Inc.,SGF,"Springfield, MO: Springfield-Branson National",116,9,3.79,1.15
2019,12,9E,Endeavor Air Inc.,SHV,"Shreveport, LA: Shreveport Regional",116,9,4.91,1.19
2019,12,9E,Endeavor Air Inc.,STL,"St. Louis, MO: St Louis Lambert International",136,43,13.58,0
2019,12,9E,Endeavor Air Inc.,SYR,"Syracuse, NY: Syracuse Hancock International",164,24,5.64,0.94
2019,12,9E,Endeavor Air Inc.,TLH,"Tallahassee, FL: Tallahassee International",75,8,3.3,0.07
2019,12,9E,Endeavor Air Inc.,TPA,"Tampa, FL: Tampa International",57,8,3.45,0
2019,12,9E,Endeavor Air Inc.,TRI,"Bristol/Johnson City/Kingsport, TN: Tri Cities",22,4,0,0.25
2019,12,9E,Endeavor Air Inc.,TUL,"Tulsa, OK: Tulsa International",51,5,1.37,0
2019,12,9E,Endeavor Air Inc.,TVC,"Traverse City, MI: Cherry Capital",22,1,0.13,0
2019,12,9E,Endeavor Air Inc.,TYS,"Knoxville, TN: McGhee Tyson",397,52,20.73,0
2019,12,9E,Endeavor Air Inc.,VPS,"Valparaiso, FL: Eglin AFB Destin Fort Walton Beach",37,4,1.6,1
2019,12,9E,Endeavor Air Inc.,XNA,"Fayetteville, AR: Northwest Arkansas Regional",179,20,8.21,0
2019,12,AA,American Airlines Inc.,ABQ,"Albuquerque, NM: Albuquerque International Sunport",268,54,25.12,2.46
2019,12,AA,American Airlines Inc.,ALB,"Albany, NY: Albany International",86,9,4.63,0
2019,12,AA,American Airlines Inc.,AMA,"Amarillo, TX: Rick Husband Amarillo International",28,7,3.99,0
2019,12,AA,American Airlines Inc.,ATL,"Atlanta, GA: Hartsfield-Jackson Atlanta International",1040,166,63.63,3.38
2019,12,AA,American Airlines Inc.,AUS,"Austin, TX: Austin - Bergstrom International",941,134,50.66,3.4
2019,12,AA,American Airlines Inc.,BDL,"Hartford, CT: Bradley International",407,82,21.38,2.75
2019,12,AA,American Airlines Inc.,BHM,"Birmingham, AL: Birmingham-Shuttlesworth International",14,3,0.99,0
2019,12,AA,American Airlines Inc.,BNA,"Nashville, TN: Nashville International",692,119,54.8,0.84
2019,12,AA,American Airlines Inc.,BOI,"Boise, ID: Boise Air Terminal",59,8,5.63,0
2019,12,AA,American Airlines Inc.,BOS,"Boston, MA: Logan International",1956,533,90.93,15.68
2019,12,AA,American Airlines Inc.,BUF,"Buffalo, NY: Buffalo Niagara International",84,9,4.15,0
2019,12,AA,American Airlines Inc.,BUR,"Burbank, CA: Bob Hope",68,21,6.28,0
2019,12,AA,American Airlines Inc.,BWI,"Baltimore, MD: Baltimore/Washington International Thurgood Marshall",444,84,26.37,2.47
2019,12,AA,American Airlines Inc.,BZN,"Bozeman, MT: Bozeman Yellowstone International",31,1,0.29,0
2019,12,AA,American Airlines Inc.,CAE,"Columbia, SC: Columbia Metropolitan",31,8,6.74,0
2019,12,AA,American Airlines Inc.,CHS,"Charleston, SC: Charleston AFB/International",149,24,10.52,0.16
2019,12,AA,American Airlines Inc.,CLE,"Cleveland, OH: Cleveland-Hopkins International",203,36,13.11,0.47
2019,12,AA,American Airlines Inc.,CLT,"Charlotte, NC: Charlotte Douglas International",8423,1187,351.63,31.74
2019,12,AA,American Airlines Inc.,CMH,"Columbus, OH: John Glenn Columbus International",252,51,17.95,0.92
2019,12,AA,American Airlines Inc.,COS,"Colorado Springs, CO: City of Colorado Springs Municipal",130,21,8.73,0.31
2019,12,AA,American Airlines Inc.,CVG,"Cincinnati, OH: Cincinnati/Northern Kentucky International",71,11,4.1,0
2019,12,AA,American Airlines Inc.,DCA,"Washington, DC: Ronald Reagan Washington National",2210,404,115.83,9.24
2019,12,AA,American Airlines Inc.,DEN,"Denver, CO: Denver International",862,183,69.37,1.04
2019,12,AA,American Airlines Inc.,DFW,"Dallas/Fort Worth, TX: Dallas/Fort Worth International",12549,2090,550.92,46.6
2019,12,AA,American Airlines Inc.,DSM,"Des Moines, IA: Des Moines International",146,24,8.71,0
2019,12,AA,American Airlines Inc.,DTW,"Detroit, MI: Detroit Metro Wayne County",412,54,20.29,0.6
2019,12,AA,American Airlines Inc.,EGE,"Eagle, CO: Eagle County Regional",135,29,10.24,0.29
2019,12,AA,American Airlines Inc.,ELP,"El Paso, TX: El Paso International",157,40,16.94,1.66
2019,12,AA,American Airlines Inc.,EWR,"Newark, NJ: Newark Liberty International",685,252,51.75,3.75
2019,12,AA,American Airlines Inc.,EYW,"Key West, FL: Key West International",13,3,0.18,0
2019,12,AA,American Airlines Inc.,FAR,"Fargo, ND: Hector International",14,2,0.43,0
2019,12,AA,American Airlines Inc.,FAT,"Fresno, CA: Fresno Yosemite International",120,12,8.09,0
2019,12,AA,American Airlines Inc.,FLL,"Fort Lauderdale, FL: Fort Lauderdale-Hollywood International",636,137,45.93,2.05
2019,12,AA,American Airlines Inc.,GEG,"Spokane, WA: Spokane International",79,15,6.29,0
2019,12,AA,American Airlines Inc.,GRR,"Grand Rapids, MI: Gerald R. Ford International",59,19,8.33,0.99
2019,12,AA,American Airlines Inc.,GSO,"Greensboro/High Point, NC: Piedmont Triad International",54,12,5.31,0.15
2019,12,AA,American Airlines Inc.,GSP,"Greer, SC: Greenville-Spartanburg International",44,7,2.52,0
2019,12,AA,American Airlines Inc.,GUC,"Gunnison, CO: Gunnison-Crested Butte Regional",28,3,0.31,0.33
2019,12,AA,American Airlines Inc.,HDN,"Hayden, CO: Yampa Valley",28,9,1.33,0
2019,12,AA,American Airlines Inc.,HNL,"Honolulu, HI: Daniel K Inouye International",279,75,39.73,0
2019,12,AA,American Airlines Inc.,IAD,"Washington, DC: Washington Dulles International",183,39,15.74,1.82
2019,12,AA,American Airlines Inc.,IAH,"Houston, TX: George Bush Intercontinental/Houston",667,115,50.17,1.31
2019,12,AA,American Airlines Inc.,ICT,"Wichita, KS: Wichita Dwight D Eisenhower National",59,6,3.98,0
2019,12,AA,American Airlines Inc.,ILM,"Wilmington, NC: Wilmington International",100,17,7,0
2019,12,AA,American Airlines Inc.,IND,"Indianapolis, IN: Indianapolis International",345,55,15.7,0
2019,12,AA,American Airlines Inc.,JAC,"Jackson, WY: Jackson Hole",47,8,5.06,0
2019,12,AA,American Airlines Inc.,JAX,"Jacksonville, FL: Jacksonville International",356,65,30.32,0.56
2019,12,AA,American Airlines Inc.,JFK,"New York, NY: John F. Kennedy International",1262,235,73.44,0.99
2019,12,AA,American Airlines Inc.,KOA,"Kona, HI: Ellison Onizuka Kona International at Keahole",79,15,6.16,0
2019,12,AA,American Airlines Inc.,LAS,"Las Vegas, NV: McCarran International",1211,247,81.67,3.68
2019,12,AA,American Airlines Inc.,LAX,"Los Angeles, CA: Los Angeles International",3872,891,243.4,15.52
2019,12,AA,American Airlines Inc.,LBB,"Lubbock, TX: Lubbock Preston Smith International",60,14,5.02,1.49
2019,12,AA,American Airlines Inc.,LGA,"New York, NY: LaGuardia",1953,507,83.29,8.79
2019,12,AA,American Airlines Inc.,LIH,"Lihue, HI: Lihue Airport",107,33,12.15,0
2019,12,AA,American Airlines Inc.,LIT,"Little Rock, AR: Bill and Hillary Clinton Nat Adams Field",16,1,0.04,0
2019,12,AA,American Airlines Inc.,MAF,"Midland/Odessa, TX: Midland International Air and Space Port",71,15,6.2,1
2019,12,AA,American Airlines Inc.,MCI,"Kansas City, MO: Kansas City International",348,68,37.97,0.39
2019,12,AA,American Airlines Inc.,MCO,"Orlando, FL: Orlando International",1593,282,105.19,3.36
2019,12,AA,American Airlines Inc.,MDT,"Harrisburg, PA: Harrisburg International",53,8,2.63,0
2019,12,AA,American Airlines Inc.,MEM,"Memphis, TN: Memphis International",383,69,32.38,0.53
2019,12,AA,American Airlines Inc.,MFE,"Mission/McAllen/Edinburg, TX: McAllen Miller International",91,19,7.44,0.17
2019,12,AA,American Airlines Inc.,MIA,"Miami, FL: Miami International",4479,780,274.24,19.06
2019,12,AA,American Airlines Inc.,MKE,"Milwaukee, WI: General Mitchell International",124,21,7.12,1
2019,12,AA,American Airlines Inc.,MSN,"Madison, WI: Dane County Regional-Truax Field",17,4,1,0
2019,12,AA,American Airlines Inc.,MSP,"Minneapolis, MN: Minneapolis-St Paul International",530,84,37.69,0.92
2019,12,AA,American Airlines Inc.,MSY,"New Orleans, LA: Louis Armstrong New Orleans International",562,102,34.11,3.12
2019,12,AA,American Airlines Inc.,MTJ,"Montrose/Delta, CO: Montrose Regional",30,4,0.56,0
2019,12,AA,American Airlines Inc.,MYR,"Myrtle Beach, SC: Myrtle Beach International",47,5,3.15,0
2019,12,AA,American Airlines Inc.,OAK,"Oakland, CA: Metropolitan Oakland International",86,12,4.24,0
2019,12,AA,American Airlines Inc.,OGG,"Kahului, HI: Kahului Airport",198,43,18.59,0
2019,12,AA,American Airlines Inc.,OKC,"Oklahoma City, OK: Will Rogers World",131,22,10.75,0.44
2019,12,AA,American Airlines Inc.,OMA,"Omaha, NE: Eppley Airfield",166,24,6.16,0.95
2019,12,AA,American Airlines Inc.,ONT,"Ontario, CA: Ontario International",312,63,28.8,1.58
2019,12,AA,American Airlines Inc.,ORD,"Chicago, IL: Chicago O'Hare International",5349,878,229.62,11.55
2019,12,AA,American Airlines Inc.,ORF,"Norfolk, VA: Norfolk International",147,20,9.02,0
2019,12,AA,American Airlines Inc.,PBI,"West Palm Beach/Palm Beach, FL: Palm Beach International",500,99,34.7,3.25
2019,12,AA,American Airlines Inc.,PDX,"Portland, OR: Portland International",276,54,21.38,1.12
2019,12,AA,American Airlines Inc.,PHL,"Philadelphia, PA: Philadelphia International",3649,781,186.3,20.26
2019,12,AA,American Airlines Inc.,PHX,"Phoenix, AZ: Phoenix Sky Harbor International",5226,907,274.22,18.15
2019,12,AA,American Airlines Inc.,PIT,"Pittsburgh, PA: Pittsburgh International",539,91,36.79,2.02
2019,12,AA,American Airlines Inc.,PNS,"Pensacola, FL: Pensacola International",54,9,5.69,0
2019,12,AA,American Airlines Inc.,PSP,"Palm Springs, CA: Palm Springs International",133,21,6.74,0.53
2019,12,AA,American Airlines Inc.,PVD,"Providence, RI: Theodore Francis Green State",159,22,9.01,0
2019,12,AA,American Airlines Inc.,PWM,"Portland, ME: Portland International Jetport",73,9,1.97,0.7
2019,12,AA,American Airlines Inc.,RDU,"Raleigh/Durham, NC: Raleigh-Durham International",984,151,54.01,3.42
2019,12,AA,American Airlines Inc.,RIC,"Richmond, VA: Richmond International",213,38,14.76,0
2019,12,AA,American Airlines Inc.,RNO,"Reno, NV: Reno/Tahoe International",198,32,12.03,0
2019,12,AA,American Airlines Inc.,RSW,"Fort Myers, FL: Southwest Florida International",514,90,35.92,3.88
2019,12,AA,American Airlines Inc.,SAN,"San Diego, CA: San Diego International",769,138,50.07,4.87
2019,12,AA,American Airlines Inc.,SAT,"San Antonio, TX: San Antonio International",705,109,54.59,2.71
2019,12,AA,American Airlines Inc.,SAV,"Savannah, GA: Savannah/Hilton Head International",95,13,6.2,0.27
2019,12,AA,American Airlines Inc.,SBA,"Santa Barbara, CA: Santa Barbara Municipal",43,3,0.14,0
2019,12,AA,American Airlines Inc.,SDF,"Louisville, KY: Louisville Muhammad Ali International",28,12,4.22,0
2019,12,AA,American Airlines Inc.,SEA,"Seattle, WA: Seattle/Tacoma International",574,108,43.93,1.52
2019,12,AA,American Airlines Inc.,SFO,"San Francisco, CA: San Francisco International",1149,409,73.19,3.92
2019,12,AA,American Airlines Inc.,SJC,"San Jose, CA: Norman Y. Mineta San Jose International",278,58,23.54,0.24
2019,12,AA,American Airlines Inc.,SJU,"San Juan, PR: Luis Munoz Marin International",335,65,33.27,0.67
2019,12,AA,American Airlines Inc.,SLC,"Salt Lake City, UT: Salt Lake City International",383,72,32.61,1.93
2019,12,AA,American Airlines Inc.,SMF,"Sacramento, CA: Sacramento International",351,52,20.53,1.52
2019,12,AA,American Airlines Inc.,SNA,"Santa Ana, CA: John Wayne Airport-Orange County",524,81,32.72,4.02
2019,12,AA,American Airlines Inc.,SRQ,"Sarasota/Bradenton, FL: Sarasota/Bradenton International",82,11,5.61,0.69
2019,12,AA,American Airlines Inc.,STL,"St. Louis, MO: St Louis Lambert International",612,104,40.83,3.18
2019,12,AA,American Airlines Inc.,STT,"Charlotte Amalie, VI: Cyril E King",123,20,10.47,0
2019,12,AA,American Airlines Inc.,STX,"Christiansted, VI: Henry E. Rohlsen",62,7,3.81,0
2019,12,AA,American Airlines Inc.,SYR,"Syracuse, NY: Syracuse Hancock International",99,18,8.85,0.39
2019,12,AA,American Airlines Inc.,TPA,"Tampa, FL: Tampa International",1131,181,69.72,5.58
2019,12,AA,American Airlines Inc.,TUL,"Tulsa, OK: Tulsa International",225,51,28.27,0.93
2019,12,AA,American Airlines Inc.,TUS,"Tucson, AZ: Tucson International",320,79,46.14,1.61
2019,12,AA,American Airlines Inc.,VPS,"Valparaiso, FL: Eglin AFB Destin Fort Walton Beach",52,7,2.79,0
2019,12,AA,American Airlines Inc.,XNA,"Fayetteville, AR: Northwest Arkansas Regional",26,6,1.41,0
2019,12,AS,Alaska Airlines Inc.,ABQ,"Albuquerque, NM: Albuquerque International Sunport",31,14,5.52,0
2019,12,AS,Alaska Airlines Inc.,ADK,"Adak Island, AK: Adak",8,1,0,0
2019,12,AS,Alaska Airlines Inc.,ADQ,"Kodiak, AK: Kodiak Airport",54,7,4.41,0.01
2019,12,AS,Alaska Airlines Inc.,ANC,"Anchorage, AK: Ted Stevens Anchorage International",1223,233,69.34,6.97
2019,12,AS,Alaska Airlines Inc.,ATL,"Atlanta, GA: Hartsfield-Jackson Atlanta International",62,6,3,0
2019,12,AS,Alaska Airlines Inc.,AUS,"Austin, TX: Austin - Bergstrom International",237,59,16.47,0
2019,12,AS,Alaska Airlines Inc.,BET,"Bethel, AK: Bethel Airport",68,10,5.87,0.94
2019,12,AS,Alaska Airlines Inc.,BNA,"Nashville, TN: Nashville International",61,29,16.06,0
2019,12,AS,Alaska Airlines Inc.,BOI,"Boise, ID: Boise Air Terminal",55,16,6.95,0
2019,12,AS,Alaska Airlines Inc.,BOS,"Boston, MA: Logan International",215,69,11.96,2.28
2019,12,AS,Alaska Airlines Inc.,BRW,"Barrow, AK: Wiley Post/Will Rogers Memorial",62,8,1,0
2019,12,AS,Alaska Airlines Inc.,BUR,"Burbank, CA: Bob Hope",153,45,17.76,0
2019,12,AS,Alaska Airlines Inc.,BWI,"Baltimore, MD: Baltimore/Washington International Thurgood Marshall",60,18,6.07,0
2019,12,AS,Alaska Airlines Inc.,CDV,"Cordova, AK: Merle K Mudhole Smith",60,12,4.33,1.95
2019,12,AS,Alaska Airlines Inc.,CHS,"Charleston, SC: Charleston AFB/International",27,4,1.44,0
2019,12,AS,Alaska Airlines Inc.,CMH,"Columbus, OH: John Glenn Columbus International",31,16,7.26,0
2019,12,AS,Alaska Airlines Inc.,DCA,"Washington, DC: Ronald Reagan Washington National",155,46,22.32,0
2019,12,AS,Alaska Airlines Inc.,DEN,"Denver, CO: Denver International",164,52,19.83,0.08
2019,12,AS,Alaska Airlines Inc.,DFW,"Dallas/Fort Worth, TX: Dallas/Fort Worth International",122,22,8.02,0
2019,12,AS,Alaska Airlines Inc.,DTW,"Detroit, MI: Detroit Metro Wayne County",31,6,3.62,0
2019,12,AS,Alaska Airlines Inc.,EWR,"Newark, NJ: Newark Liberty International",338,111,18.84,2.79
2019,12,AS,Alaska Airlines Inc.,FAI,"Fairbanks, AK: Fairbanks International",315,60,23.92,0
2019,12,AS,Alaska Airlines Inc.,FLL,"Fort Lauderdale, FL: Fort Lauderdale-Hollywood International",152,44,13.59,0
2019,12,AS,Alaska Airlines Inc.,GEG,"Spokane, WA: Spokane International",153,52,15.57,0
2019,12,AS,Alaska Airlines Inc.,HNL,"Honolulu, HI: Daniel K Inouye International",294,71,22.57,1.54
2019,12,AS,Alaska Airlines Inc.,IAD,"Washington, DC: Washington Dulles International",146,39,16.41,0
2019,12,AS,Alaska Airlines Inc.,IAH,"Houston, TX: George Bush Intercontinental/Houston",62,12,4.31,0
2019,12,AS,Alaska Airlines Inc.,IND,"Indianapolis, IN: Indianapolis International",31,13,5.47,0
2019,12,AS,Alaska Airlines Inc.,JFK,"New York, NY: John F. Kennedy International",427,114,32.23,1.36
2019,12,AS,Alaska Airlines Inc.,JNU,"Juneau, AK: Juneau International",354,62,21.77,0.85
2019,12,AS,Alaska Airlines Inc.,KOA,"Kona, HI: Ellison Onizuka Kona International at Keahole",220,41,9.62,1.16
2019,12,AS,Alaska Airlines Inc.,KTN,"Ketchikan, AK: Ketchikan International",179,26,10.26,0
2019,12,AS,Alaska Airlines Inc.,LAS,"Las Vegas, NV: McCarran International",657,188,48.87,0.69
2019,12,AS,Alaska Airlines Inc.,LAX,"Los Angeles, CA: Los Angeles International",1588,420,96.83,6.47
2019,12,AS,Alaska Airlines Inc.,LIH,"Lihue, HI: Lihue Airport",163,33,9.37,0.55
2019,12,AS,Alaska Airlines Inc.,MCI,"Kansas City, MO: Kansas City International",62,18,4.1,0
2019,12,AS,Alaska Airlines Inc.,MCO,"Orlando, FL: Orlando International",146,29,5.91,0
2019,12,AS,Alaska Airlines Inc.,MKE,"Milwaukee, WI: General Mitchell International",31,5,0.02,0
2019,12,AS,Alaska Airlines Inc.,MSP,"Minneapolis, MN: Minneapolis-St Paul International",91,21,7.76,0
2019,12,AS,Alaska Airlines Inc.,MSY,"New Orleans, LA: Louis Armstrong New Orleans International",93,30,5.41,0
2019,12,AS,Alaska Airlines Inc.,OAK,"Oakland, CA: Metropolitan Oakland International",204,43,8.18,0
2019,12,AS,Alaska Airlines Inc.,OGG,"Kahului, HI: Kahului Airport",371,84,21.84,0
2019,12,AS,Alaska Airlines Inc.,OKC,"Oklahoma City, OK: Will Rogers World",31,11,4.71,0
2019,12,AS,Alaska Airlines Inc.,OMA,"Omaha, NE: Eppley Airfield",31,7,1.19,0
2019,12,AS,Alaska Airlines Inc.,OME,"Nome, AK: Nome Airport",60,4,0,0.18
2019,12,AS,Alaska Airlines Inc.,ONT,"Ontario, CA: Ontario International",155,28,13.16,0
2019,12,AS,Alaska Airlines Inc.,ORD,"Chicago, IL: Chicago O'Hare International",273,81,28.39,0
2019,12,AS,Alaska Airlines Inc.,OTZ,"Kotzebue, AK: Ralph Wien Memorial",60,4,2,1
2019,12,AS,Alaska Airlines Inc.,PDX,"Portland, OR: Portland International",1661,323,80.31,3.48
2019,12,AS,Alaska Airlines Inc.,PHL,"Philadelphia, PA: Philadelphia International",62,13,4.85,0
2019,12,AS,Alaska Airlines Inc.,PHX,"Phoenix, AZ: Phoenix Sky Harbor International",260,73,24.03,0
2019,12,AS,Alaska Airlines Inc.,PIT,"Pittsburgh, PA: Pittsburgh International",31,7,5.63,0
2019,12,AS,Alaska Airlines Inc.,PSG,"Petersburg, AK: Petersburg James A Johnson",60,12,3.8,0
2019,12,AS,Alaska Airlines Inc.,PSP,"Palm Springs, CA: Palm Springs International",181,49,9.96,0
2019,12,AS,Alaska Airlines Inc.,RDU,"Raleigh/Durham, NC: Raleigh-Durham International",31,8,1.98,1
2019,12,AS,Alaska Airlines Inc.,RNO,"Reno, NV: Reno/Tahoe International",31,8,3.94,0
2019,12,AS,Alaska Airlines Inc.,SAN,"San Diego, CA: San Diego International",747,193,41.48,0.32
2019,12,AS,Alaska Airlines Inc.,SAT,"San Antonio, TX: San Antonio International",62,15,4.78,0
2019,12,AS,Alaska Airlines Inc.,SBA,"Santa Barbara, CA: Santa Barbara Municipal",31,8,3.22,0
2019,12,AS,Alaska Airlines Inc.,SCC,"Deadhorse, AK: Deadhorse Airport",84,10,4.94,0
2019,12,AS,Alaska Airlines Inc.,SEA,"Seattle, WA: Seattle/Tacoma International",5754,1451,272.69,17.24
2019,12,AS,Alaska Airlines Inc.,SFO,"San Francisco, CA: San Francisco International",1808,601,89.23,3.58
2019,12,AS,Alaska Airlines Inc.,SIT,"Sitka, AK: Sitka Rocky Gutierrez",89,15,7.16,0
2019,12,AS,Alaska Airlines Inc.,SJC,"San Jose, CA: Norman Y. Mineta San Jose International",609,155,47.35,0.88
2019,12,AS,Alaska Airlines Inc.,SLC,"Salt Lake City, UT: Salt Lake City International",60,15,5.24,0
2019,12,AS,Alaska Airlines Inc.,SMF,"Sacramento, CA: Sacramento International",234,47,13.97,0
2019,12,AS,Alaska Airlines Inc.,SNA,"Santa Ana, CA: John Wayne Airport-Orange County",372,74,18.23,2.05
2019,12,AS,Alaska Airlines Inc.,STL,"St. Louis, MO: St Louis Lambert International",62,16,5.13,0
2019,12,AS,Alaska Airlines Inc.,TPA,"Tampa, FL: Tampa International",47,15,6.6,0
2019,12,AS,Alaska Airlines Inc.,TUS,"Tucson, AZ: Tucson International",31,9,3.86,0
2019,12,AS,Alaska Airlines Inc.,WRG,"Wrangell, AK: Wrangell Airport",60,16,4.53,0.6
2019,12,AS,Alaska Airlines Inc.,YAK,"Yakutat, AK: Yakutat Airport",60,12,1,0.89
2019,12,B6,JetBlue Airways,ABQ,"Albuquerque, NM: Albuquerque International Sunport",27,7,2.69,0
2019,12,B6,JetBlue Airways,ALB,"Albany, NY: Albany International",62,13,4.95,0
2019,12,B6,JetBlue Airways,ATL,"Atlanta, GA: Hartsfield-Jackson Atlanta International",278,96,45.28,0.24
2019,12,B6,JetBlue Airways,AUS,"Austin, TX: Austin - Bergstrom International",202,63,27.37,0.72
2019,12,B6,JetBlue Airways,BDL,"Hartford, CT: Bradley International",281,105,31.86,0.25
2019,12,B6,JetBlue Airways,BNA,"Nashville, TN: Nashville International",92,31,10.26,0.01
2019,12,B6,JetBlue Airways,BOS,"Boston, MA: Logan International",4494,1472,328.55,9.32
2019,12,B6,JetBlue Airways,BQN,"Aguadilla, PR: Rafael Hernandez",134,40,16.29,0.5
2019,12,B6,JetBlue Airways,BTV,"Burlington, VT: Burlington International",93,39,18.8,0.7
2019,12,B6,JetBlue Airways,BUF,"Buffalo, NY: Buffalo Niagara International",359,113,48.55,2.66
2019,12,B6,JetBlue Airways,BUR,"Burbank, CA: Bob Hope",70,21,7.88,0
2019,12,B6,JetBlue Airways,BWI,"Baltimore, MD: Baltimore/Washington International Thurgood Marshall",111,38,21.61,0
2019,12,B6,JetBlue Airways,BZN,"Bozeman, MT: Bozeman Yellowstone International",6,1,0,0
2019,12,B6,JetBlue Airways,CHS,"Charleston, SC: Charleston AFB/International",148,38,17.78,1.77
2019,12,B6,JetBlue Airways,CLE,"Cleveland, OH: Cleveland-Hopkins International",130,44,21.58,0
2019,12,B6,JetBlue Airways,CLT,"Charlotte, NC: Charlotte Douglas International",116,37,15.53,0.25
2019,12,B6,JetBlue Airways,DCA,"Washington, DC: Ronald Reagan Washington National",825,256,95.14,2.95
2019,12,B6,JetBlue Airways,DEN,"Denver, CO: Denver International",84,27,9.89,0.66
2019,12,B6,JetBlue Airways,DFW,"Dallas/Fort Worth, TX: Dallas/Fort Worth International",45,16,6.14,0
2019,12,B6,JetBlue Airways,DTW,"Detroit, MI: Detroit Metro Wayne County",98,28,11.79,0
2019,12,B6,JetBlue Airways,EWR,"Newark, NJ: Newark Liberty International",877,391,76.33,3.21
2019,12,B6,JetBlue Airways,FLL,"Fort Lauderdale, FL: Fort Lauderdale-Hollywood International",2236,779,281.06,11.52
2019,12,B6,JetBlue Airways,HDN,"Hayden, CO: Yampa Valley",10,2,0.35,0
2019,12,B6,JetBlue Airways,HPN,"White Plains, NY: Westchester County",370,139,63.42,0
2019,12,B6,JetBlue Airways,IAH,"Houston, TX: George Bush Intercontinental/Houston",62,22,8.79,0.73
2019,12,B6,JetBlue Airways,JAX,"Jacksonville, FL: Jacksonville International",268,83,40.43,0
2019,12,B6,JetBlue Airways,JFK,"New York, NY: John F. Kennedy International",3462,1048,340.45,6.8
2019,12,B6,JetBlue Airways,LAS,"Las Vegas, NV: McCarran International",337,103,38.87,1.8
2019,12,B6,JetBlue Airways,LAX,"Los Angeles, CA: Los Angeles International",617,225,64.36,2.01
2019,12,B6,JetBlue Airways,LGA,"New York, NY: LaGuardia",470,162,41.22,1.69
2019,12,B6,JetBlue Airways,LGB,"Long Beach, CA: Long Beach Airport",678,198,60.7,0
2019,12,B6,JetBlue Airways,MCO,"Orlando, FL: Orlando International",1800,536,182.17,4.05
2019,12,B6,JetBlue Airways,MSP,"Minneapolis, MN: Minneapolis-St Paul International",77,24,4.27,0
2019,12,B6,JetBlue Airways,MSY,"New Orleans, LA: Louis Armstrong New Orleans International",139,33,13.03,0
2019,12,B6,JetBlue Airways,OAK,"Oakland, CA: Metropolitan Oakland International",88,17,6.44,0
2019,12,B6,JetBlue Airways,ONT,"Ontario, CA: Ontario International",31,8,3.45,0
2019,12,B6,JetBlue Airways,ORD,"Chicago, IL: Chicago O'Hare International",189,71,27.39,1.77
2019,12,B6,JetBlue Airways,ORH,"Worcester, MA: Worcester Regional",93,30,11.87,0
2019,12,B6,JetBlue Airways,PBI,"West Palm Beach/Palm Beach, FL: Palm Beach International",807,266,99.58,4.83
2019,12,B6,JetBlue Airways,PDX,"Portland, OR: Portland International",57,17,5.53,0.39
2019,12,B6,JetBlue Airways,PHL,"Philadelphia, PA: Philadelphia International",276,88,30.5,0.78
2019,12,B6,JetBlue Airways,PHX,"Phoenix, AZ: Phoenix Sky Harbor International",93,29,16.42,0.69
2019,12,B6,JetBlue Airways,PIT,"Pittsburgh, PA: Pittsburgh International",135,39,19.87,0.48
2019,12,B6,JetBlue Airways,PSE,"Ponce, PR: Mercedita",87,33,10.38,0.17
2019,12,B6,JetBlue Airways,PSP,"Palm Springs, CA: Palm Springs International",24,2,0.73,0
2019,12,B6,JetBlue Airways,PVD,"Providence, RI: Theodore Francis Green State",124,20,8.83,0
2019,12,B6,JetBlue Airways,RDU,"Raleigh/Durham, NC: Raleigh-Durham International",269,91,46.09,0.91
2019,12,B6,JetBlue Airways,RIC,"Richmond, VA: Richmond International",226,69,35.7,0
2019,12,B6,JetBlue Airways,RNO,"Reno, NV: Reno/Tahoe International",52,12,6.65,0
2019,12,B6,JetBlue Airways,ROC,"Rochester, NY: Greater Rochester International",124,37,13.38,0.89
2019,12,B6,JetBlue Airways,RSW,"Fort Myers, FL: Southwest Florida International",449,124,46.9,1.21
2019,12,B6,JetBlue Airways,SAN,"San Diego, CA: San Diego International",172,45,16.72,0
2019,12,B6,JetBlue Airways,SAV,"Savannah, GA: Savannah/Hilton Head International",106,25,11.25,0
2019,12,B6,JetBlue Airways,SEA,"Seattle, WA: Seattle/Tacoma International",166,51,19.42,0.19
2019,12,B6,JetBlue Airways,SFO,"San Francisco, CA: San Francisco International",426,135,21.96,1.89
2019,12,B6,JetBlue Airways,SJC,"San Jose, CA: Norman Y. Mineta San Jose International",102,21,9.22,0
2019,12,B6,JetBlue Airways,SJU,"San Juan, PR: Luis Munoz Marin International",954,334,154.36,2.63
2019,12,B6,JetBlue Airways,SLC,"Salt Lake City, UT: Salt Lake City International",235,71,39.22,0.99
2019,12,B6,JetBlue Airways,SMF,"Sacramento, CA: Sacramento International",92,20,8.73,0.59
2019,12,B6,JetBlue Airways,SRQ,"Sarasota/Bradenton, FL: Sarasota/Bradenton International",64,15,6.78,0
2019,12,B6,JetBlue Airways,STT,"Charlotte Amalie, VI: Cyril E King",65,20,7.37,0
2019,12,B6,JetBlue Airways,SWF,"Newburgh/Poughkeepsie, NY: New York Stewart International",62,26,15.46,0
2019,12,B6,JetBlue Airways,SYR,"Syracuse, NY: Syracuse Hancock International",124,38,21.91,0
2019,12,B6,JetBlue Airways,TPA,"Tampa, FL: Tampa International",467,147,66.95,0.29
2019,12,DL,Delta Air Lines Inc.,ABE,"Allentown/Bethlehem/Easton, PA: Lehigh Valley International",20,1,0.08,0
2019,12,DL,Delta Air Lines Inc.,ABQ,"Albuquerque, NM: Albuquerque International Sunport",92,21,10.87,0
2019,12,DL,Delta Air Lines Inc.,AGS,"Augusta, GA: Augusta Regional at Bush Field",44,0,0,0
2019,12,DL,Delta Air Lines Inc.,ALB,"Albany, NY: Albany International",103,29,12.82,3.37
2019,12,DL,Delta Air Lines Inc.,ANC,"Anchorage, AK: Ted Stevens Anchorage International",111,16,7.5,0
2019,12,DL,Delta Air Lines Inc.,ATL,"Atlanta, GA: Hartsfield-Jackson Atlanta International",19713,2289,685.74,89.42
2019,12,DL,Delta Air Lines Inc.,ATW,"Appleton, WI: Appleton International",31,5,2.8,1.36
2019,12,DL,Delta Air Lines Inc.,AUS,"Austin, TX: Austin - Bergstrom International",681,117,48.85,2.01
2019,12,DL,Delta Air Lines Inc.,AVL,"Asheville, NC: Asheville Regional",40,1,1,0
2019,12,DL,Delta Air Lines Inc.,AVP,"Scranton/Wilkes-Barre, PA: Wilkes Barre Scranton International",29,1,1,0
2019,12,DL,Delta Air Lines Inc.,BDL,"Hartford, CT: Bradley International",391,51,19.84,3.36
2019,12,DL,Delta Air Lines Inc.,BHM,"Birmingham, AL: Birmingham-Shuttlesworth International",246,21,11.07,1.32
2019,12,DL,Delta Air Lines Inc.,BIL,"Billings, MT: Billings Logan International",61,6,4.04,0.99
2019,12,DL,Delta Air Lines Inc.,BIS,"Bismarck/Mandan, ND: Bismarck Municipal",31,4,0.89,0.95
2019,12,DL,Delta Air Lines Inc.,BNA,"Nashville, TN: Nashville International",616,79,29.87,2.98
2019,12,DL,Delta Air Lines Inc.,BOI,"Boise, ID: Boise Air Terminal",92,18,6.59,2.83
2019,12,DL,Delta Air Lines Inc.,BOS,"Boston, MA: Logan International",1549,422,72.21,12.94
2019,12,DL,Delta Air Lines Inc.,BTV,"Burlington, VT: Burlington International",2,0,0,0
2019,12,DL,Delta Air Lines Inc.,BUF,"Buffalo, NY: Buffalo Niagara International",154,17,10.44,2.12
2019,12,DL,Delta Air Lines Inc.,BUR,"Burbank, CA: Bob Hope",55,25,2.19,0
2019,12,DL,Delta Air Lines Inc.,BWI,"Baltimore, MD: Baltimore/Washington International Thurgood Marshall",550,63,19.61,1.56
2019,12,DL,Delta Air Lines Inc.,BZN,"Bozeman, MT: Bozeman Yellowstone International",134,24,11.2,2
2019,12,DL,Delta Air Lines Inc.,CAE,"Columbia, SC: Columbia Metropolitan",152,18,11.67,0
2019,12,DL,Delta Air Lines Inc.,CAK,"Akron, OH: Akron-Canton Regional",20,2,0.13,0
2019,12,DL,Delta Air Lines Inc.,CHA,"Chattanooga, TN: Lovell Field",70,6,3.7,0
2019,12,DL,Delta Air Lines Inc.,CHO,"Charlottesville, VA: Charlottesville Albemarle",32,3,3,0
2019,12,DL,Delta Air Lines Inc.,CHS,"Charleston, SC: Charleston AFB/International",317,27,13.39,2.13
2019,12,DL,Delta Air Lines Inc.,CID,"Cedar Rapids/Iowa City, IA: The Eastern Iowa",11,3,1.5,0
2019,12,DL,Delta Air Lines Inc.,CLE,"Cleveland, OH: Cleveland-Hopkins International",274,36,16.8,1.39
2019,12,DL,Delta Air Lines Inc.,CLT,"Charlotte, NC: Charlotte Douglas International",608,84,29.62,2.11
2019,12,DL,Delta Air Lines Inc.,CMH,"Columbus, OH: John Glenn Columbus International",322,32,12.32,1.53
2019,12,DL,Delta Air Lines Inc.,COS,"Colorado Springs, CO: City of Colorado Springs Municipal",29,6,3.18,0.67
2019,12,DL,Delta Air Lines Inc.,CRW,"Charleston/Dunbar, WV: Yeager",32,1,0.36,0
2019,12,DL,Delta Air Lines Inc.,CVG,"Cincinnati, OH: Cincinnati/Northern Kentucky International",796,96,24.7,6.5
2019,12,DL,Delta Air Lines Inc.,DAB,"Daytona Beach, FL: Daytona Beach International",145,13,8.02,1
2019,12,DL,Delta Air Lines Inc.,DAL,"Dallas, TX: Dallas Love Field",137,20,9.73,1
2019,12,DL,Delta Air Lines Inc.,DAY,"Dayton, OH: James M Cox/Dayton International",119,14,5.58,2.22
2019,12,DL,Delta Air Lines Inc.,DCA,"Washington, DC: Ronald Reagan Washington National",805,132,43.28,3.74
2019,12,DL,Delta Air Lines Inc.,DEN,"Denver, CO: Denver International",1016,172,60.72,5.15
2019,12,DL,Delta Air Lines Inc.,DFW,"Dallas/Fort Worth, TX: Dallas/Fort Worth International",917,172,60.58,2.19
2019,12,DL,Delta Air Lines Inc.,DSM,"Des Moines, IA: Des Moines International",58,4,2.44,0.06
2019,12,DL,Delta Air Lines Inc.,DTW,"Detroit, MI: Detroit Metro Wayne County",4940,621,182.89,24.66
2019,12,DL,Delta Air Lines Inc.,ECP,"Panama City, FL: Northwest Florida Beaches International",149,14,8.23,0
2019,12,DL,Delta Air Lines Inc.,EGE,"Eagle, CO: Eagle County Regional",12,3,1.64,0
2019,12,DL,Delta Air Lines Inc.,ELP,"El Paso, TX: El Paso International",64,10,6,0
2019,12,DL,Delta Air Lines Inc.,EWR,"Newark, NJ: Newark Liberty International",444,153,20.08,1.01
2019,12,DL,Delta Air Lines Inc.,EYW,"Key West, FL: Key West International",104,7,1.91,0.07
2019,12,DL,Delta Air Lines Inc.,FAI,"Fairbanks, AK: Fairbanks International",31,2,0.49,0
2019,12,DL,Delta Air Lines Inc.,FAR,"Fargo, ND: Hector International",49,10,3.32,1.28
2019,12,DL,Delta Air Lines Inc.,FAY,"Fayetteville, NC: Fayetteville Regional/Grannis Field",31,4,1.8,1.14
2019,12,DL,Delta Air Lines Inc.,FCA,"Kalispell, MT: Glacier Park International",29,1,0.57,0
2019,12,DL,Delta Air Lines Inc.,FLL,"Fort Lauderdale, FL: Fort Lauderdale-Hollywood International",1020,200,59.18,11.14
2019,12,DL,Delta Air Lines Inc.,FNT,"Flint, MI: Bishop International",24,2,0.83,0
2019,12,DL,Delta Air Lines Inc.,FSD,"Sioux Falls, SD: Joe Foss Field",67,16,8.96,0.84
2019,12,DL,Delta Air Lines Inc.,GEG,"Spokane, WA: Spokane International",198,23,12.05,1.27
2019,12,DL,Delta Air Lines Inc.,GNV,"Gainesville, FL: Gainesville Regional",20,6,3.91,0
2019,12,DL,Delta Air Lines Inc.,GPT,"Gulfport/Biloxi, MS: Gulfport-Biloxi International",46,8,6.91,0
2019,12,DL,Delta Air Lines Inc.,GRB,"Green Bay, WI: Green Bay Austin Straubel International",30,2,1,0
2019,12,DL,Delta Air Lines Inc.,GRR,"Grand Rapids, MI: Gerald R. Ford International",225,29,14.46,1.23
2019,12,DL,Delta Air Lines Inc.,GSO,"Greensboro/High Point, NC: Piedmont Triad International",171,6,5.82,0
2019,12,DL,Delta Air Lines Inc.,GSP,"Greer, SC: Greenville-Spartanburg International",192,9,2.45,0.21
2019,12,DL,Delta Air Lines Inc.,HDN,"Hayden, CO: Yampa Valley",22,2,0.82,0
2019,12,DL,Delta Air Lines Inc.,HNL,"Honolulu, HI: Daniel K Inouye International",239,44,21.2,2.67
2019,12,DL,Delta Air Lines Inc.,HOU,"Houston, TX: William P Hobby",185,16,7.56,1.07
2019,12,DL,Delta Air Lines Inc.,HPN,"White Plains, NY: Westchester County",107,12,7.18,0
2019,12,DL,Delta Air Lines Inc.,HSV,"Huntsville, AL: Huntsville International-Carl T Jones Field",175,18,8.88,0.14
2019,12,DL,Delta Air Lines Inc.,IAD,"Washington, DC: Washington Dulles International",248,29,13.1,1.52
2019,12,DL,Delta Air Lines Inc.,IAH,"Houston, TX: George Bush Intercontinental/Houston",544,112,37.15,5.92
2019,12,DL,Delta Air Lines Inc.,ICT,"Wichita, KS: Wichita Dwight D Eisenhower National",86,2,1.49,0
2019,12,DL,Delta Air Lines Inc.,ILM,"Wilmington, NC: Wilmington International",32,7,3.4,0
2019,12,DL,Delta Air Lines Inc.,IND,"Indianapolis, IN: Indianapolis International",472,69,29.24,2.66
2019,12,DL,Delta Air Lines Inc.,JAC,"Jackson, WY: Jackson Hole",104,15,3.36,2
2019,12,DL,Delta Air Lines Inc.,JAN,"Jackson/Vicksburg, MS: Jackson Medgar Wiley Evers International",144,10,5.63,0.18
2019,12,DL,Delta Air Lines Inc.,JAX,"Jacksonville, FL: Jacksonville International",482,59,26.74,4.95
2019,12,DL,Delta Air Lines Inc.,JFK,"New York, NY: John F. Kennedy International",2786,529,140.26,10.2
2019,12,DL,Delta Air Lines Inc.,KOA,"Kona, HI: Ellison Onizuka Kona International at Keahole",53,7,2.64,0
2019,12,DL,Delta Air Lines Inc.,LAS,"Las Vegas, NV: McCarran International",1116,179,55.9,7.89
2019,12,DL,Delta Air Lines Inc.,LAX,"Los Angeles, CA: Los Angeles International",2973,681,162.28,20.35
2019,12,DL,Delta Air Lines Inc.,LEX,"Lexington, KY: Blue Grass",56,4,1.23,0.47
2019,12,DL,Delta Air Lines Inc.,LFT,"Lafayette, LA: Lafayette Regional Paul Fournet Field",18,1,1,0
2019,12,DL,Delta Air Lines Inc.,LGA,"New York, NY: LaGuardia",2499,616,102.23,11.22
2019,12,DL,Delta Air Lines Inc.,LGB,"Long Beach, CA: Long Beach Airport",20,3,1,0
2019,12,DL,Delta Air Lines Inc.,LIH,"Lihue, HI: Lihue Airport",44,7,2.45,0
2019,12,DL,Delta Air Lines Inc.,LIT,"Little Rock, AR: Bill and Hillary Clinton Nat Adams Field",151,14,8.37,0
2019,12,DL,Delta Air Lines Inc.,MCI,"Kansas City, MO: Kansas City International",585,62,23.24,2.04
2019,12,DL,Delta Air Lines Inc.,MCO,"Orlando, FL: Orlando International",1671,276,102.3,17.69
2019,12,DL,Delta Air Lines Inc.,MDT,"Harrisburg, PA: Harrisburg International",69,6,3.64,0
2019,12,DL,Delta Air Lines Inc.,MDW,"Chicago, IL: Chicago Midway International",168,11,6.31,0
2019,12,DL,Delta Air Lines Inc.,MEM,"Memphis, TN: Memphis International",369,49,24.35,0.58
2019,12,DL,Delta Air Lines Inc.,MHT,"Manchester, NH: Manchester-Boston Regional",1,0,0,0
2019,12,DL,Delta Air Lines Inc.,MIA,"Miami, FL: Miami International",782,146,53.74,4.76
2019,12,DL,Delta Air Lines Inc.,MKE,"Milwaukee, WI: General Mitchell International",410,44,15.26,0.5
2019,12,DL,Delta Air Lines Inc.,MLB,"Melbourne, FL: Melbourne International",119,13,5.92,0.96
2019,12,DL,Delta Air Lines Inc.,MOB,"Mobile, AL: Mobile Regional",20,5,1.92,0
2019,12,DL,Delta Air Lines Inc.,MSN,"Madison, WI: Dane County Regional-Truax Field",108,12,7.05,0.04
2019,12,DL,Delta Air Lines Inc.,MSO,"Missoula, MT: Missoula International",68,12,8.35,1
2019,12,DL,Delta Air Lines Inc.,MSP,"Minneapolis, MN: Minneapolis-St Paul International",5532,849,215.86,41.58
2019,12,DL,Delta Air Lines Inc.,MSY,"New Orleans, LA: Louis Armstrong New Orleans International",673,97,33.3,3.6
2019,12,DL,Delta Air Lines Inc.,MTJ,"Montrose/Delta, CO: Montrose Regional",10,0,0,0
2019,12,DL,Delta Air Lines Inc.,MYR,"Myrtle Beach, SC: Myrtle Beach International",74,8,2.54,1.72
2019,12,DL,Delta Air Lines Inc.,OAK,"Oakland, CA: Metropolitan Oakland International",53,4,0.36,0.01
2019,12,DL,Delta Air Lines Inc.,OGG,"Kahului, HI: Kahului Airport",101,23,9.01,0
2019,12,DL,Delta Air Lines Inc.,OKC,"Oklahoma City, OK: Will Rogers World",166,11,5.13,0.56
2019,12,DL,Delta Air Lines Inc.,OMA,"Omaha, NE: Eppley Airfield",140,12,8.67,0.53
2019,12,DL,Delta Air Lines Inc.,ONT,"Ontario, CA: Ontario International",80,18,3.56,0
2019,12,DL,Delta Air Lines Inc.,ORD,"Chicago, IL: Chicago O'Hare International",1089,185,57.5,3.48
2019,12,DL,Delta Air Lines Inc.,ORF,"Norfolk, VA: Norfolk International",244,28,13.85,1.84
2019,12,DL,Delta Air Lines Inc.,PBI,"West Palm Beach/Palm Beach, FL: Palm Beach International",544,78,36.55,2.37
2019,12,DL,Delta Air Lines Inc.,PDX,"Portland, OR: Portland International",633,80,27.67,1.43
2019,12,DL,Delta Air Lines Inc.,PHF,"Newport News/Williamsburg, VA: Newport News/Williamsburg International",20,1,0.31,0
2019,12,DL,Delta Air Lines Inc.,PHL,"Philadelphia, PA: Philadelphia International",513,107,37.95,1.24
2019,12,DL,Delta Air Lines Inc.,PHX,"Phoenix, AZ: Phoenix Sky Harbor International",769,140,45.64,2.55
2019,12,DL,Delta Air Lines Inc.,PIT,"Pittsburgh, PA: Pittsburgh International",309,36,17.91,1
2019,12,DL,Delta Air Lines Inc.,PNS,"Pensacola, FL: Pensacola International",230,31,13.1,2.45
2019,12,DL,Delta Air Lines Inc.,PSP,"Palm Springs, CA: Palm Springs International",38,10,1.28,0
2019,12,DL,Delta Air Lines Inc.,PVD,"Providence, RI: Theodore Francis Green State",94,13,5.88,1.11
2019,12,DL,Delta Air Lines Inc.,PWM,"Portland, ME: Portland International Jetport",29,8,4.23,0.5
2019,12,DL,Delta Air Lines Inc.,RAP,"Rapid City, SD: Rapid City Regional",18,4,0.78,0
2019,12,DL,Delta Air Lines Inc.,RDU,"Raleigh/Durham, NC: Raleigh-Durham International",816,124,49.81,5.65
2019,12,DL,Delta Air Lines Inc.,RIC,"Richmond, VA: Richmond International",224,18,7.23,0.94
2019,12,DL,Delta Air Lines Inc.,RNO,"Reno, NV: Reno/Tahoe International",61,7,1.84,0.48
2019,12,DL,Delta Air Lines Inc.,ROA,"Roanoke, VA: Roanoke Blacksburg Regional Woodrum Field",33,1,0,0.42
2019,12,DL,Delta Air Lines Inc.,ROC,"Rochester, NY: Greater Rochester International",88,7,1.85,0.65
2019,12,DL,Delta Air Lines Inc.,RSW,"Fort Myers, FL: Southwest Florida International",610,93,47.3,4.86
2019,12,DL,Delta Air Lines Inc.,SAN,"San Diego, CA: San Diego International",774,161,46.7,6.28
2019,12,DL,Delta Air Lines Inc.,SAT,"San Antonio, TX: San Antonio International",259,36,17.24,1.52
2019,12,DL,Delta Air Lines Inc.,SAV,"Savannah, GA: Savannah/Hilton Head International",255,20,13.06,1.43
2019,12,DL,Delta Air Lines Inc.,SDF,"Louisville, KY: Louisville Muhammad Ali International",235,19,10.14,0.79
2019,12,DL,Delta Air Lines Inc.,SEA,"Seattle, WA: Seattle/Tacoma International",2513,381,105.4,9.32
2019,12,DL,Delta Air Lines Inc.,SFO,"San Francisco, CA: San Francisco International",1234,406,53.52,14.82
2019,12,DL,Delta Air Lines Inc.,SJC,"San Jose, CA: Norman Y. Mineta San Jose International",361,65,17.71,2.63
2019,12,DL,Delta Air Lines Inc.,SJU,"San Juan, PR: Luis Munoz Marin International",223,39,18.39,0.97
2019,12,DL,Delta Air Lines Inc.,SLC,"Salt Lake City, UT: Salt Lake City International",3977,612,195.77,21
2019,12,DL,Delta Air Lines Inc.,SMF,"Sacramento, CA: Sacramento International",257,31,9.1,1.19
2019,12,DL,Delta Air Lines Inc.,SNA,"Santa Ana, CA: John Wayne Airport-Orange County",344,80,31.68,2.87
2019,12,DL,Delta Air Lines Inc.,SRQ,"Sarasota/Bradenton, FL: Sarasota/Bradenton International",197,41,18.29,2.06
2019,12,DL,Delta Air Lines Inc.,STL,"St. Louis, MO: St Louis Lambert International",496,65,25.14,1.01
2019,12,DL,Delta Air Lines Inc.,STT,"Charlotte Amalie, VI: Cyril E King",66,4,1.38,0.11
2019,12,DL,Delta Air Lines Inc.,STX,"Christiansted, VI: Henry E. Rohlsen",12,2,2,0
2019,12,DL,Delta Air Lines Inc.,SYR,"Syracuse, NY: Syracuse Hancock International",107,12,4.57,0.92
2019,12,DL,Delta Air Lines Inc.,TLH,"Tallahassee, FL: Tallahassee International",131,17,8.66,2.22
2019,12,DL,Delta Air Lines Inc.,TPA,"Tampa, FL: Tampa International",1053,169,68.72,11.2
2019,12,DL,Delta Air Lines Inc.,TRI,"Bristol/Johnson City/Kingsport, TN: Tri Cities",21,1,0.3,0
2019,12,DL,Delta Air Lines Inc.,TUL,"Tulsa, OK: Tulsa International",86,3,1.17,0.7
2019,12,DL,Delta Air Lines Inc.,TUS,"Tucson, AZ: Tucson International",90,20,6.95,1.62
2019,12,DL,Delta Air Lines Inc.,TYS,"Knoxville, TN: McGhee Tyson",77,6,5.53,0
2019,12,DL,Delta Air Lines Inc.,VPS,"Valparaiso, FL: Eglin AFB Destin Fort Walton Beach",152,11,7.06,0.48
2019,12,DL,Delta Air Lines Inc.,XNA,"Fayetteville, AR: Northwest Arkansas Regional",36,1,1,0
2019,12,EV,ExpressJet Airlines LLC,ABQ,"Albuquerque, NM: Albuquerque International Sunport",44,12,6.04,0.92
2019,12,EV,ExpressJet Airlines LLC,AEX,"Alexandria, LA: Alexandria International",75,9,2.38,1
2019,12,EV,ExpressJet Airlines LLC,ALB,"Albany, NY: Albany International",16,12,4.23,0
2019,12,EV,ExpressJet Airlines LLC,AMA,"Amarillo, TX: Rick Husband Amarillo International",56,8,2.2,1
2019,12,EV,ExpressJet Airlines LLC,ATL,"Atlanta, GA: Hartsfield-Jackson Atlanta International",76,17,7.51,0.24
2019,12,EV,ExpressJet Airlines LLC,AUS,"Austin, TX: Austin - Bergstrom International",7,1,0,0.48
2019,12,EV,ExpressJet Airlines LLC,AVL,"Asheville, NC: Asheville Regional",12,1,0,0
2019,12,EV,ExpressJet Airlines LLC,AZO,"Kalamazoo, MI: Kalamazoo/Battle Creek International",9,1,0.87,0
